actual_price,predicted_price,residual
90,225.57869,-135.5786895751953
100,139.62938,-39.62937927246094
60,100.529526,-40.52952575683594
75,99.70447,-24.7044677734375
32,130.3303,-98.33030700683594
50,66.48106,-16.481056213378906
139,101.634125,37.365875244140625
139,171.9902,-32.990203857421875
180,196.04454,-16.044540405273438
100,57.570618,42.42938232421875
500,136.48842,363.51158142089844
575,324.99603,250.00396728515625
74,69.665436,4.334564208984375
95,56.798,38.20199966430664
49,58.42768,-9.427680969238281
39,65.82174,-26.821739196777344
800,227.37201,572.6279907226562
250,162.15909,87.84091186523438
110,131.9922,-21.992202758789062
60,66.971306,-6.971305847167969
249,274.4276,-25.4276123046875
110,234.73875,-124.73875427246094
35,76.6712,-41.67120361328125
220,213.7348,6.26519775390625
299,208.50064,90.49935913085938
150,129.32323,20.676773071289062
150,92.60752,57.392478942871094
35,45.43545,-10.43545150756836
195,193.01749,1.982513427734375
105,162.39256,-57.39256286621094
50,52.314114,-2.3141136169433594
180,147.69096,32.30903625488281
57,71.45986,-14.459861755371094
200,254.69408,-54.69407653808594
46,100.72799,-54.727989196777344
225,261.782,-36.782012939453125
70,77.958565,-7.958564758300781
50,45.235786,4.764213562011719
145,236.01044,-91.01043701171875
200,233.8133,-33.81329345703125
89,97.129,-8.128997802734375
95,127.55052,-32.55052185058594
84,80.2941,3.705902099609375
225,169.94283,55.05717468261719
115,206.19151,-91.19151306152344
175,102.42699,72.57301330566406
85,62.61948,22.38051986694336
69,70.08883,-1.0888290405273438
55,70.15851,-15.15850830078125
70,64.06428,5.935722351074219
90,127.230515,-37.23051452636719
50,53.579414,-3.5794143676757812
75,76.93097,-1.93096923828125
44,60.0968,-16.0968017578125
300,212.58817,87.41183471679688
220,203.86928,16.130722045898438
350,157.71928,192.2807159423828
70,57.994106,12.00589370727539
60,113.20636,-53.20635986328125
80,93.44745,-13.44744873046875
225,192.33798,32.662017822265625
185,133.80933,51.190673828125
45,51.766132,-6.766132354736328
78,95.61956,-17.61956024169922
115,168.23022,-53.230224609375
250,224.50792,25.492080688476562
180,200.43172,-20.431716918945312
76,74.986046,1.0139541625976562
275,233.32152,41.67848205566406
250,256.99814,-6.998138427734375
120,149.31439,-29.31439208984375
250,177.65453,72.34547424316406
77,165.7491,-88.74909973144531
28,50.236153,-22.23615264892578
70,63.355923,6.644077301025391
133,260.03107,-127.03106689453125
50,63.24156,-13.241561889648438
195,281.18784,-86.18783569335938
250,220.66139,29.338607788085938
100,190.70189,-90.70188903808594
149,170.5732,-21.573196411132812
142,166.53871,-24.538711547851562
53,65.99772,-12.997718811035156
100,93.909935,6.090065002441406
85,90.126396,-5.126396179199219
40,71.8828,-31.882797241210938
227,223.5727,3.42730712890625
85,120.02168,-35.02168273925781
290,295.90762,-5.907623291015625
40,70.56204,-30.562042236328125
32,66.397835,-34.39783477783203
45,76.356125,-31.356124877929688
185,224.03995,-39.039947509765625
70,76.42612,-6.426116943359375
115,168.98431,-53.98431396484375
80,160.4225,-80.42250061035156
49,28.853935,20.14606475830078
180,138.66444,41.33555603027344
82,1289.673,-1207.6729736328125
55,51.838955,3.1610450744628906
100,57.48321,42.516788482666016
190,334.72498,-144.7249755859375
149,151.27737,-2.277374267578125
35,40.654236,-5.65423583984375
58,75.26909,-17.269088745117188
62,77.63148,-15.631477355957031
125,149.54361,-24.543609619140625
95,83.3012,11.698799133300781
200,168.11223,31.887771606445312
69,104.15355,-35.15354919433594
37,58.219204,-21.21920394897461
65,78.99122,-13.991218566894531
35,50.00236,-15.002361297607422
90,110.93374,-20.933738708496094
35,66.18985,-31.189849853515625
50,59.241306,-9.24130630493164
280,379.32486,-99.32485961914062
130,163.03403,-33.034027099609375
50,48.105385,1.8946151733398438
199,291.8748,-92.87478637695312
95,165.6803,-70.6802978515625
79,54.162384,24.837615966796875
182,169.28897,12.711029052734375
120,81.28885,38.711151123046875
75,134.89198,-59.89198303222656
75,97.666214,-22.666213989257812
89,112.157814,-23.157814025878906
500,192.03075,307.96925354003906
699,192.37846,506.6215362548828
300,162.43178,137.56822204589844
80,124.53685,-44.53684997558594
32,32.950565,-0.9505653381347656
150,156.17316,-6.17315673828125
200,114.519394,85.48060607910156
170,153.23117,16.768829345703125
150,110.46848,39.531517028808594
49,129.44142,-80.44142150878906
380,389.4438,-9.44378662109375
140,184.01526,-44.0152587890625
225,217.60588,7.3941192626953125
65,83.77176,-18.771759033203125
199,301.26932,-102.26931762695312
120,221.60558,-101.60557556152344
1000,318.39584,681.6041564941406
125,148.46565,-23.465652465820312
51,71.31352,-20.313522338867188
210,213.94972,-3.9497222900390625
150,169.2218,-19.2218017578125
170,212.5088,-42.50880432128906
150,149.22807,0.7719268798828125
75,88.38221,-13.382209777832031
60,94.333786,-34.33378601074219
189,185.75041,3.2495880126953125
160,203.21649,-43.21649169921875
80,54.389137,25.610862731933594
70,95.6319,-25.63189697265625
116,82.43413,33.56587219238281
672,427.008,244.99200439453125
210,221.12369,-11.123687744140625
245,268.59732,-23.597320556640625
100,136.51958,-36.51957702636719
69,76.62037,-7.620368957519531
68,59.778557,8.221443176269531
200,156.96654,43.03346252441406
125,157.88078,-32.88078308105469
55,43.68927,11.31072998046875
75,106.89439,-31.894386291503906
119,170.26424,-51.26423645019531
125,414.0703,-289.0703125
150,106.84619,43.15380859375
150,131.09808,18.90191650390625
100,190.71951,-90.71951293945312
90,67.64962,22.350379943847656
98,82.580795,15.419204711914062
180,187.66125,-7.6612548828125
95,73.0806,21.919403076171875
36,55.069946,-19.0699462890625
50,32.20466,17.79534149169922
42,75.362305,-33.3623046875
65,70.58682,-5.586822509765625
89,69.14702,19.852981567382812
119,87.81838,31.181617736816406
50,67.1121,-17.112098693847656
40,48.692085,-8.692085266113281
40,51.33227,-11.332271575927734
88,133.81494,-45.81494140625
56,60.962517,-4.962516784667969
55,109.637,-54.637001037597656
81,69.57121,11.428787231445312
400,279.68307,120.31692504882812
50,72.937744,-22.937744140625
85,71.10995,13.890052795410156
65,72.6763,-7.676300048828125
142,276.73383,-134.73382568359375
42,92.50043,-50.50042724609375
140,94.33663,45.663368225097656
150,156.65894,-6.658935546875
499,287.72043,211.27957153320312
135,216.13052,-81.13052368164062
209,273.53314,-64.53314208984375
77,90.180046,-13.180046081542969
95,141.18495,-46.18495178222656
36,58.551697,-22.55169677734375
48,396.51697,-348.5169677734375
115,129.39381,-14.393814086914062
80,63.07432,16.925678253173828
110,244.19724,-134.19723510742188
156,203.1596,-47.15960693359375
95,136.36658,-41.3665771484375
120,327.2014,-207.20138549804688
52,49.060715,2.9392852783203125
180,242.64311,-62.64311218261719
350,230.79883,119.201171875
125,90.518394,34.481605529785156
100,220.9172,-120.91720581054688
159,214.3415,-55.34150695800781
75,70.77409,4.2259063720703125
142,168.09755,-26.097549438476562
73,63.366306,9.63369369506836
125,145.04051,-20.040512084960938
192,200.07825,-8.0782470703125
60,60.349453,-0.3494529724121094
51,66.26496,-15.264961242675781
80,80.91957,-0.9195709228515625
300,181.60886,118.39114379882812
55,34.78219,20.217811584472656
67,69.50128,-2.50128173828125
80,108.929375,-28.92937469482422
225,219.77908,5.220916748046875
50,57.740704,-7.740703582763672
90,111.01317,-21.013168334960938
35,29.141777,5.858222961425781
450,301.61978,148.38021850585938
66,94.3999,-28.39990234375
135,192.58252,-57.58251953125
119,117.8547,1.1453018188476562
84,130.9445,-46.94450378417969
300,307.68982,-7.6898193359375
45,63.65778,-18.657779693603516
80,97.05622,-17.05622100830078
100,361.70456,-261.7045593261719
140,132.60356,7.3964385986328125
52,48.71075,3.2892494201660156
134,158.13918,-24.139175415039062
90,63.358173,26.641826629638672
90,106.09226,-16.092262268066406
80,94.50338,-14.503379821777344
239,267.0201,-28.020111083984375
199,223.3837,-24.383697509765625
105,97.007515,7.992485046386719
100,128.23343,-28.233428955078125
82,97.73411,-15.734107971191406
32,38.349606,-6.349605560302734
110,157.21074,-47.21073913574219
35,54.585903,-19.58590316772461
70,80.47088,-10.470878601074219
65,71.433044,-6.43304443359375
48,114.582794,-66.58279418945312
110,171.14182,-61.141815185546875
75,135.33087,-60.33087158203125
160,390.05685,-230.05685424804688
100,190.64964,-90.64964294433594
85,93.40828,-8.408279418945312
170,174.89832,-4.8983154296875
210,210.34633,-0.3463287353515625
100,144.3168,-44.316802978515625
80,102.98555,-22.985549926757812
179,161.27109,17.728912353515625
165,165.45366,-0.4536590576171875
150,204.28326,-54.28326416015625
120,72.000046,47.99995422363281
325,377.20425,-52.204254150390625
290,129.26709,160.73291015625
185,228.74802,-43.748016357421875
145,259.00247,-114.00247192382812
72,63.54334,8.456661224365234
80,135.2195,-55.21949768066406
150,132.99837,17.001632690429688
240,181.47559,58.5244140625
475,400.56586,74.43414306640625
400,360.05627,39.9437255859375
57,141.028,-84.02799987792969
100,89.54423,10.455772399902344
95,88.34606,6.653938293457031
195,236.7161,-41.716094970703125
59,89.824745,-30.824745178222656
177,173.9219,3.078094482421875
175,296.7889,-121.78890991210938
100,163.45227,-63.4522705078125
40,105.18686,-65.18685913085938
43,76.56634,-33.56633758544922
89,113.00246,-24.002456665039062
280,324.0472,-44.047210693359375
85,85.68364,-0.6836395263671875
175,111.70649,63.29351043701172
58,60.919754,-2.9197540283203125
38,54.161926,-16.16192626953125
59,82.52897,-23.528968811035156
120,106.010414,13.989585876464844
350,273.69946,76.300537109375
160,177.04274,-17.042739868164062
70,66.30907,3.6909332275390625
250,235.64188,14.358123779296875
30,34.562817,-4.562816619873047
235,197.38943,37.610565185546875
80,101.27306,-21.27306365966797
109,165.13737,-56.13737487792969
100,140.29747,-40.29747009277344
167,267.97858,-100.97857666015625
150,199.93185,-49.931854248046875
70,64.60398,5.396018981933594
179,305.038,-126.03799438476562
140,157.87657,-17.876571655273438
300,204.81093,95.18907165527344
75,66.89642,8.10357666015625
83,88.42913,-5.429130554199219
260,162.7445,97.2554931640625
120,111.805084,8.194915771484375
150,63.879673,86.12032699584961
42,57.887203,-15.887203216552734
100,112.2948,-12.2947998046875
125,118.98687,6.013130187988281
43,84.01649,-41.01648712158203
70,83.53749,-13.537490844726562
75,49.002163,25.99783706665039
43,60.374107,-17.374107360839844
70,77.68581,-7.6858062744140625
109,208.42528,-99.42527770996094
73,125.276794,-52.27679443359375
85,82.75622,2.2437820434570312
175,177.17522,-2.1752166748046875
100,190.4919,-90.49189758300781
60,60.99124,-0.991241455078125
135,161.531,-26.531005859375
115,179.14078,-64.14077758789062
90,144.88579,-54.88578796386719
50,89.59312,-39.593116760253906
75,134.11935,-59.119354248046875
60,68.26571,-8.265708923339844
250,216.27348,33.72651672363281
55,63.139793,-8.139793395996094
93,179.32562,-86.32562255859375
120,176.76709,-56.76708984375
125,106.23154,18.768463134765625
24,29.837658,-5.837657928466797
250,205.61795,44.382049560546875
100,151.209,-51.20899963378906
200,249.76624,-49.7662353515625
109,119.93469,-10.9346923828125
60,52.72596,7.274040222167969
150,104.56793,45.43206787109375
120,52.9571,67.04290008544922
233,296.97742,-63.9774169921875
118,139.16022,-21.16021728515625
250,70.18044,179.8195571899414
495,322.0121,172.9879150390625
40,68.22145,-28.221450805664062
360,305.43332,54.566680908203125
130,65.791016,64.208984375
80,142.05447,-62.054473876953125
27,33.71964,-6.719638824462891
150,136.06754,13.932464599609375
201,267.31592,-66.31591796875
79,63.113125,15.88687515258789
149,185.49504,-36.49504089355469
199,214.36151,-15.36151123046875
45,53.610653,-8.610652923583984
40,48.346733,-8.346733093261719
200,307.87643,-107.87643432617188
90,64.19338,25.806617736816406
150,157.74982,-7.74981689453125
159,315.8371,-156.83709716796875
250,303.58618,-53.586181640625
85,89.710106,-4.710105895996094
100,318.5077,-218.5076904296875
63,78.59542,-15.595420837402344
50,70.53892,-20.538917541503906
35,79.81123,-44.81123352050781
159,181.40253,-22.40252685546875
45,56.169613,-11.169612884521484
250,246.32536,3.6746368408203125
98,65.15801,32.84198760986328
190,92.66673,97.33326721191406
60,64.94882,-4.948822021484375
80,83.40325,-3.4032516479492188
135,151.31355,-16.313552856445312
150,305.85104,-155.85104370117188
100,121.700584,-21.700584411621094
210,172.05566,37.9443359375
199,166.3644,32.63560485839844
80,72.85657,7.1434326171875
300,234.26329,65.73670959472656
96,143.85051,-47.85050964355469
150,109.439224,40.56077575683594
40,53.72334,-13.723339080810547
68,53.580177,14.419822692871094
90,91.79435,-1.7943496704101562
65,61.017303,3.982696533203125
185,179.60826,5.3917388916015625
142,193.86955,-51.86955261230469
30,52.71525,-22.715248107910156
150,252.50027,-102.50027465820312
36,43.94262,-7.942619323730469
62,61.392723,0.6072769165039062
90,146.05862,-56.058624267578125
70,71.67533,-1.6753311157226562
115,159.13171,-44.1317138671875
20,63.3729,-43.37289810180664
38,34.56631,3.4336891174316406
90,79.88103,10.118972778320312
85,100.3496,-15.349601745605469
50,70.77943,-20.77942657470703
239,261.29416,-22.294158935546875
195,149.16801,45.83198547363281
200,201.11993,-1.11993408203125
79,78.91174,0.0882568359375
100,83.35179,16.648208618164062
125,168.91737,-43.91737365722656
400,316.64816,83.35183715820312
243,227.09204,15.907958984375
90,76.01887,13.981132507324219
150,156.0631,-6.0630950927734375
50,69.24462,-19.24462127685547
80,94.70838,-14.708381652832031
100,133.89432,-33.894317626953125
150,89.58231,60.417686462402344
160,167.83153,-7.8315277099609375
225,94.529755,130.47024536132812
60,959.8755,-899.87548828125
250,431.44595,-181.44595336914062
87,105.79118,-18.791183471679688
99,87.32008,11.679916381835938
55,64.23962,-9.239616394042969
125,177.8061,-52.80610656738281
50,63.005558,-13.005558013916016
225,284.35486,-59.3548583984375
175,288.73386,-113.73385620117188
90,82.26831,7.731689453125
85,98.85951,-13.859512329101562
40,54.48022,-14.480220794677734
40,60.102165,-20.10216522216797
39,64.782326,-25.782325744628906
50,60.153362,-10.153362274169922
100,105.07383,-5.073829650878906
37,75.0125,-38.01249694824219
85,93.94568,-8.9456787109375
75,166.07234,-91.07234191894531
57,55.929607,1.0703926086425781
100,151.31847,-51.31846618652344
45,63.892715,-18.892715454101562
189,218.40036,-29.400360107421875
120,158.51114,-38.511138916015625
190,148.06071,41.93928527832031
140,244.95387,-104.95387268066406
140,197.19281,-57.19281005859375
80,73.52294,6.477058410644531
160,192.90562,-32.90562438964844
100,123.10804,-23.10803985595703
40,73.34692,-33.34691619873047
175,233.87993,-58.87992858886719
60,62.183487,-2.1834869384765625
299,296.14404,2.85595703125
100,115.97622,-15.976219177246094
199,176.0541,22.945907592773438
350,240.56355,109.43644714355469
160,230.25816,-70.25816345214844
699,689.4354,9.5645751953125
165,168.51254,-3.512542724609375
180,208.38693,-28.386932373046875
75,110.79205,-35.79205322265625
150,109.52133,40.478668212890625
130,208.32353,-78.32353210449219
190,94.748566,95.25143432617188
600,135.25827,464.7417297363281
50,168.38283,-118.38282775878906
91,95.5088,-4.508796691894531
273,281.03943,-8.0394287109375
250,350.89914,-100.89913940429688
45,65.25871,-20.258712768554688
200,174.9716,25.028396606445312
50,63.423767,-13.42376708984375
350,168.96526,181.0347442626953
56,77.453766,-21.453765869140625
80,78.34576,1.6542434692382812
300,294.06958,5.930419921875
79,201.11507,-122.11506652832031
100,78.27247,21.72753143310547
63,97.89488,-34.89488220214844
175,149.14796,25.852035522460938
220,252.26826,-32.26826477050781
45,71.993866,-26.993865966796875
70,88.5734,-18.573402404785156
64,85.5346,-21.53459930419922
150,583.76666,-433.76666259765625
110,153.8041,-43.80409240722656
75,57.013584,17.98641586303711
200,140.12149,59.878509521484375
199,289.99976,-90.999755859375
145,144.52802,0.47198486328125
70,54.119194,15.880805969238281
110,144.38867,-34.388671875
60,101.82249,-41.822486877441406
280,175.47412,104.52587890625
49,53.127033,-4.127033233642578
150,87.74841,62.2515869140625
220,251.75644,-31.756439208984375
200,214.24083,-14.240829467773438
72,65.83181,6.168190002441406
93,88.35262,4.647377014160156
91,135.04298,-44.04298400878906
49,68.38523,-19.385231018066406
32,39.58095,-7.580951690673828
55,77.558556,-22.558555603027344
144,175.75877,-31.758773803710938
200,266.5699,-66.56988525390625
130,112.37775,17.62225341796875
190,203.22156,-13.2215576171875
250,208.42453,41.575469970703125
78,144.66028,-66.6602783203125
59,69.46805,-10.468048095703125
49,60.583637,-11.583637237548828
185,177.92099,7.079010009765625
25,47.56058,-22.56058120727539
190,266.34467,-76.34466552734375
165,165.07094,-0.0709381103515625
300,54.923794,245.0762062072754
220,293.37967,-73.37966918945312
120,167.58246,-47.58245849609375
150,208.27327,-58.27326965332031
75,157.7763,-82.77630615234375
80,131.17291,-51.17291259765625
68,80.19123,-12.191230773925781
275,216.62283,58.377166748046875
150,87.63663,62.363372802734375
35,49.585217,-14.585216522216797
215,284.91577,-69.915771484375
99,109.63393,-10.633926391601562
60,56.60609,3.393909454345703
175,164.99133,10.0086669921875
180,200.66882,-20.6688232421875
200,193.13991,6.8600921630859375
70,79.93306,-9.933059692382812
195,187.99927,7.000732421875
150,205.7246,-55.72459411621094
50,64.45306,-14.453056335449219
60,69.90946,-9.909461975097656
80,104.447685,-24.44768524169922
199,290.19775,-91.19775390625
95,198.76988,-103.76988220214844
60,76.727615,-16.727615356445312
45,53.450405,-8.45040512084961
149,77.99412,71.0058822631836
165,117.28786,47.71214294433594
235,585.7368,-350.73681640625
132,256.19775,-124.19775390625
55,100.32122,-45.32122039794922
250,225.01198,24.988021850585938
124,213.88199,-89.88198852539062
160,157.0407,2.9593048095703125
244,273.66614,-29.6661376953125
150,191.85486,-41.8548583984375
120,159.31879,-39.31878662109375
80,81.1887,-1.1886978149414062
288,213.67012,74.32987976074219
80,70.411606,9.588394165039062
120,229.2079,-109.20790100097656
200,149.14235,50.85765075683594
85,103.052315,-18.05231475830078
150,144.14644,5.8535614013671875
145,127.19499,17.805007934570312
99,113.54015,-14.540153503417969
60,68.66391,-8.663909912109375
69,103.60549,-34.605491638183594
150,169.79582,-19.795822143554688
68,86.11299,-18.112991333007812
123,199.98744,-76.98744201660156
228,236.63448,-8.634475708007812
135,276.41135,-141.41134643554688
250,169.59483,80.40516662597656
120,97.10467,22.89533233642578
75,108.54418,-33.54418182373047
130,199.2172,-69.21719360351562
595,367.23114,227.76885986328125
249,172.48434,76.51565551757812
110,130.09453,-20.094528198242188
199,175.6642,23.335800170898438
299,392.38626,-93.38626098632812
1200,280.56522,919.4347839355469
98,83.73682,14.26318359375
155,100.95731,54.042686462402344
100,79.96118,20.038818359375
110,163.1688,-53.168792724609375
500,330.1522,169.84780883789062
69,84.682884,-15.682884216308594
799,414.2779,384.72210693359375
104,193.46693,-89.46693420410156
399,654.3826,-255.38262939453125
65,68.932396,-3.9323959350585938
250,304.45053,-54.450531005859375
450,307.2698,142.73019409179688
55,72.44618,-17.446182250976562
199,220.5873,-21.587295532226562
226,230.59912,-4.59912109375
60,69.44724,-9.447242736816406
45,120.814575,-75.8145751953125
129,271.87045,-142.87045288085938
188,195.43196,-7.4319610595703125
79,557.5931,-478.59307861328125
100,165.09999,-65.09999084472656
50,84.01707,-34.017066955566406
250,162.24771,87.75228881835938
63,65.34371,-2.3437118530273438
50,64.55377,-14.55377197265625
150,238.31711,-88.31710815429688
115,92.47367,22.526329040527344
170,232.00624,-62.00624084472656
75,227.76764,-152.76763916015625
60,69.07291,-9.072906494140625
67,59.47569,7.524311065673828
149,228.94304,-79.94303894042969
225,166.92719,58.07281494140625
59,92.75428,-33.75428009033203
186,222.65663,-36.65663146972656
252,352.3587,-100.35870361328125
295,100.80484,194.19515991210938
62,96.13204,-34.132041931152344
130,69.33377,60.666229248046875
300,172.05566,127.9443359375
120,254.8713,-134.87130737304688
210,190.35886,19.641143798828125
46,58.225834,-12.225833892822266
200,378.07434,-178.0743408203125
59,53.449577,5.550422668457031
300,147.12155,152.87844848632812
269,277.70853,-8.708526611328125
34,42.36894,-8.368938446044922
92,152.4874,-60.487396240234375
35,54.181946,-19.18194580078125
69,55.16824,13.83176040649414
135,163.71735,-28.71734619140625
225,262.6198,-37.61981201171875
140,173.11955,-33.11955261230469
350,199.47751,150.52249145507812
800,32.692238,767.3077621459961
99,135.56834,-36.56834411621094
210,298.23163,-88.23162841796875
60,78.38044,-18.38043975830078
40,73.65649,-33.65648651123047
95,147.53033,-52.53033447265625
80,126.025764,-46.02576446533203
89,120.93582,-31.935821533203125
80,74.15116,5.848838806152344
80,173.87485,-93.87484741210938
150,151.74014,-1.740142822265625
35,63.168236,-28.168235778808594
65,73.6892,-8.689201354980469
150,82.926926,67.07307434082031
60,89.578445,-29.578445434570312
1000,786.3999,213.60009765625
30,61.48448,-31.484481811523438
70,127.65141,-57.65141296386719
50,156.58255,-106.58255004882812
38,57.992252,-19.992252349853516
210,223.18204,-13.182037353515625
42,66.16979,-24.16979217529297
80,125.7116,-45.71160125732422
105,131.73029,-26.73028564453125
250,209.16698,40.83302307128906
135,130.92897,4.0710296630859375
250,181.53735,68.462646484375
135,149.19936,-14.199356079101562
62,89.836655,-27.836654663085938
180,207.22388,-27.223876953125
60,59.49659,0.5034103393554688
65,118.119896,-53.119895935058594
250,269.2417,-19.24169921875
133,137.0633,-4.06329345703125
96,65.475235,30.524765014648438
85,62.19813,22.801868438720703
102,125.33003,-23.330032348632812
75,90.42932,-15.4293212890625
75,122.26156,-47.261558532714844
245,351.2258,-106.22579956054688
150,101.30817,48.69183349609375
85,127.616035,-42.61603546142578
99,87.14405,11.855949401855469
169,112.2453,56.75469970703125
129,294.5083,-165.50830078125
59,64.83007,-5.830070495605469
189,291.617,-102.61700439453125
60,89.194595,-29.194595336914062
85,192.50333,-107.50332641601562
37,56.624786,-19.624786376953125
60,179.28548,-119.28547668457031
60,88.93387,-28.933868408203125
50,253.05087,-203.05087280273438
375,273.14157,101.85842895507812
69,103.72485,-34.724853515625
199,146.92487,52.07513427734375
81,83.07591,-2.0759124755859375
159,251.80244,-92.80244445800781
450,213.72292,236.27708435058594
99,278.41718,-179.41717529296875
250,178.35803,71.6419677734375
57,154.54828,-97.54827880859375
75,111.47601,-36.47601318359375
45,62.64211,-17.642108917236328
168,191.54794,-23.547943115234375
95,147.79846,-52.7984619140625
150,103.74377,46.25623321533203
55,63.943813,-8.94381332397461
90,79.210785,10.789215087890625
102,148.28203,-46.28202819824219
169,706.0551,-537.0551147460938
135,165.61998,-30.619979858398438
73,94.291245,-21.291244506835938
750,317.23737,432.76263427734375
28,35.33491,-7.334911346435547
125,129.89702,-4.8970184326171875
110,100.67011,9.329887390136719
90,109.07245,-19.07244873046875
90,90.329124,-0.32912445068359375
70,65.86086,4.139137268066406
200,69.20891,130.7910919189453
241,266.98273,-25.98272705078125
99,341.37997,-242.37997436523438
119,316.52396,-197.52395629882812
45,82.307816,-37.30781555175781
50,62.210674,-12.210674285888672
67,81.61931,-14.619308471679688
207,178.05176,28.9482421875
70,101.49755,-31.49755096435547
89,136.17598,-47.17597961425781
85,138.66867,-53.668670654296875
175,581.19855,-406.19854736328125
245,336.5146,-91.51458740234375
250,123.6421,126.35790252685547
120,188.91382,-68.913818359375
80,97.18836,-17.18836212158203
50,132.82141,-82.8214111328125
149,127.58848,21.411521911621094
100,102.15714,-2.1571426391601562
104,215.02077,-111.02076721191406
75,113.12371,-38.12371063232422
60,71.31588,-11.315879821777344
450,246.84169,203.15830993652344
50,69.30629,-19.306289672851562
500,350.9098,149.0902099609375
250,252.68633,-2.6863250732421875
116,150.46571,-34.46571350097656
243,298.60785,-55.60784912109375
50,14.948746,35.05125427246094
118,140.1677,-22.167694091796875
50,65.77384,-15.773841857910156
215,220.37616,-5.37615966796875
120,111.89753,8.102470397949219
75,78.61377,-3.61376953125
115,74.67569,40.324310302734375
50,39.530323,10.469676971435547
250,184.99602,65.00398254394531
70,75.74724,-5.7472381591796875
80,108.57818,-28.57817840576172
80,145.21156,-65.21156311035156
120,166.51628,-46.51628112792969
125,200.09718,-75.09718322753906
72,112.135025,-40.13502502441406
110,129.66112,-19.661117553710938
345,277.01675,67.98324584960938
180,187.89236,-7.892364501953125
110,83.99678,26.003219604492188
45,65.3721,-20.372100830078125
90,77.16008,12.839920043945312
59,78.60932,-19.60932159423828
310,169.85829,140.14170837402344
270,206.72137,63.27862548828125
129,226.29782,-97.29782104492188
225,289.4991,-64.49911499023438
120,130.56319,-10.563186645507812
110,153.63046,-43.630462646484375
40,49.736256,-9.736255645751953
100,177.06432,-77.06431579589844
300,228.88428,71.11572265625
165,174.49738,-9.49737548828125
115,72.2684,42.731597900390625
50,52.70414,-2.7041397094726562
499,294.19635,204.80364990234375
160,158.19724,1.802764892578125
100,140.16493,-40.16493225097656
105,121.309296,-16.309295654296875
80,82.71145,-2.7114486694335938
125,246.30344,-121.30343627929688
120,180.8011,-60.80110168457031
125,145.75627,-20.756271362304688
60,61.25122,-1.251220703125
165,115.52799,49.472007751464844
60,63.308323,-3.3083229064941406
175,102.03081,72.96919250488281
80,63.101032,16.898967742919922
104,130.2416,-26.241592407226562
62,59.927647,2.0723533630371094
198,282.54874,-84.54873657226562
200,274.6475,-74.64749145507812
80,63.90565,16.094348907470703
135,198.19066,-63.19065856933594
300,252.7662,47.233795166015625
75,89.80515,-14.805152893066406
120,159.57709,-39.57708740234375
850,287.47635,562.5236511230469
200,139.00665,60.99334716796875
120,155.81316,-35.81315612792969
70,94.55914,-24.55914306640625
36,73.266045,-37.26604461669922
600,248.87123,351.12876892089844
100,99.468,0.5319976806640625
398,258.76205,139.23794555664062
110,113.93942,-3.939422607421875
65,60.564926,4.4350738525390625
85,147.03018,-62.030181884765625
80,87.44389,-7.4438934326171875
185,227.7033,-42.70329284667969
131,161.75491,-30.754913330078125
120,92.44549,27.55451202392578
299,251.50089,47.499114990234375
429,237.28076,191.71923828125
100,78.03526,21.964736938476562
50,53.63018,-3.6301803588867188
60,84.95123,-24.95123291015625
215,201.46123,13.538772583007812
47,86.49948,-39.499481201171875
600,273.3012,326.69879150390625
300,247.44667,52.55332946777344
40,63.860806,-23.86080551147461
360,158.13005,201.8699493408203
150,199.40623,-49.40623474121094
176,204.79787,-28.797866821289062
175,107.14169,67.85830688476562
30,60.497986,-30.49798583984375
55,68.83945,-13.839447021484375
100,173.61336,-73.61335754394531
60,59.748676,0.2513236999511719
500,311.22125,188.77874755859375
200,213.27629,-13.276290893554688
89,96.623436,-7.623435974121094
30,129.37549,-99.37548828125
62,154.50905,-92.50904846191406
65,70.11261,-5.11260986328125
85,135.97104,-50.971038818359375
40,-29.036608,69.03660774230957
109,103.883766,5.116233825683594
185,209.3041,-24.304092407226562
58,64.495895,-6.4958953857421875
70,81.981544,-11.981544494628906
70,87.49274,-17.49273681640625
150,180.1269,-30.126907348632812
75,41.80546,33.19453811645508
157,233.42241,-76.42240905761719
135,104.76247,30.237533569335938
750,506.0546,243.94540405273438
100,103.02535,-3.0253524780273438
250,191.76128,58.23872375488281
36,91.459656,-55.45965576171875
178,175.40512,2.594879150390625
225,243.99191,-18.991912841796875
126,131.1361,-5.1360931396484375
240,266.7547,-26.75469970703125
100,255.20998,-155.20997619628906
175,271.1259,-96.12588500976562
85,146.17387,-61.17387390136719
229,256.2176,-27.21759033203125
110,93.11417,16.885833740234375
60,46.79997,13.200031280517578
399,168.8395,230.16050720214844
40,56.93246,-16.93246078491211
85,148.97806,-63.978057861328125
43,65.69407,-22.694068908691406
160,264.21582,-104.2158203125
75,97.04553,-22.0455322265625
150,145.55739,4.4426116943359375
200,187.467,12.533004760742188
505,299.94284,205.05715942382812
650,443.8272,206.17279052734375
110,125.3188,-15.318801879882812
210,227.73163,-17.73162841796875
350,139.03355,210.96644592285156
125,172.99527,-47.995269775390625
150,260.41064,-110.41064453125
29,54.31852,-25.318519592285156
100,164.93875,-64.93875122070312
80,58.037388,21.96261215209961
195,170.5867,24.413299560546875
100,138.48085,-38.48085021972656
155,300.40198,-145.4019775390625
50,54.407204,-4.407203674316406
199,256.52365,-57.523651123046875
90,194.28629,-104.28628540039062
249,298.98108,-49.9810791015625
50,75.35923,-25.359230041503906
91,78.035515,12.964485168457031
239,189.31094,49.689056396484375
177,158.56198,18.438018798828125
44,49.950233,-5.950233459472656
40,53.64796,-13.647960662841797
70,199.64638,-129.64637756347656
50,48.19561,1.8043899536132812
100,143.52458,-43.52458190917969
150,138.48746,11.512542724609375
140,247.18245,-107.18244934082031
500,202.58496,297.4150390625
1000,216.86702,783.1329803466797
100,121.35212,-21.35211944580078
54,79.08335,-25.083351135253906
211,211.48303,-0.4830322265625
120,139.26009,-19.260086059570312
80,58.43729,21.56270980834961
150,237.27069,-87.27069091796875
120,326.05783,-206.05783081054688
45,52.31528,-7.315280914306641
80,82.42382,-2.4238204956054688
599,243.43251,355.56748962402344
85,74.08132,10.918678283691406
199,190.72662,8.27337646484375
69,135.8792,-66.87919616699219
125,186.73993,-61.73992919921875
50,60.72082,-10.720821380615234
200,175.9097,24.090301513671875
105,223.34317,-118.34317016601562
149,289.32202,-140.322021484375
49,58.995487,-9.995487213134766
195,156.12025,38.87974548339844
62,85.53659,-23.536590576171875
119,170.75583,-51.755828857421875
65,76.12657,-11.126571655273438
82,109.61702,-27.617019653320312
57,61.99158,-4.991580963134766
75,58.433052,16.56694793701172
59,83.673386,-24.673385620117188
125,218.41592,-93.41592407226562
69,60.906384,8.093616485595703
65,91.79078,-26.79077911376953
50,78.141785,-28.14178466796875
125,178.7906,-53.79060363769531
30,67.77831,-37.77831268310547
248,243.22272,4.77728271484375
200,241.82549,-41.82548522949219
30,50.08606,-20.0860595703125
90,107.892166,-17.892166137695312
31,54.58314,-23.583141326904297
70,93.507774,-23.507774353027344
70,65.73552,4.2644805908203125
62,92.04917,-30.049171447753906
165,165.88829,-0.8882904052734375
60,94.672905,-34.67290496826172
720,321.80002,398.1999816894531
48,42.68634,5.31365966796875
125,180.17468,-55.1746826171875
50,72.51908,-22.519081115722656
75,57.7272,17.27280044555664
122,244.5044,-122.50439453125
200,127.96127,72.03872680664062
125,158.19966,-33.19966125488281
285,220.85655,64.14344787597656
50,71.215775,-21.215774536132812
105,174.13806,-69.1380615234375
150,120.47141,29.528587341308594
179,257.34747,-78.34747314453125
200,390.0313,-190.03131103515625
250,212.42673,37.573272705078125
80,78.70913,1.2908706665039062
100,116.14482,-16.144821166992188
475,194.60414,280.39585876464844
199,132.83278,66.16722106933594
100,155.64526,-55.645263671875
300,235.69398,64.30601501464844
126,113.99854,12.001457214355469
65,76.82874,-11.828742980957031
85,88.4974,-3.4973983764648438
225,273.10025,-48.100250244140625
142,147.30618,-5.306182861328125
130,164.37111,-34.37110900878906
150,179.36986,-29.369857788085938
303,158.37584,144.62416076660156
170,174.05096,-4.05096435546875
96,94.684326,1.315673828125
110,152.01761,-42.017608642578125
71,52.68753,18.312469482421875
3900,233.51816,3666.4818420410156
90,83.83464,6.1653594970703125
25,123.4243,-98.42430114746094
252,317.44684,-65.44683837890625
63,63.737312,-0.7373123168945312
56,52.354958,3.6450424194335938
35,48.931103,-13.931102752685547
200,193.10419,6.89581298828125
211,257.36115,-46.36114501953125
300,235.67801,64.32199096679688
59,34.505196,24.49480438232422
100,90.13028,9.869720458984375
199,353.6244,-154.6243896484375
198,502.02567,-304.0256652832031
250,186.70943,63.29057312011719
145,203.03357,-58.0335693359375
85,48.884502,36.11549758911133
250,39.295616,210.70438385009766
65,59.39031,5.609691619873047
125,127.01798,-2.0179824829101562
250,317.18472,-67.18472290039062
97,83.65883,13.341171264648438
250,275.40646,-25.406463623046875
140,115.14147,24.85852813720703
85,154.75978,-69.75978088378906
70,83.32854,-13.328536987304688
79,59.92533,19.074668884277344
84,118.887665,-34.887664794921875
285,229.00647,55.9935302734375
179,106.48029,72.51970672607422
65,50.84012,14.159881591796875
149,144.66263,4.337371826171875
49,54.071857,-5.071857452392578
40,68.81362,-28.813621520996094
150,173.01343,-23.013427734375
75,67.30104,7.6989593505859375
300,171.29591,128.70408630371094
150,94.81133,55.18866729736328
126,157.97646,-31.976455688476562
28,51.638195,-23.638195037841797
78,138.1217,-60.1217041015625
188,116.98009,71.01991271972656
60,73.886665,-13.886665344238281
230,296.05786,-66.057861328125
100,87.31178,12.688217163085938
120,176.24641,-56.24641418457031
299,203.4145,95.58549499511719
100,78.96959,21.030410766601562
70,60.22811,9.771888732910156
33,56.746773,-23.74677276611328
65,79.7593,-14.759300231933594
50,58.66729,-8.667289733886719
100,147.14539,-47.1453857421875
149,211.49527,-62.495269775390625
80,87.45095,-7.450950622558594
85,137.70172,-52.70172119140625
50,69.27882,-19.27881622314453
95,150.06018,-55.0601806640625
150,167.04683,-17.046829223632812
225,198.41669,26.58331298828125
55,57.62249,-2.6224899291992188
80,102.70052,-22.700523376464844
110,100.75579,9.244209289550781
65,72.88865,-7.888648986816406
250,223.86429,26.135711669921875
150,391.88797,-241.88796997070312
220,222.56302,-2.563018798828125
500,363.14163,136.85836791992188
40,62.564857,-22.564857482910156
60,74.06354,-14.06353759765625
100,65.38411,34.61589050292969
34,43.25831,-9.258308410644531
87,97.671265,-10.6712646484375
76,94.63187,-18.631866455078125
199,247.26274,-48.26274108886719
120,87.91023,32.08976745605469
68,152.56046,-84.56045532226562
350,166.01971,183.98028564453125
125,122.285255,2.7147445678710938
55,58.616978,-3.6169776916503906
105,86.943985,18.056015014648438
125,120.068016,4.931983947753906
345,175.52887,169.47113037109375
3200,208.5542,2991.44580078125
24,442.21484,-418.21484375
80,67.576225,12.423774719238281
40,63.182945,-23.182945251464844
200,360.86618,-160.86618041992188
110,185.47429,-75.47428894042969
69,82.4942,-13.49420166015625
47,100.466805,-53.46680450439453
85,82.01755,2.982452392578125
230,392.63593,-162.63592529296875
175,224.40164,-49.401641845703125
60,57.510006,2.4899940490722656
200,241.4884,-41.4884033203125
100,69.9761,30.023902893066406
100,149.87108,-49.87107849121094
249,199.84648,49.15351867675781
59,54.917908,4.08209228515625
45,39.103043,5.8969573974609375
125,177.23833,-52.23832702636719
150,137.61974,12.380264282226562
90,80.79111,9.208892822265625
74,149.45847,-75.45846557617188
88,141.72762,-53.72761535644531
108,104.84988,3.1501235961914062
75,68.55723,6.442771911621094
99,88.34687,10.653129577636719
199,209.37622,-10.376220703125
94,98.0322,-4.032203674316406
54,90.80813,-36.808128356933594
42,40.57966,1.4203414916992188
375,203.89459,171.10540771484375
100,63.18976,36.81024169921875
90,143.91956,-53.9195556640625
100,136.81972,-36.81971740722656
115,121.45028,-6.450279235839844
150,114.92396,35.07604217529297
90,140.1432,-50.14320373535156
100,99.89253,0.1074676513671875
60,142.35207,-82.35206604003906
110,114.24408,-4.24407958984375
70,98.75845,-28.758453369140625
65,72.54738,-7.5473785400390625
106,67.15166,38.84834289550781
450,186.9768,263.023193359375
84,55.480236,28.519763946533203
118,141.22955,-23.22955322265625
160,318.86578,-158.86578369140625
250,189.83052,60.16947937011719
81,80.86467,0.1353302001953125
275,133.56511,141.4348907470703
49,92.25574,-43.2557373046875
79,107.85188,-28.851882934570312
69,49.2178,19.78219985961914
99,115.48334,-16.48333740234375
105,88.30409,16.695907592773438
400,298.29846,101.7015380859375
130,417.3578,-287.3577880859375
70,43.97112,26.028881072998047
110,206.64508,-96.64508056640625
200,103.79268,96.20732116699219
240,304.49307,-64.49307250976562
125,200.94995,-75.949951171875
175,147.80515,27.194854736328125
250,201.85521,48.14479064941406
399,84.06151,314.93849182128906
180,170.76035,9.239654541015625
70,87.265594,-17.265594482421875
39,62.161304,-23.161304473876953
75,71.03902,3.9609832763671875
115,102.157646,12.842353820800781
180,213.68178,-33.68177795410156
50,83.73127,-33.73126983642578
400,142.96484,257.03515625
52,68.95265,-16.952651977539062
60,53.195297,6.8047027587890625
45,80.583435,-35.58343505859375
129,74.41189,54.588111877441406
42,56.646793,-14.646793365478516
350,237.04688,112.953125
149,113.15542,35.844581604003906
37,56.624786,-19.624786376953125
63,61.588245,1.4117546081542969
50,51.025246,-1.0252456665039062
55,60.29475,-5.294750213623047
50,59.62793,-9.6279296875
474,322.1777,151.82229614257812
42,53.899643,-11.899642944335938
280,156.78088,123.2191162109375
60,70.83568,-10.835678100585938
265,256.0888,8.91119384765625
150,130.7872,19.212799072265625
90,76.35556,13.644439697265625
100,68.573006,31.42699432373047
150,157.4863,-7.486297607421875
50,54.02739,-4.0273895263671875
91,133.30771,-42.307708740234375
240,176.95503,63.04496765136719
50,49.457413,0.5425872802734375
65,67.51118,-2.5111770629882812
75,159.45389,-84.45388793945312
129,133.96796,-4.96795654296875
220,157.5521,62.447906494140625
140,137.56885,2.43115234375
239,176.7714,62.228607177734375
92,106.3921,-14.392097473144531
67,52.657192,14.34280776977539
38,284.20264,-246.20263671875
40,63.44971,-23.449710845947266
675,205.07848,469.92152404785156
500,183.421,316.57899475097656
160,170.35762,-10.357620239257812
54,66.66464,-12.664642333984375
220,256.40228,-36.40228271484375
59,64.76264,-5.762641906738281
40,34.311012,5.688987731933594
69,111.541466,-42.541465759277344
219,216.57074,2.42926025390625
97,144.79416,-47.794158935546875
249,194.23616,54.76383972167969
79,145.25201,-66.25201416015625
280,276.47107,3.5289306640625
149,76.669945,72.3300552368164
240,141.84775,98.15225219726562
125,176.64249,-51.642486572265625
125,365.9981,-240.99810791015625
65,91.863754,-26.863754272460938
79,100.721725,-21.721725463867188
70,116.824615,-46.824615478515625
160,204.46768,-44.467681884765625
135,226.8736,-91.87359619140625
160,151.55618,8.443817138671875
100,104.78892,-4.788917541503906
77,85.60994,-8.609939575195312
205,311.5164,-106.51638793945312
40,50.989845,-10.989845275878906
100,137.54366,-37.54365539550781
110,98.88586,11.114143371582031
85,138.7487,-53.74870300292969
116,286.65915,-170.65914916992188
50,55.62295,-5.622951507568359
45,75.07626,-30.076263427734375
59,63.37289,-4.372890472412109
45,51.13332,-6.133319854736328
350,304.27286,45.727142333984375
55,61.81136,-6.811359405517578
60,121.49548,-61.4954833984375
145,150.65656,-5.65655517578125
73,93.741394,-20.74139404296875
325,192.14264,132.85736083984375
150,268.34045,-118.3404541015625
33,42.941406,-9.94140625
125,112.41385,12.586151123046875
95,124.93325,-29.933250427246094
70,74.19926,-4.199256896972656
32,70.668785,-38.668785095214844
53,76.629425,-23.629425048828125
225,-43.46777,268.46776962280273
200,336.7935,-136.79348754882812
70,94.33314,-24.33313751220703
65,58.74796,6.252040863037109
85,191.53899,-106.53898620605469
45,63.03461,-18.034610748291016
300,306.232,-6.23199462890625
50,43.433002,6.566997528076172
75,81.394104,-6.39410400390625
67,100.49679,-33.496788024902344
79,125.27271,-46.27271270751953
125,158.49738,-33.49737548828125
220,261.1621,-41.162109375
61,82.784485,-21.78448486328125
75,84.48863,-9.488632202148438
60,112.60917,-52.609169006347656
200,194.45526,5.54473876953125
365,207.21182,157.78817749023438
80,137.06027,-57.060272216796875
118,162.694,-44.694000244140625
139,173.38857,-34.38856506347656
45,64.735016,-19.735015869140625
195,331.51978,-136.519775390625
93,87.3896,5.6103973388671875
95,105.91757,-10.917572021484375
120,121.344,-1.3440017700195312
145,162.65079,-17.650787353515625
70,53.40718,16.592819213867188
340,323.9617,16.038299560546875
199,129.45355,69.54644775390625
100,130.52478,-30.5247802734375
70,85.6834,-15.683403015136719
135,91.39269,43.60730743408203
43,60.19128,-17.191280364990234
188,304.49084,-116.4908447265625
150,182.72728,-32.72727966308594
160,177.43973,-17.439727783203125
70,54.865845,15.1341552734375
65,424.0151,-359.0151062011719
220,239.97804,-19.978042602539062
129,153.23465,-24.234649658203125
587,534.6337,52.36627197265625
48,62.272408,-14.272407531738281
130,125.80873,4.1912689208984375
55,68.95506,-13.955062866210938
70,70.473854,-0.47385406494140625
55,82.53167,-27.53166961669922
100,152.9572,-52.95719909667969
199,149.53644,49.46356201171875
113,350.62256,-237.62255859375
135,176.2742,-41.274200439453125
230,299.27658,-69.27658081054688
285,202.00218,82.99781799316406
55,75.11109,-20.11109161376953
950,146.04839,803.9516143798828
60,99.0565,-39.05650329589844
60,60.450798,-0.45079803466796875
65,79.34053,-14.340530395507812
65,62.59408,2.4059181213378906
180,116.28526,63.71473693847656
45,67.64995,-22.649948120117188
39,63.570633,-24.570632934570312
260,167.78082,92.21917724609375
60,138.80615,-78.80615234375
75,84.33369,-9.333686828613281
212,234.14383,-22.143829345703125
269,376.82788,-107.827880859375
41,102.38883,-61.388832092285156
65,68.28952,-3.289520263671875
44,55.359467,-11.359466552734375
139,196.3107,-57.310699462890625
145,259.83545,-114.83544921875
100,193.51514,-93.51513671875
140,135.85289,4.1471099853515625
100,230.22797,-130.22796630859375
348,211.83737,136.16262817382812
45,82.13265,-37.132652282714844
121,222.35847,-101.35847473144531
150,222.62872,-72.62872314453125
120,173.86052,-53.86051940917969
140,176.07027,-36.07026672363281
300,185.10687,114.89312744140625
154,361.04202,-207.04202270507812
60,80.03318,-20.033180236816406
250,165.01541,84.98458862304688
227,198.38689,28.613113403320312
69,78.093,-9.093002319335938
228,253.8706,-25.87060546875
80,59.633514,20.366485595703125
159,177.32481,-18.324813842773438
40,145.50084,-105.50083923339844
150,148.29626,1.7037353515625
225,188.50627,36.49372863769531
180,286.38666,-106.38665771484375
100,161.05841,-61.05841064453125
110,117.53186,-7.5318603515625
100,155.02611,-55.02610778808594
150,103.61983,46.38017272949219
425,233.52309,191.47691345214844
350,172.8616,177.13839721679688
153,135.05429,17.945709228515625
100,118.95121,-18.951210021972656
150,281.17648,-131.17648315429688
228,295.2345,-67.2344970703125
175,320.45105,-145.4510498046875
85,92.11559,-7.115592956542969
110,92.117615,17.88238525390625
139,152.44923,-13.449234008789062
35,55.241817,-20.241817474365234
110,155.63976,-45.63975524902344
300,271.07156,28.928436279296875
45,53.39227,-8.392269134521484
138,163.27312,-25.273117065429688
70,100.582565,-30.582565307617188
65,77.7494,-12.749397277832031
130,96.35793,33.642066955566406
180,94.91693,85.08306884765625
300,342.6904,-42.690399169921875
115,130.91393,-15.913925170898438
100,122.230316,-22.230316162109375
600,177.42249,422.5775146484375
30,54.662243,-24.662242889404297
150,112.40321,37.59678649902344
450,355.4644,94.53561401367188
125,147.5512,-22.551193237304688
139,251.56442,-112.56442260742188
690,207.47653,482.5234680175781
100,117.075516,-17.075515747070312
42,71.82056,-29.820556640625
55,60.07592,-5.075920104980469
280,316.3878,-36.387786865234375
108,135.36444,-27.36444091796875
206,263.75735,-57.757354736328125
200,249.05573,-49.05572509765625
129,184.89893,-55.89892578125
64,60.098778,3.9012222290039062
145,187.53694,-42.53694152832031
107,395.47137,-288.47137451171875
67,84.39791,-17.397911071777344
225,418.9712,-193.97119140625
100,205.4167,-105.41670227050781
189,166.94684,22.05316162109375
89,111.06972,-22.069717407226562
325,280.06024,44.93975830078125
95,83.33638,11.663619995117188
400,936.6621,-536.662109375
139,186.13397,-47.13397216796875
285,300.15973,-15.15972900390625
200,341.5692,-141.5692138671875
65,82.00649,-17.006492614746094
100,179.60893,-79.60893249511719
159,199.0949,-40.09489440917969
100,160.39313,-60.39312744140625
100,142.9851,-42.985107421875
250,207.8953,42.104705810546875
130,158.66231,-28.662307739257812
79,97.13234,-18.132339477539062
130,78.7411,51.25890350341797
61,101.87397,-40.87397003173828
75,81.81394,-6.813941955566406
329,257.19263,71.807373046875
100,203.0378,-103.03779602050781
200,246.61769,-46.61769104003906
65,64.9684,0.0316009521484375
34,57.703728,-23.70372772216797
59,51.73969,7.260311126708984
35,40.305725,-5.30572509765625
115,143.96146,-28.961456298828125
220,194.02736,25.972640991210938
250,190.17572,59.82427978515625
70,91.325096,-21.325096130371094
90,98.60905,-8.609046936035156
150,273.07925,-123.07925415039062
49,54.64542,-5.645420074462891
150,117.16063,32.83937072753906
190,251.70647,-61.70646667480469
50,54.890095,-4.890094757080078
265,279.8278,-14.827789306640625
220,219.75572,0.2442779541015625
91,414.2874,-323.28741455078125
150,240.63623,-90.63623046875
75,91.06855,-16.06855010986328
250,245.78232,4.217681884765625
42,96.00399,-54.003990173339844
75,87.653625,-12.65362548828125
41,68.82893,-27.828933715820312
200,164.56676,35.43324279785156
42,80.92878,-38.92877960205078
55,70.902954,-15.9029541015625
185,186.95906,-1.9590606689453125
499,339.142,159.85800170898438
117,92.202225,24.797775268554688
44,60.845882,-16.845882415771484
99,163.01178,-64.01177978515625
155,135.14723,19.852767944335938
750,347.76617,402.23382568359375
110,53.012447,56.987552642822266
110,152.49187,-42.49186706542969
199,196.16801,2.8319854736328125
165,119.361145,45.63885498046875
100,189.03555,-89.03555297851562
60,79.31121,-19.31121063232422
50,70.82519,-20.82518768310547
195,178.19647,16.80352783203125
345,298.16693,46.83306884765625
125,77.254486,47.745513916015625
89,76.09522,12.904777526855469
70,86.87864,-16.878639221191406
443,105.90231,337.0976867675781
80,83.128365,-3.1283645629882812
149,139.16983,9.830169677734375
499,488.41742,10.58258056640625
50,78.467094,-28.46709442138672
50,68.35974,-18.3597412109375
80,66.098526,13.901473999023438
125,150.65302,-25.65301513671875
110,93.379684,16.620315551757812
75,65.58598,9.414016723632812
19,36.352924,-17.352924346923828
235,249.0573,-14.057296752929688
100,131.25845,-31.258453369140625
91,150.09624,-59.09623718261719
159,158.07228,0.9277191162109375
51,69.85736,-18.85736083984375
300,149.43236,150.56764221191406
500,192.72433,307.2756652832031
80,71.78687,8.213127136230469
100,664.825,-564.8250122070312
160,63.05664,96.943359375
50,73.15315,-23.153152465820312
75,1101.6344,-1026.6343994140625
80,114.55587,-34.555870056152344
50,80.31499,-30.314987182617188
350,168.11559,181.88441467285156
137,97.41148,39.58851623535156
49,191.09467,-142.09466552734375
35,32.16989,2.830108642578125
500,310.75287,189.24713134765625
209,206.82343,2.17657470703125
105,140.85065,-35.85064697265625
125,277.2013,-152.2012939453125
150,124.71291,25.287086486816406
65,66.270874,-1.2708740234375
50,67.65593,-17.655929565429688
145,184.42982,-39.42982482910156
100,172.18272,-72.18272399902344
150,165.97911,-15.979110717773438
120,142.86569,-22.865692138671875
199,189.9872,9.012802124023438
421,289.84775,131.15225219726562
50,72.1808,-22.180801391601562
199,219.13991,-20.139907836914062
85,83.06627,1.9337310791015625
99,107.499954,-8.499954223632812
150,347.8919,-197.89190673828125
57,81.50288,-24.50287628173828
89,101.73517,-12.73516845703125
89,133.46313,-44.463134765625
110,233.81415,-123.81414794921875
47,80.98191,-33.981910705566406
125,108.20059,16.799407958984375
45,52.539215,-7.539215087890625
80,73.80019,6.199806213378906
99,116.38524,-17.385238647460938
130,123.43221,6.567787170410156
55,51.386936,3.6130638122558594
31,40.596333,-9.596332550048828
99,250.01337,-151.01336669921875
95,136.31853,-41.31852722167969
249,209.595,39.404998779296875
80,90.43536,-10.43536376953125
80,68.035774,11.964225769042969
50,79.92097,-29.92096710205078
230,234.43556,-4.4355621337890625
298,232.76355,65.2364501953125
58,58.093266,-0.09326553344726562
69,80.18259,-11.182586669921875
210,277.28156,-67.28155517578125
240,115.65624,124.34375762939453
135,138.89983,-3.8998260498046875
45,59.02403,-14.024028778076172
200,176.75189,23.24810791015625
125,110.58034,14.419662475585938
50,68.36775,-18.367752075195312
72,82.526985,-10.526985168457031
48,92.81303,-44.813026428222656
80,133.91325,-53.91325378417969
140,193.17644,-53.17643737792969
250,223.75027,26.249725341796875
150,220.1322,-70.1322021484375
45,64.694954,-19.69495391845703
90,139.43742,-49.43742370605469
132,142.55394,-10.553939819335938
75,117.14304,-42.143043518066406
225,272.96387,-47.9638671875
69,82.24623,-13.246231079101562
160,159.65202,0.3479766845703125
110,123.847786,-13.847785949707031
115,104.831055,10.1689453125
65,84.63698,-19.636978149414062
135,161.43028,-26.430282592773438
42,42.591316,-0.5913162231445312
140,198.20381,-58.20381164550781
235,273.2862,-38.28619384765625
395,302.8101,92.18991088867188
300,50.11146,249.8885383605957
70,59.440285,10.559715270996094
145,186.22517,-41.22517395019531
86,178.51355,-92.5135498046875
50,78.028534,-28.028533935546875
250,145.39587,104.6041259765625
150,95.0975,54.902496337890625
1000,511.2653,488.7347106933594
48,74.02026,-26.020263671875
350,291.979,58.02099609375
174,127.06841,46.93158721923828
699,383.60468,315.39532470703125
99,126.54931,-27.54930877685547
50,59.83594,-9.835941314697266
160,247.48625,-87.48625183105469
155,335.85675,-180.85675048828125
245,360.83658,-115.83657836914062
150,263.12994,-113.12994384765625
48,56.5103,-8.510299682617188
60,114.98969,-54.98969268798828
88,161.79315,-73.79315185546875
75,138.25395,-63.25395202636719
79,87.663246,-8.663246154785156
105,168.63623,-63.63623046875
160,155.15463,4.845367431640625
150,248.81734,-98.81733703613281
110,207.90622,-97.90621948242188
125,90.72122,34.278778076171875
142,138.62527,3.374725341796875
90,147.26659,-57.26658630371094
55,52.142796,2.8572044372558594
200,185.68388,14.316116333007812
100,125.85398,-25.853981018066406
50,48.89394,1.1060600280761719
85,145.70393,-60.70393371582031
200,160.62802,39.371978759765625
100,142.20007,-42.2000732421875
125,277.1392,-152.13919067382812
80,100.10099,-20.100990295410156
200,282.5426,-82.5426025390625
135,102.72305,32.276947021484375
65,92.03609,-27.036087036132812
220,190.7001,29.299896240234375
77,125.38614,-48.386138916015625
80,83.41743,-3.4174270629882812
125,179.73093,-54.730926513671875
380,206.83908,173.16091918945312
85,114.36582,-29.365821838378906
130,152.89357,-22.893569946289062
75,61.017418,13.982582092285156
350,141.40857,208.5914306640625
49,66.025406,-17.025405883789062
155,192.83907,-37.83906555175781
200,143.8576,56.14239501953125
100,158.12155,-58.121551513671875
60,59.03494,0.9650611877441406
90,113.03422,-23.034217834472656
49,51.303173,-2.303173065185547
90,118.45294,-28.45294189453125
87,61.6324,25.367599487304688
20,21.36421,-1.3642101287841797
90,79.72186,10.27813720703125
260,234.757,25.242996215820312
65,152.45483,-87.454833984375
150,85.88696,64.113037109375
75,148.53534,-73.53533935546875
180,184.21556,-4.2155609130859375
85,62.891525,22.108474731445312
89,147.99268,-58.99267578125
50,51.357903,-1.3579025268554688
49,13.225038,35.774962425231934
100,125.858986,-25.858985900878906
70,115.83032,-45.830322265625
127,84.95006,42.04994201660156
45,63.555336,-18.555335998535156
72,149.41449,-77.41448974609375
99,183.42377,-84.42376708984375
250,240.4702,9.529800415039062
800,303.46378,496.5362243652344
135,181.39352,-46.393524169921875
79,164.12459,-85.12458801269531
75,66.05197,8.948028564453125
276,494.64917,-218.649169921875
139,258.35004,-119.35003662109375
225,161.3285,63.67149353027344
142,115.00071,26.999290466308594
45,61.841423,-16.84142303466797
240,237.51791,2.482086181640625
45,60.417213,-15.417213439941406
95,242.69882,-147.69882202148438
125,106.94861,18.0513916015625
225,87.630905,137.3690948486328
90,216.0212,-126.02119445800781
130,165.36293,-35.36293029785156
165,222.76704,-57.76704406738281
100,117.64035,-17.640350341796875
350,375.16275,-25.162750244140625
60,73.94228,-13.942283630371094
748,555.09546,192.904541015625
250,141.44568,108.5543212890625
200,124.46852,75.53147888183594
275,305.9529,-30.952911376953125
90,92.50439,-2.5043869018554688
50,55.08005,-5.080051422119141
100,175.16713,-75.16712951660156
99,154.29248,-55.29248046875
40,52.322605,-12.32260513305664
73,96.347015,-23.347015380859375
70,57.266968,12.7330322265625
50,74.12956,-24.129562377929688
79,68.12346,10.876541137695312
90,113.01427,-23.014266967773438
400,90.22328,309.77671813964844
180,375.67438,-195.67437744140625
61,64.82679,-3.8267898559570312
45,68.22612,-23.226119995117188
340,232.54233,107.45767211914062
45,44.183334,0.8166656494140625
75,94.76796,-19.767959594726562
217,572.2697,-355.26971435546875
108,170.13449,-62.134490966796875
239,168.22739,70.77261352539062
10,150.36948,-140.36947631835938
95,72.84269,22.157310485839844
86,78.69376,7.306236267089844
95,169.4315,-74.43150329589844
60,88.669655,-28.669654846191406
100,115.9308,-15.930801391601562
95,145.21822,-50.21821594238281
325,329.01413,-4.014129638671875
115,156.81677,-41.8167724609375
100,67.30739,32.69261169433594
80,157.34943,-77.34942626953125
70,69.94908,0.0509185791015625
120,92.19193,27.808067321777344
60,56.935944,3.064056396484375
120,114.484505,5.515495300292969
235,236.25131,-1.251312255859375
67,94.489914,-27.489913940429688
115,133.62463,-18.6246337890625
60,74.737755,-14.737754821777344
100,171.43185,-71.43185424804688
85,83.766014,1.2339859008789062
25,34.646523,-9.646522521972656
60,63.716454,-3.7164535522460938
39,172.39613,-133.39613342285156
85,117.47427,-32.474273681640625
60,61.19178,-1.1917800903320312
150,148.89107,1.1089324951171875
60,79.27617,-19.276168823242188
125,169.94417,-44.94416809082031
75,88.662926,-13.662925720214844
128,202.09695,-74.09695434570312
480,178.76921,301.2307891845703
1100,992.34247,107.65753173828125
80,217.17937,-137.1793670654297
275,884.16925,-609.1692504882812
37,46.526672,-9.52667236328125
125,217.9197,-92.91969299316406
95,57.471745,37.528255462646484
180,93.977066,86.02293395996094
180,171.23628,8.763717651367188
160,128.22293,31.777069091796875
150,194.16924,-44.16923522949219
75,81.6761,-6.6761016845703125
150,143.7097,6.2902984619140625
40,87.48264,-47.482643127441406
40,56.45891,-16.458911895751953
28,60.22093,-32.22092819213867
100,109.5026,-9.502601623535156
175,226.37106,-51.371063232421875
115,185.17696,-70.17695617675781
90,139.97072,-49.97071838378906
199,396.40112,-197.401123046875
86,75.36891,10.631088256835938
70,108.303154,-38.30315399169922
250,188.69,61.30999755859375
41,49.558193,-8.55819320678711
94,109.44209,-15.442092895507812
200,265.64923,-65.64923095703125
170,164.73932,5.26068115234375
35,59.74285,-24.74285125732422
175,190.4777,-15.477706909179688
210,173.26541,36.734588623046875
45,144.11061,-99.11061096191406
290,357.47232,-67.47232055664062
65,65.15465,-0.1546478271484375
160,245.82652,-85.82652282714844
550,375.14432,174.85568237304688
40,43.755436,-3.7554359436035156
45,85.27638,-40.27638244628906
80,123.16255,-43.16255187988281
175,69.43689,105.5631103515625
55,112.480095,-57.48009490966797
49,82.72743,-33.72743225097656
75,51.091778,23.908222198486328
54,59.53726,-5.537258148193359
200,92.473526,107.52647399902344
129,203.08359,-74.08358764648438
95,93.867096,1.132904052734375
99,417.55624,-318.5562438964844
72,188.7524,-116.75239562988281
165,221.93683,-56.93682861328125
100,125.78531,-25.785308837890625
80,79.73548,0.26451873779296875
158,175.61002,-17.610015869140625
33,53.420162,-20.420162200927734
65,80.68852,-15.688522338867188
119,143.51762,-24.517623901367188
38,60.996876,-22.996875762939453
45,60.688435,-15.688434600830078
45,60.075306,-15.075305938720703
300,198.78181,101.21818542480469
79,96.21373,-17.213729858398438
89,78.10219,10.897811889648438
190,265.4221,-75.42208862304688
45,118.24536,-73.245361328125
140,276.89114,-136.89114379882812
125,131.61993,-6.61993408203125
125,130.44354,-5.44354248046875
200,226.88913,-26.889129638671875
150,232.43471,-82.43470764160156
55,73.34854,-18.348541259765625
400,402.97336,-2.973358154296875
184,121.42377,62.57623291015625
50,112.89995,-62.89994812011719
70,95.13987,-25.139869689941406
265,178.6735,86.32650756835938
100,65.04584,34.95416259765625
68,87.61433,-19.61432647705078
265,277.8163,-12.816314697265625
130,129.8288,0.17120361328125
120,202.97115,-82.97114562988281
65,80.79008,-15.790077209472656
48,77.72994,-29.729942321777344
42,55.893066,-13.89306640625
60,86.76973,-26.769729614257812
37,142.73442,-105.73442077636719
49,64.104225,-15.104225158691406
100,330.4227,-230.42269897460938
115,83.345955,31.65404510498047
110,144.54216,-34.54216003417969
100,120.98645,-20.9864501953125
95,82.89324,12.106758117675781
49,95.95364,-46.953643798828125
33,45.088505,-12.088504791259766
85,92.65333,-7.653327941894531
250,213.8753,36.12469482421875
359,186.38637,172.61363220214844
79,69.63015,9.369850158691406
73,70.40022,2.5997772216796875
250,107.48951,142.51049041748047
100,114.831764,-14.831764221191406
350,159.91335,190.08665466308594
43,58.747944,-15.747943878173828
350,173.06186,176.93814086914062
85,125.98419,-40.98419189453125
70,73.73204,-3.7320404052734375
110,131.49658,-21.49658203125
450,316.60156,133.3984375
55,61.157566,-6.157566070556641
189,213.76042,-24.760421752929688
125,212.2025,-87.20249938964844
200,253.72928,-53.729278564453125
40,45.80545,-5.805450439453125
85,74.75535,10.244651794433594
44,45.707733,-1.707733154296875
140,117.451775,22.54822540283203
250,104.711334,145.28866577148438
35,44.224697,-9.22469711303711
70,108.9519,-38.95189666748047
75,74.92901,0.07099151611328125
185,162.03043,22.969573974609375
250,239.49495,10.505050659179688
45,63.739895,-18.73989486694336
221,219.97017,1.0298309326171875
6419,2733.1626,3685.83740234375
265,232.62785,32.37214660644531
118,99.64596,18.354042053222656
125,97.14308,27.856918334960938
125,290.18823,-165.188232421875
60,90.36032,-30.360321044921875
159,149.03108,9.968917846679688
100,141.61205,-41.61204528808594
189,163.62122,25.3787841796875
85,59.999744,25.000255584716797
140,233.59056,-93.59056091308594
91,136.7504,-45.750396728515625
69,58.97169,10.028308868408203
95,211.88138,-116.88137817382812
239,211.08795,27.91204833984375
73,85.030334,-12.03033447265625
90,125.59979,-35.59979248046875
80,122.812416,-42.812416076660156
360,289.94138,70.05862426757812
199,280.12717,-81.12716674804688
65,63.461967,1.5380325317382812
59,127.813484,-68.81348419189453
38,72.775345,-34.77534484863281
34,32.975506,1.0244941711425781
170,161.4005,8.599502563476562
185,284.77795,-99.7779541015625
125,141.54042,-16.540420532226562
85,65.508766,19.491233825683594
39,72.31751,-33.31751251220703
109,176.60849,-67.60848999023438
80,83.823494,-3.8234939575195312
100,156.03319,-56.03318786621094
170,392.17386,-222.17385864257812
105,72.881226,32.1187744140625
60,59.520126,0.4798736572265625
127,246.65242,-119.65242004394531
243,183.12253,59.877471923828125
110,170.0591,-60.05909729003906
150,189.69498,-39.694976806640625
165,198.33778,-33.33778381347656
45,77.00214,-32.00213623046875
325,242.3599,82.64010620117188
29,35.189404,-6.189403533935547
35,35.550594,-0.5505943298339844
91,129.36452,-38.36451721191406
50,96.57687,-46.576873779296875
175,212.68024,-37.68023681640625
100,133.45874,-33.458740234375
115,75.774605,39.22539520263672
70,78.867905,-8.867904663085938
130,172.12822,-42.12821960449219
100,160.95695,-60.95695495605469
45,64.14992,-19.149917602539062
500,192.17903,307.8209686279297
60,50.49793,9.502071380615234
90,87.1663,2.8337020874023438
60,113.71491,-53.71491241455078
80,124.0528,-44.05280303955078
90,91.08916,-1.0891571044921875
133,106.76453,26.2354736328125
80,86.476074,-6.47607421875
100,184.09386,-84.09385681152344
135,115.58393,19.41606903076172
49,81.98944,-32.98944091796875
199,252.88606,-53.88606262207031
200,111.24367,88.75633239746094
250,181.18271,68.81729125976562
65,63.262897,1.7371025085449219
150,167.74875,-17.748748779296875
250,191.25528,58.744720458984375
3000,87.75191,2912.248092651367
45,49.738438,-4.738437652587891
86,112.0018,-26.001800537109375
750,75.05183,674.9481735229492
110,160.76163,-50.761627197265625
89,56.961433,32.03856658935547
50,132.98166,-82.98165893554688
138,231.1958,-93.19580078125
200,139.50827,60.491729736328125
49,69.12108,-20.121078491210938
145,180.1799,-35.179901123046875
95,113.10484,-18.104843139648438
36,67.79542,-31.79541778564453
90,174.13783,-84.13783264160156
140,162.9221,-22.922103881835938
119,176.54659,-57.54658508300781
193,87.47328,105.52671813964844
172,167.64706,4.352935791015625
219,222.67339,-3.6733856201171875
60,70.32495,-10.324951171875
500,635.7023,-135.7022705078125
90,224.19324,-134.1932373046875
80,87.008224,-7.0082244873046875
35,37.331364,-2.3313636779785156
650,286.1231,363.87689208984375
100,99.49375,0.5062484741210938
400,134.8359,265.1640930175781
145,189.91124,-44.91123962402344
110,93.01627,16.983726501464844
80,65.34327,14.656730651855469
65,91.960045,-26.960044860839844
45,59.82264,-14.822639465332031
160,233.65611,-73.65611267089844
100,290.66214,-190.66213989257812
85,74.592316,10.407684326171875
60,112.93283,-52.932830810546875
69,51.893887,17.10611343383789
59,62.540653,-3.5406532287597656
99,186.71133,-87.71133422851562
125,372.87073,-247.8707275390625
56,79.26628,-23.266281127929688
60,138.5461,-78.54609680175781
189,160.8342,28.165802001953125
89,116.15731,-27.157310485839844
199,147.82964,51.17036437988281
226,184.95668,41.04331970214844
160,178.30199,-18.301986694335938
120,219.29433,-99.29432678222656
50,70.2818,-20.28179931640625
70,99.039215,-29.039215087890625
140,165.54224,-25.542236328125
40,54.738182,-14.738182067871094
195,137.99019,57.00981140136719
400,227.17105,172.82894897460938
35,63.195774,-28.19577407836914
70,131.98769,-61.98768615722656
230,189.11787,40.88212585449219
250,209.66913,40.33087158203125
110,246.19424,-136.19424438476562
200,143.50888,56.491119384765625
118,176.52968,-58.52967834472656
75,321.979,-246.97900390625
99,141.96423,-42.9642333984375
80,152.90651,-72.90650939941406
40,77.911705,-37.911705017089844
63,105.03026,-42.03025817871094
120,182.55074,-62.55073547363281
79,105.71297,-26.712966918945312
180,97.27247,82.72753143310547
65,75.47089,-10.47088623046875
90,174.40332,-84.4033203125
95,86.9451,8.054901123046875
55,67.18863,-12.188629150390625
225,306.67618,-81.67617797851562
200,182.4496,17.550399780273438
65,84.60177,-19.601768493652344
155,218.10693,-63.10693359375
189,251.09514,-62.09513854980469
150,136.73341,13.266586303710938
350,227.87593,122.12406921386719
55,64.02397,-9.023971557617188
65,68.23168,-3.2316818237304688
80,63.815887,16.184112548828125
299,231.25575,67.74424743652344
160,157.32251,2.677490234375
2010,2687.843,-677.843017578125
135,134.32506,0.6749420166015625
65,70.343925,-5.343925476074219
100,141.62158,-41.62158203125
100,108.112,-8.11199951171875
220,267.20856,-47.20855712890625
95,71.46252,23.53748321533203
425,187.30849,237.69151306152344
695,319.10135,375.8986511230469
265,298.26022,-33.260223388671875
70,78.11365,-8.1136474609375
100,91.40811,8.591888427734375
75,105.42112,-30.421119689941406
70,82.44358,-12.443580627441406
50,134.14333,-84.14332580566406
45,69.28936,-24.28936004638672
90,99.8336,-9.833602905273438
110,108.984955,1.015045166015625
160,148.48347,11.516525268554688
85,177.00838,-92.00837707519531
175,254.74692,-79.74691772460938
125,254.61676,-129.61676025390625
65,55.804604,9.195396423339844
65,58.327763,6.672237396240234
150,188.95454,-38.95454406738281
75,129.14917,-54.149169921875
70,76.188156,-6.1881561279296875
185,86.407616,98.5923843383789
25,63.08213,-38.082130432128906
60,80.05384,-20.05384063720703
175,215.95634,-40.95634460449219
200,242.61597,-42.615966796875
100,60.823376,39.1766242980957
55,60.78819,-5.788188934326172
98,183.70795,-85.70794677734375
34,33.2512,0.7487983703613281
99,112.83208,-13.832077026367188
305,233.77603,71.22396850585938
60,59.856506,0.14349365234375
45,69.939804,-24.939804077148438
2626,1434.0825,1191.91748046875
28,59.680126,-31.680126190185547
44,86.15976,-42.159759521484375
250,184.57608,65.42391967773438
800,1171.0919,-371.0919189453125
110,212.91298,-102.91297912597656
290,236.94444,53.05555725097656
200,233.16861,-33.168609619140625
48,61.175976,-13.175975799560547
300,380.2363,-80.23629760742188
50,67.372795,-17.37279510498047
700,211.02332,488.9766845703125
70,59.01513,10.984870910644531
215,284.3979,-69.39788818359375
129,190.92244,-61.92243957519531
95,233.62755,-138.62754821777344
99,179.23317,-80.23316955566406
180,238.32747,-58.32746887207031
130,159.28708,-29.287078857421875
495,209.8231,285.17689514160156
120,103.37785,16.622146606445312
1095,291.26608,803.7339172363281
350,297.85797,52.14202880859375
30,43.976933,-13.976932525634766
170,160.73244,9.267562866210938
200,269.90402,-69.90402221679688
189,190.93274,-1.9327392578125
78,113.89059,-35.890586853027344
121,234.22462,-113.22462463378906
55,124.17433,-69.17433166503906
99,105.47019,-6.470191955566406
70,83.83444,-13.834442138671875
149,139.83824,9.161758422851562
297,231.97096,65.02903747558594
48,60.23838,-12.238380432128906
77,86.95436,-9.954360961914062
65,61.573032,3.4269676208496094
412,260.2949,151.70510864257812
412,237.96332,174.03668212890625
72,64.893,7.107002258300781
100,62.348198,37.65180206298828
100,107.361145,-7.36114501953125
150,149.03606,0.9639434814453125
55,63.69191,-8.691909790039062
65,77.573235,-12.573234558105469
293,194.63719,98.36280822753906
119,113.634995,5.3650054931640625
138,47.770584,90.22941589355469
55,52.12292,2.8770790100097656
125,89.41056,35.589439392089844
67,198.78532,-131.7853240966797
200,265.44412,-65.44412231445312
70,86.70679,-16.706787109375
111,126.472755,-15.472755432128906
195,201.36612,-6.366119384765625
45,83.139496,-38.139495849609375
120,511.50684,-391.5068359375
79,83.03243,-4.032432556152344
200,144.34114,55.65885925292969
99,85.88758,13.112419128417969
65,81.35566,-16.35565948486328
150,163.86969,-13.86968994140625
34,57.91052,-23.910518646240234
38,46.269268,-8.269268035888672
379,290.47797,88.52203369140625
169,403.3305,-234.33050537109375
75,69.80927,5.190727233886719
229,256.95514,-27.95513916015625
247,299.61505,-52.61505126953125
150,185.9853,-35.98530578613281
149,336.62012,-187.6201171875
30,75.26809,-45.268089294433594
154,178.26025,-24.26025390625
75,118.111176,-43.111175537109375
60,59.63018,0.36981964111328125
175,189.68253,-14.682525634765625
699,703.32385,-4.3238525390625
60,84.33481,-24.334808349609375
65,68.16768,-3.1676788330078125
165,198.24075,-33.240753173828125
132,217.95522,-85.95521545410156
40,62.348866,-22.348865509033203
98,111.83795,-13.83795166015625
100,219.32872,-119.32872009277344
350,224.34274,125.65725708007812
190,198.24945,-8.24945068359375
60,51.28113,8.718868255615234
41,78.3774,-37.377403259277344
55,56.44975,-1.4497489929199219
150,131.78694,18.213058471679688
60,66.64665,-6.6466522216796875
60,78.663025,-18.66302490234375
75,119.32462,-44.324623107910156
200,305.13745,-105.137451171875
245,220.16096,24.839035034179688
185,260.32806,-75.32806396484375
140,173.3227,-33.32269287109375
60,128.8361,-68.83610534667969
140,256.69403,-116.69403076171875
88,160.0331,-72.03309631347656
103,138.42212,-35.422119140625
40,43.70349,-3.7034912109375
93,139.33623,-46.33622741699219
75,167.43413,-92.43412780761719
189,182.73013,6.269866943359375
209,156.98799,52.01200866699219
175,171.07245,3.92755126953125
37,59.96005,-22.96004867553711
300,247.48497,52.51502990722656
65,52.11358,12.886421203613281
175,209.47667,-34.47666931152344
125,109.524925,15.475074768066406
100,96.16019,3.839813232421875
120,93.124016,26.87598419189453
120,132.53908,-12.539077758789062
295,204.6658,90.33419799804688
150,77.70937,72.2906265258789
75,78.71673,-3.7167282104492188
150,160.99072,-10.99072265625
165,143.30171,21.698287963867188
80,88.442314,-8.442314147949219
80,90.10317,-10.103172302246094
35,55.3301,-20.330101013183594
35,77.52749,-42.527488708496094
800,109.34131,690.65869140625
100,88.60758,11.392417907714844
60,93.46369,-33.46369171142578
160,295.74353,-135.7435302734375
37,50.582775,-13.582775115966797
125,128.18826,-3.188262939453125
225,177.23141,47.768585205078125
120,87.04201,32.95799255371094
90,144.77817,-54.778167724609375
45,69.42702,-24.427017211914062
73,64.92796,8.072036743164062
149,307.9653,-158.96530151367188
55,55.192406,-0.19240570068359375
101,154.89597,-53.895965576171875
139,104.06916,34.93083953857422
175,208.03648,-33.03648376464844
250,194.143,55.85699462890625
180,107.394714,72.60528564453125
250,274.8315,-24.831512451171875
148,98.74907,49.25093078613281
1000,209.22879,790.7712097167969
130,156.9884,-26.9884033203125
225,270.71155,-45.7115478515625
108,139.1422,-31.142196655273438
700,225.3194,474.68060302734375
70,52.396763,17.60323715209961
45,52.610126,-7.610126495361328
260,194.22948,65.77052307128906
67,29.963099,37.03690147399902
78,82.755325,-4.7553253173828125
46,91.88386,-45.88385772705078
110,172.76929,-62.769287109375
65,66.07461,-1.0746078491210938
100,177.47409,-77.47409057617188
65,60.179764,4.8202362060546875
35,108.49895,-73.49894714355469
55,55.733646,-0.7336463928222656
50,56.587578,-6.587577819824219
42,55.859722,-13.859722137451172
70,224.69241,-154.69241333007812
200,356.28424,-156.28424072265625
110,329.59113,-219.59112548828125
250,203.82552,46.17448425292969
110,283.87558,-173.87557983398438
995,323.11722,671.8827819824219
295,208.67598,86.32402038574219
55,79.34848,-24.348480224609375
33,43.256218,-10.256217956542969
200,197.93364,2.0663604736328125
59,192.59755,-133.59754943847656
375,352.8495,22.1505126953125
225,220.83969,4.160308837890625
210,194.13441,15.865585327148438
400,170.2098,229.7902069091797
100,83.58809,16.411911010742188
75,202.36476,-127.36476135253906
250,234.77768,15.222320556640625
100,125.92161,-25.921607971191406
52,48.233593,3.766407012939453
180,137.18547,42.81452941894531
250,255.22092,-5.220916748046875
70,140.3603,-70.36030578613281
120,111.428894,8.57110595703125
55,90.391624,-35.391624450683594
115,132.74994,-17.74993896484375
42,184.06773,-142.06773376464844
75,140.0108,-65.01080322265625
110,84.401245,25.5987548828125
1200,268.55313,931.4468688964844
60,61.863968,-1.8639678955078125
159,120.66972,38.33027648925781
139,139.73767,-0.7376708984375
145,108.838394,36.16160583496094
95,74.16386,20.836143493652344
95,134.77106,-39.77105712890625
40,103.44678,-63.44677734375
55,67.625595,-12.625595092773438
100,186.77045,-86.77044677734375
400,192.69785,207.30215454101562
100,133.97437,-33.974365234375
195,186.45346,8.546539306640625
260,226.16228,33.83772277832031
176,163.02516,12.974838256835938
330,237.89662,92.10337829589844
39,64.21018,-25.210182189941406
120,102.3872,17.61280059814453
300,208.7885,91.21150207519531
189,654.3826,-465.38262939453125
70,69.78868,0.2113189697265625
50,50.87319,-0.8731918334960938
231,297.08868,-66.08868408203125
30,42.47352,-12.473518371582031
65,121.067696,-56.06769561767578
90,79.70162,10.298377990722656
350,426.0,-76.0
200,175.84235,24.15765380859375
135,125.18871,9.811286926269531
135,208.13422,-73.13421630859375
205,148.46564,56.53436279296875
100,130.01367,-30.013671875
250,207.84276,42.15724182128906
150,236.45544,-86.4554443359375
150,118.83671,31.163291931152344
250,201.84604,48.153961181640625
150,153.26312,-3.26312255859375
75,72.79482,2.2051773071289062
75,60.86678,14.133220672607422
150,93.115456,56.884544372558594
78,115.432396,-37.432395935058594
225,175.76608,49.233917236328125
400,198.40266,201.5973358154297
140,96.45434,43.54566192626953
55,81.00381,-26.003807067871094
299,259.9442,39.0557861328125
110,183.04588,-73.04588317871094
130,133.45258,-3.45257568359375
70,83.04715,-13.047149658203125
310,259.17334,50.82666015625
85,54.704094,30.29590606689453
95,118.20026,-23.20025634765625
288,273.50568,14.49432373046875
189,117.44715,71.55284881591797
140,225.20547,-85.20547485351562
110,103.880875,6.1191253662109375
349,134.5074,214.4925994873047
85,66.78544,18.214561462402344
65,61.80459,3.1954116821289062
165,118.13101,46.868988037109375
69,139.12953,-70.12953186035156
70,147.87947,-77.87947082519531
70,86.441826,-16.44182586669922
70,70.366325,-0.36632537841796875
185,150.52544,34.47456359863281
300,299.71655,0.283447265625
67,57.499214,9.500785827636719
999,165.88248,833.1175231933594
99,167.9646,-68.964599609375
199,444.28644,-245.28643798828125
90,57.490025,32.50997543334961
114,89.62937,24.370628356933594
45,60.55596,-15.555961608886719
140,220.53928,-80.53927612304688
45,65.15746,-20.15746307373047
29,59.02583,-30.025829315185547
69,99.796616,-30.796615600585938
60,54.121418,5.878582000732422
100,118.24328,-18.24327850341797
150,263.1533,-113.15328979492188
100,80.551346,19.448654174804688
178,153.09213,24.907867431640625
120,156.78416,-36.78416442871094
140,175.5811,-35.58110046386719
65,74.64297,-9.642967224121094
295,250.40303,44.59696960449219
199,211.35954,-12.359542846679688
165,217.47835,-52.47834777832031
100,69.48317,30.516830444335938
80,90.14882,-10.148818969726562
159,167.28822,-8.288223266601562
42,35.298218,6.7017822265625
239,337.63187,-98.63186645507812
200,426.0116,-226.0115966796875
165,179.66869,-14.668685913085938
240,207.7432,32.256805419921875
70,67.06283,2.9371719360351562
60,45.307686,14.692314147949219
120,71.06641,48.93359375
50,80.463264,-30.46326446533203
95,141.30284,-46.30284118652344
59,64.185005,-5.185005187988281
80,119.797485,-39.7974853515625
55,77.202866,-22.202865600585938
250,260.57327,-10.573272705078125
165,177.15237,-12.152374267578125
65,35.951347,29.04865264892578
150,97.528595,52.471405029296875
65,93.96658,-28.966583251953125
60,67.39287,-7.3928680419921875
100,60.680706,39.31929397583008
55,82.47557,-27.475570678710938
100,139.30168,-39.30168151855469
120,78.12799,41.87200927734375
45,81.89607,-36.89607238769531
140,123.9948,16.005203247070312
49,82.93397,-33.93396759033203
100,82.47921,17.520790100097656
80,169.33092,-89.33091735839844
750,447.9728,302.0271911621094
60,57.182648,2.817352294921875
80,75.34009,4.659912109375
42,45.28592,-3.285919189453125
450,195.12883,254.8711700439453
250,306.80112,-56.801116943359375
77,115.834274,-38.83427429199219
133,183.3822,-50.3822021484375
59,63.16513,-4.165130615234375
129,169.61252,-40.612518310546875
129,62.520557,66.47944259643555
169,194.17635,-25.176345825195312
121,104.83867,16.161331176757812
595,275.15485,319.84515380859375
200,167.89899,32.10101318359375
115,125.90727,-10.907272338867188
129,297.61877,-168.6187744140625
234,172.41827,61.58172607421875
365,182.09485,182.9051513671875
25,71.95546,-46.95545959472656
95,89.45923,5.540771484375
129,173.31038,-44.31037902832031
80,88.4066,-8.406600952148438
49,87.44345,-38.443450927734375
35,66.70489,-31.70488739013672
149,225.81691,-76.81690979003906
300,221.2839,78.71609497070312
239,257.72043,-18.720428466796875
375,155.93161,219.06838989257812
355,136.76855,218.2314453125
65,122.67615,-57.6761474609375
350,207.75444,142.2455596923828
45,62.618084,-17.618083953857422
79,63.367416,15.632583618164062
450,353.308,96.69198608398438
270,133.43811,136.5618896484375
55,67.934,-12.933998107910156
220,483.832,-263.8320007324219
50,60.680496,-10.680496215820312
250,161.2353,88.76469421386719
500,297.04797,202.9520263671875
60,80.49099,-20.490989685058594
90,119.70219,-29.702186584472656
44,36.01205,7.987949371337891
139,145.27164,-6.271636962890625
375,167.73955,207.2604522705078
35,67.53498,-32.53498077392578
55,50.852917,4.147083282470703
110,213.63016,-103.63015747070312
153,280.02066,-127.02066040039062
100,180.19588,-80.19587707519531
85,71.530556,13.469444274902344
110,113.62473,-3.6247329711914062
85,109.41888,-24.41887664794922
199,181.08965,17.910354614257812
45,81.11288,-36.112876892089844
95,83.93218,11.067817687988281
199,184.49828,14.501724243164062
50,58.153103,-8.15310287475586
99,215.28354,-116.28353881835938
180,229.19302,-49.193023681640625
60,59.77812,0.22188186645507812
115,193.2653,-78.26530456542969
154,245.92172,-91.92172241210938
190,337.52118,-147.52117919921875
223,247.15915,-24.159149169921875
110,59.099533,50.90046691894531
400,331.172,68.8280029296875
40,75.65287,-35.652870178222656
35,61.56126,-26.561260223388672
150,212.69434,-62.6943359375
28,47.95564,-19.955638885498047
400,159.09552,240.90447998046875
250,152.99728,97.00271606445312
365,106.48473,258.51526641845703
180,201.78848,-21.788482666015625
95,161.38478,-66.38478088378906
75,78.088295,-3.0882949829101562
145,173.99948,-28.999481201171875
250,356.6326,-106.63259887695312
115,169.97412,-54.97412109375
85,60.130386,24.869613647460938
210,194.14453,15.85546875
49,61.402557,-12.402557373046875
35,87.27307,-52.2730712890625
250,317.21713,-67.21713256835938
99,115.588715,-16.588714599609375
175,120.34228,54.65772247314453
295,135.06055,159.939453125
68,94.0864,-26.086402893066406
109,176.78221,-67.78221130371094
180,158.4953,21.50469970703125
76,86.30743,-10.307426452636719
75,131.17,-56.16999816894531
40,47.585754,-7.58575439453125
75,71.72052,3.27947998046875
232,99.40081,132.59918975830078
175,154.16599,20.834014892578125
200,182.7418,17.258193969726562
39,47.117985,-8.117984771728516
103,78.55087,24.449127197265625
120,66.90199,53.09800720214844
74,199.58163,-125.58163452148438
120,68.68291,51.31709289550781
92,92.27774,-0.277740478515625
80,121.97576,-41.97576141357422
195,146.82343,48.17657470703125
50,70.03782,-20.037818908691406
350,268.46915,81.53085327148438
95,97.23307,-2.2330703735351562
142,194.7973,-52.79730224609375
45,58.009804,-13.009803771972656
149,230.54634,-81.54634094238281
190,197.85501,-7.855010986328125
150,204.67075,-54.670745849609375
200,141.30261,58.6973876953125
50,82.147316,-32.147315979003906
49,54.55587,-5.555870056152344
250,187.45107,62.54893493652344
186,179.94092,6.05908203125
620,415.44626,204.55374145507812
80,110.15549,-30.155487060546875
90,190.28726,-100.28726196289062
95,335.62225,-240.62225341796875
160,175.86418,-15.864181518554688
150,146.22194,3.7780609130859375
68,143.83252,-75.83251953125
78,60.87664,17.12335968017578
95,119.97306,-24.973060607910156
300,189.97932,110.02067565917969
200,114.01555,85.98445129394531
600,222.15593,377.8440704345703
179,167.69536,11.304641723632812
99,160.32024,-61.32023620605469
155,103.324295,51.67570495605469
620,344.20825,275.791748046875
120,105.256195,14.743804931640625
120,159.9427,-39.94270324707031
85,61.87154,23.128459930419922
239,251.29898,-12.298980712890625
150,179.50826,-29.508255004882812
50,65.67416,-15.674156188964844
89,89.695015,-0.6950149536132812
45,56.718765,-11.718765258789062
240,284.15665,-44.156646728515625
699,656.70404,42.29595947265625
250,255.19511,-5.1951141357421875
70,73.167625,-3.1676254272460938
95,120.55743,-25.55742645263672
50,54.09357,-4.093570709228516
98,133.85063,-35.85063171386719
89,117.16551,-28.165512084960938
170,189.1821,-19.182098388671875
575,334.9656,240.03439331054688
125,98.08519,26.914810180664062
269,231.27518,37.724822998046875
60,171.23988,-111.23988342285156
1000,499.34,500.6600036621094
72,65.48337,6.516632080078125
75,148.79784,-73.79783630371094
150,179.96486,-29.964859008789062
125,151.61092,-26.610916137695312
200,234.42873,-34.42872619628906
40,54.30534,-14.305339813232422
220,211.32014,8.679855346679688
329,314.5304,14.4696044921875
132,142.40652,-10.406524658203125
90,77.39924,12.600761413574219
149,166.02373,-17.023727416992188
140,208.55238,-68.55238342285156
225,198.7841,26.215896606445312
139,265.5283,-126.52828979492188
99,122.504234,-23.504234313964844
47,87.02554,-40.025543212890625
125,113.851265,11.148735046386719
25,35.857395,-10.85739517211914
50,91.979576,-41.979576110839844
68,130.92499,-62.92498779296875
177,193.86852,-16.868515014648438
220,149.66122,70.33877563476562
120,186.26503,-66.26502990722656
99,118.60804,-19.60803985595703
87,170.89265,-83.89265441894531
200,312.0767,-112.07669067382812
115,123.556984,-8.556983947753906
160,159.94078,0.0592193603515625
45,50.659283,-5.659282684326172
275,175.71051,99.28948974609375
50,61.252514,-11.252513885498047
65,60.38255,4.617450714111328
87,74.36761,12.632392883300781
60,182.57944,-122.57943725585938
60,76.534836,-16.534835815429688
60,84.97077,-24.97077178955078
150,371.34088,-221.34088134765625
107,202.50465,-95.50465393066406
66,138.01656,-72.01655578613281
35,75.165184,-40.165184020996094
500,296.033,203.96701049804688
250,254.48553,-4.48553466796875
150,196.83745,-46.83744812011719
50,74.63605,-24.63604736328125
40,59.180958,-19.180957794189453
189,274.1971,-85.19711303710938
295,273.17767,21.82232666015625
199,301.40723,-102.4072265625
129,194.33301,-65.3330078125
55,68.73785,-13.737846374511719
150,149.41689,0.5831146240234375
220,313.77908,-93.77908325195312
350,315.7683,34.231689453125
124,157.91177,-33.911773681640625
55,45.938076,9.06192398071289
99,137.67326,-38.67326354980469
450,208.40038,241.59962463378906
472,318.81964,153.18035888671875
250,226.42789,23.572113037109375
65,85.20467,-20.204673767089844
55,82.28705,-27.28704833984375
275,269.25308,5.746917724609375
108,230.16121,-122.16120910644531
65,73.52243,-8.522430419921875
37,58.290565,-21.290565490722656
279,270.83435,8.1656494140625
99,498.93042,-399.930419921875
79,81.61473,-2.6147308349609375
199,160.62758,38.37242126464844
90,243.45558,-153.45558166503906
100,64.20163,35.798370361328125
195,201.1157,-6.1157073974609375
30,55.277,-25.277000427246094
114,129.44164,-15.441635131835938
195,197.80605,-2.8060455322265625
100,113.19618,-13.196182250976562
90,162.11276,-72.11276245117188
70,143.6381,-73.63810729980469
75,79.26546,-4.2654571533203125
65,38.64627,26.353729248046875
85,77.58936,7.410636901855469
120,70.21656,49.78343963623047
49,102.70185,-53.70185089111328
140,152.39333,-12.393325805664062
150,98.959526,51.04047393798828
45,66.29968,-21.2996826171875
163,159.83449,3.1655120849609375
65,69.07139,-4.071388244628906
75,84.68759,-9.687591552734375
289,212.34805,76.65194702148438
150,132.80563,17.194366455078125
65,84.28495,-19.284950256347656
38,62.14953,-24.14952850341797
209,259.95474,-50.954742431640625
75,124.17765,-49.177650451660156
330,345.44394,-15.443939208984375
190,202.76494,-12.764938354492188
130,140.48471,-10.484710693359375
199,146.86557,52.134429931640625
805,268.24655,536.7534484863281
45,53.032227,-8.0322265625
45,55.978104,-10.978103637695312
203,332.84003,-129.84002685546875
199,166.12186,32.878143310546875
400,350.2031,49.796905517578125
250,253.00446,-3.00445556640625
210,202.46048,7.539520263671875
52,59.27954,-7.279541015625
175,169.45674,5.5432586669921875
65,89.92551,-24.925506591796875
73,91.85114,-18.85114288330078
135,188.94981,-53.94981384277344
88,112.181595,-24.181594848632812
154,167.90523,-13.905227661132812
350,197.83902,152.16098022460938
55,51.44625,3.5537490844726562
130,235.21472,-105.2147216796875
125,172.47197,-47.47196960449219
125,177.76855,-52.7685546875
75,167.5849,-92.58489990234375
120,229.64005,-109.64004516601562
50,56.468643,-6.4686431884765625
130,167.09438,-37.09437561035156
36,61.06199,-25.061988830566406
45,85.927345,-40.927345275878906
200,167.27026,32.729736328125
60,59.544495,0.45550537109375
168,239.10976,-71.10975646972656
235,47.99207,187.00793075561523
100,76.35987,23.64012908935547
65,69.38241,-4.382408142089844
60,85.86324,-25.863243103027344
90,79.9341,10.065902709960938
100,129.35173,-29.351730346679688
26,85.69136,-59.69136047363281
219,152.36201,66.63798522949219
183,224.02625,-41.0262451171875
140,108.645935,31.35406494140625
107,152.2324,-45.23240661621094
60,61.011265,-1.0112648010253906
250,181.24855,68.75144958496094
222,180.20404,41.79595947265625
97,143.59111,-46.59111022949219
90,75.414345,14.585655212402344
150,180.76114,-30.761138916015625
101,294.12494,-193.12493896484375
199,258.9822,-59.982208251953125
99,121.2575,-22.25749969482422
51,62.396202,-11.396202087402344
50,84.427925,-34.42792510986328
90,130.64282,-40.642822265625
80,95.10706,-15.107063293457031
499,272.62024,226.3797607421875
50,83.27609,-33.276092529296875
52,53.19198,-1.1919784545898438
55,82.2624,-27.26239776611328
128,72.99065,55.00935363769531
70,92.87848,-22.87847900390625
109,87.07881,21.921188354492188
138,147.39693,-9.396926879882812
140,171.9187,-31.918701171875
179,233.50816,-54.50816345214844
125,242.8297,-117.82969665527344
359,130.92212,228.077880859375
150,135.80087,14.199127197265625
191,187.47562,3.524383544921875
75,58.49817,16.5018310546875
65,63.803486,1.1965141296386719
1046,703.56903,342.43096923828125
202,159.0911,42.908905029296875
75,85.679535,-10.679534912109375
265,290.557,-25.5570068359375
85,74.13148,10.868522644042969
225,181.76498,43.235015869140625
105,133.30365,-28.30364990234375
306,275.42014,30.579864501953125
75,63.761105,11.238895416259766
260,157.02385,102.97615051269531
175,171.19923,3.8007659912109375
117,111.337166,5.662834167480469
100,121.83641,-21.836410522460938
850,493.6023,356.397705078125
125,100.19057,24.809432983398438
95,78.29352,16.70648193359375
164,208.44159,-44.44158935546875
100,109.32707,-9.327072143554688
280,245.40523,34.59477233886719
85,92.868576,-7.8685760498046875
70,62.077244,7.922756195068359
400,158.48222,241.5177764892578
102,135.02724,-33.02723693847656
99,71.764946,27.23505401611328
125,156.86713,-31.86712646484375
150,182.35674,-32.35673522949219
99,147.6946,-48.69459533691406
117,177.92625,-60.92625427246094
90,287.96475,-197.96475219726562
150,179.6774,-29.677398681640625
80,101.456924,-21.456924438476562
72,67.80882,4.1911773681640625
62,51.9445,10.055500030517578
100,165.17128,-65.17127990722656
85,76.30805,8.691947937011719
45,62.18383,-17.18383026123047
80,90.35166,-10.351661682128906
80,63.632465,16.367534637451172
100,192.43037,-92.43037414550781
52,59.753777,-7.753776550292969
45,56.719612,-11.719612121582031
155,314.56436,-159.56436157226562
99,141.09024,-42.090240478515625
69,72.02078,-3.020782470703125
58,67.597275,-9.597274780273438
60,75.384674,-15.384674072265625
140,181.72525,-41.725250244140625
72,83.330894,-11.330894470214844
675,558.4448,116.55517578125
101,108.700386,-7.700386047363281
75,129.5735,-54.57350158691406
69,61.59797,7.402030944824219
99,112.500946,-13.500946044921875
88,79.7392,8.26080322265625
55,236.64246,-181.6424560546875
150,175.08992,-25.089920043945312
325,309.81155,15.188446044921875
150,142.08887,7.9111328125
50,53.084595,-3.0845947265625
245,153.95854,91.04145812988281
275,132.89227,142.10772705078125
60,65.32239,-5.3223876953125
50,80.26749,-30.267486572265625
72,84.827446,-12.827445983886719
99,57.280937,41.71906280517578
43,50.291252,-7.291252136230469
100,139.53178,-39.53178405761719
325,164.64818,160.35182189941406
200,184.95798,15.042022705078125
55,56.697952,-1.6979522705078125
226,250.61467,-24.614669799804688
138,87.71661,50.28338623046875
79,92.42353,-13.423530578613281
249,196.31161,52.688385009765625
80,70.04801,9.951988220214844
190,174.3104,15.689605712890625
64,58.79845,5.201549530029297
80,53.071884,26.928115844726562
145,81.59024,63.409759521484375
50,60.027447,-10.027446746826172
75,89.61071,-14.610710144042969
154,130.94467,23.055328369140625
175,270.90897,-95.90896606445312
8500,312.17737,8187.8226318359375
66,69.53272,-3.5327224731445312
300,168.0935,131.906494140625
255,330.1546,-75.15460205078125
220,264.69806,-44.69805908203125
100,58.237896,41.76210403442383
175,188.75774,-13.757736206054688
120,79.718475,40.281524658203125
350,253.30322,96.69677734375
70,56.1672,13.832801818847656
80,58.078957,21.921043395996094
115,143.33685,-28.33685302734375
100,126.95484,-26.95484161376953
200,346.4108,-146.41079711914062
94,65.68566,28.31433868408203
65,65.35728,-0.35727691650390625
210,259.2538,-49.253814697265625
195,217.18521,-22.185211181640625
119,163.77463,-44.774627685546875
44,66.109985,-22.1099853515625
50,80.47983,-30.479827880859375
119,76.93358,42.06642150878906
55,19.63136,35.3686408996582
55,360.12567,-305.12567138671875
175,208.31778,-33.317779541015625
225,170.02449,54.97550964355469
67,76.85935,-9.859352111816406
130,164.62338,-34.623382568359375
135,146.70325,-11.7032470703125
95,141.55893,-46.558929443359375
250,198.28358,51.71641540527344
84,62.839127,21.160873413085938
87,157.2132,-70.21319580078125
120,164.76564,-44.76564025878906
120,167.41522,-47.41522216796875
80,110.03337,-30.033370971679688
55,73.30547,-18.30547332763672
70,101.12138,-31.121383666992188
85,158.75697,-73.75697326660156
130,179.05386,-49.053863525390625
80,94.784096,-14.784095764160156
70,115.47595,-45.4759521484375
160,228.48126,-68.48126220703125
80,156.6104,-76.61039733886719
799,876.0165,-77.0164794921875
125,145.6179,-20.617904663085938
20,15.747231,4.252769470214844
280,219.97227,60.02772521972656
449,307.03445,141.96554565429688
125,120.173004,4.826995849609375
150,183.04964,-33.04963684082031
90,168.36198,-78.36198425292969
150,296.7102,-146.710205078125
115,318.4443,-203.44430541992188
90,58.834324,31.16567611694336
200,191.07246,8.927536010742188
90,161.36401,-71.364013671875
195,216.0839,-21.083892822265625
65,154.52266,-89.52265930175781
200,233.36256,-33.36256408691406
150,197.36324,-47.36323547363281
309,389.35788,-80.35787963867188
183,211.28403,-28.284027099609375
185,184.19754,0.802459716796875
150,192.51057,-42.51057434082031
65,80.08105,-15.081047058105469
345,353.8523,-8.852294921875
35,57.736465,-22.736465454101562
85,136.79112,-51.79112243652344
100,130.34352,-30.343521118164062
106,238.0789,-132.0789031982422
39,70.70424,-31.704238891601562
600,175.55927,424.44073486328125
140,152.96863,-12.9686279296875
69,73.61544,-4.615440368652344
60,84.72317,-24.723167419433594
150,273.0059,-123.00588989257812
100,90.95893,9.041069030761719
99,93.507454,5.492546081542969
65,58.806206,6.193794250488281
85,135.05023,-50.05023193359375
50,117.92508,-67.92507934570312
30,76.32372,-46.32372283935547
49,58.221226,-9.22122573852539
100,50.149437,49.850563049316406
100,83.14055,16.859451293945312
99,63.858826,35.14117431640625
140,272.45654,-132.45654296875
229,200.48073,28.519271850585938
100,168.43332,-68.43331909179688
100,59.0721,40.92789840698242
30,61.506794,-31.506793975830078
200,141.73882,58.26118469238281
185,191.59546,-6.595458984375
200,154.3106,45.68940734863281
85,95.28845,-10.2884521484375
125,156.21355,-31.213546752929688
70,52.872066,17.127933502197266
402,233.58046,168.41954040527344
490,213.02438,276.9756164550781
45,121.30506,-76.30506134033203
69,93.1434,-24.143402099609375
150,85.11108,64.88892364501953
175,266.1777,-91.17770385742188
150,214.23996,-64.23995971679688
83,145.10081,-62.10081481933594
45,44.06145,0.9385490417480469
105,184.74652,-79.74652099609375
60,83.761955,-23.76195526123047
145,154.93294,-9.932937622070312
250,202.90501,47.09498596191406
162,158.3803,3.6197052001953125
90,143.23456,-53.23455810546875
120,160.85004,-40.85003662109375
150,171.0045,-21.004501342773438
179,330.49167,-151.49166870117188
451,418.28915,32.710845947265625
60,77.427155,-17.427154541015625
90,90.046234,-0.046234130859375
79,52.70161,26.298389434814453
168,200.80334,-32.8033447265625
75,65.83785,9.162147521972656
80,85.77149,-5.771492004394531
185,199.69147,-14.69146728515625
38,58.38218,-20.382179260253906
175,151.22542,23.774581909179688
90,190.57027,-100.57026672363281
255,358.9683,-103.96829223632812
100,121.17476,-21.174758911132812
43,71.818085,-28.818084716796875
249,288.01227,-39.01226806640625
50,87.78084,-37.78083801269531
35,82.166985,-47.16698455810547
55,74.33243,-19.332427978515625
265,196.17989,68.82011413574219
160,212.6623,-52.66229248046875
25,55.117798,-30.1177978515625
47,84.271385,-37.271385192871094
80,94.51872,-14.518722534179688
65,55.81918,9.18082046508789
500,360.08856,139.91143798828125
250,180.72876,69.271240234375
145,206.19176,-61.19175720214844
135,169.7364,-34.73640441894531
130,96.56523,33.43476867675781
182,219.44687,-37.446868896484375
40,66.1058,-26.105796813964844
275,371.0047,-96.00469970703125
377,307.03223,69.9677734375
85,71.7711,13.228897094726562
44,73.97443,-29.97442626953125
89,142.66978,-53.66978454589844
28,51.503757,-23.50375747680664
68,62.18596,5.8140411376953125
75,94.350426,-19.350425720214844
175,165.57552,9.424484252929688
80,64.38928,15.6107177734375
40,52.809868,-12.809867858886719
125,172.76607,-47.76606750488281
150,67.16971,82.83029174804688
25,136.95328,-111.95327758789062
150,139.32314,10.676864624023438
200,121.9095,78.09049987792969
40,96.39659,-56.39659118652344
80,86.68735,-6.687347412109375
50,72.281876,-22.281875610351562
150,113.4722,36.527801513671875
150,217.91718,-67.91717529296875
55,63.638462,-8.63846206665039
186,159.7383,26.261703491210938
132,69.9582,62.04180145263672
256,154.61394,101.38606262207031
120,218.10713,-98.10713195800781
100,192.106,-92.10600280761719
135,227.11479,-92.11479187011719
250,139.29872,110.70127868652344
120,106.14798,13.852020263671875
260,155.38417,104.61582946777344
32,54.2757,-22.275699615478516
90,83.05373,6.9462738037109375
167,242.11241,-75.11241149902344
70,63.226894,6.773105621337891
50,64.15439,-14.154388427734375
100,106.34861,-6.348609924316406
140,128.92372,11.076278686523438
148,127.80147,20.198532104492188
400,274.79044,125.20956420898438
100,113.91046,-13.91046142578125
78,166.45384,-88.45384216308594
250,179.33324,70.66676330566406
150,234.26329,-84.26329040527344
245,211.78458,33.215423583984375
40,63.26381,-23.263809204101562
250,176.88213,73.11787414550781
250,136.82262,113.17738342285156
195,189.5365,5.4635009765625
50,61.39158,-11.391578674316406
96,92.503365,3.4966354370117188
55,82.10322,-27.10321807861328
135,85.89934,49.10066223144531
100,393.64526,-293.645263671875
130,73.25896,56.74104309082031
275,196.31123,78.68876647949219
90,245.72012,-155.72012329101562
393,311.83817,81.16183471679688
150,225.02992,-75.02992248535156
85,53.250393,31.74960708618164
450,229.22327,220.7767333984375
90,83.29389,6.706108093261719
145,240.58066,-95.58065795898438
105,230.51282,-125.5128173828125
215,238.58652,-23.586517333984375
200,356.936,-156.93600463867188
250,356.0005,-106.00048828125
57,39.400875,17.599124908447266
110,165.5507,-55.55070495605469
38,52.437595,-14.43759536743164
150,103.08717,46.91282653808594
90,118.96516,-28.96515655517578
125,62.056755,62.94324493408203
115,161.79428,-46.794281005859375
245,261.71878,-16.718780517578125
200,239.49359,-39.49359130859375
80,81.005745,-1.0057449340820312
43,43.389492,-0.3894920349121094
140,148.46887,-8.4688720703125
250,214.2308,35.769195556640625
47,77.100525,-30.10052490234375
84,129.28429,-45.28428649902344
149,196.09702,-47.097015380859375
90,192.42839,-102.42839050292969
169,188.92886,-19.928863525390625
74,109.15453,-35.15453338623047
150,160.08319,-10.08319091796875
44,61.72426,-17.724258422851562
155,128.2503,26.74969482421875
130,80.38468,49.615318298339844
85,143.34164,-58.341644287109375
68,59.433414,8.566585540771484
200,230.83142,-30.8314208984375
45,58.82587,-13.825870513916016
299,210.44977,88.55023193359375
200,507.97897,-307.9789733886719
300,208.32387,91.67613220214844
100,150.87009,-50.870086669921875
158,164.98003,-6.9800262451171875
98,149.38722,-51.38722229003906
80,100.68367,-20.683670043945312
239,301.47366,-62.473663330078125
75,70.12946,4.870536804199219
210,271.60498,-61.60498046875
40,57.02019,-17.020191192626953
75,84.68757,-9.687568664550781
10,55.72059,-45.72058868408203
180,211.11293,-31.112930297851562
42,49.69718,-7.697181701660156
195,188.28967,6.7103271484375
41,81.83981,-40.839813232421875
150,87.931465,62.06853485107422
150,248.45595,-98.45594787597656
299,323.76053,-24.760528564453125
126,112.343994,13.656005859375
48,53.579205,-5.579204559326172
95,83.054115,11.945884704589844
650,201.85289,448.14710998535156
123,100.04152,22.958480834960938
35,45.8646,-10.864601135253906
94,133.17271,-39.17271423339844
40,77.946434,-37.946434020996094
265,367.862,-102.86199951171875
1500,516.21796,983.7820434570312
79,89.42444,-10.4244384765625
60,66.346695,-6.3466949462890625
160,123.363914,36.636085510253906
36,67.53745,-31.537452697753906
130,176.15567,-46.155670166015625
77,57.86398,19.13602066040039
175,171.02391,3.9760894775390625
199,254.3482,-55.34820556640625
169,245.74745,-76.74745178222656
120,122.45188,-2.4518814086914062
66,103.479294,-37.47929382324219
125,112.093575,12.906425476074219
48,80.65355,-32.65354919433594
90,118.96031,-28.960311889648438
65,130.21744,-65.21743774414062
110,110.98982,-0.9898223876953125
150,221.44553,-71.44552612304688
65,57.578545,7.421455383300781
600,1100.4636,-500.463623046875
120,90.27018,29.729820251464844
175,160.70679,14.293212890625
100,115.88713,-15.887130737304688
60,70.04975,-10.049751281738281
175,207.80151,-32.801513671875
105,88.864494,16.13550567626953
55,71.22651,-16.22650909423828
172,77.04313,94.95687103271484
149,153.59477,-4.5947723388671875
200,160.02957,39.970428466796875
166,207.79555,-41.79554748535156
50,439.88394,-389.8839416503906
130,180.94275,-50.9427490234375
120,152.24121,-32.2412109375
400,272.7897,127.21029663085938
43,77.73329,-34.73329162597656
47,59.69842,-12.698421478271484
189,214.83685,-25.83685302734375
61,75.82671,-14.826713562011719
299,357.81992,-58.819915771484375
120,70.64154,49.35845947265625
85,105.797745,-20.797744750976562
70,84.60902,-14.609016418457031
200,193.79146,6.2085418701171875
80,189.80951,-109.80950927734375
69,600.19464,-531.1946411132812
875,98.23913,776.760871887207
195,303.8252,-108.8251953125
89,135.21916,-46.21916198730469
280,164.08568,115.91432189941406
90,163.7293,-73.72929382324219
200,69.06045,130.9395523071289
80,138.27925,-58.27925109863281
118,186.02217,-68.02217102050781
140,109.53055,30.469451904296875
260,215.17502,44.824981689453125
125,97.12849,27.87151336669922
172,205.66835,-33.66835021972656
374,229.4235,144.57650756835938
35,56.70499,-21.70499038696289
55,86.290504,-31.290504455566406
125,113.62902,11.370979309082031
150,102.70242,47.297576904296875
80,106.89,-26.889999389648438
225,239.42816,-14.42816162109375
99,179.96869,-80.96868896484375
180,186.89233,-6.892333984375
300,239.35088,60.64912414550781
534,500.83554,33.164459228515625
85,89.96012,-4.960121154785156
90,135.4692,-45.46919250488281
55,107.52593,-52.52593231201172
56,84.47739,-28.477386474609375
85,69.77284,15.227157592773438
49,77.797615,-28.79761505126953
65,79.12885,-14.128852844238281
70,61.384857,8.615142822265625
95,118.82127,-23.821273803710938
50,61.841614,-11.84161376953125
376,279.03162,96.9683837890625
99,55.35152,43.64847946166992
207,341.6882,-134.68820190429688
220,183.66112,36.33888244628906
125,148.3029,-23.302902221679688
110,86.961685,23.038314819335938
250,69.80927,180.19072723388672
53,79.72797,-26.72796630859375
95,72.76259,22.237411499023438
500,268.95743,231.04257202148438
50,48.363594,1.6364059448242188
51,58.515507,-7.515506744384766
69,159.81345,-90.81344604492188
190,116.82967,73.17032623291016
30,52.455982,-22.455982208251953
30,45.21764,-15.217639923095703
79,148.4331,-69.43310546875
200,266.2803,-66.28030395507812
55,74.42017,-19.42017364501953
177,71.67964,105.32035827636719
130,192.6115,-62.61149597167969
70,86.07459,-16.07459259033203
119,102.17231,16.82769012451172
162,214.28627,-52.28627014160156
2000,229.22295,1770.7770538330078
24,83.307755,-59.30775451660156
650,268.20154,381.7984619140625
159,158.47118,0.5288238525390625
75,71.823654,3.1763458251953125
45,61.87696,-16.87696075439453
300,197.26837,102.73162841796875
89,93.638,-4.63800048828125
39,50.588497,-11.588497161865234
250,225.07922,24.9207763671875
149,159.76364,-10.763641357421875
100,103.90255,-3.9025497436523438
375,162.30843,212.6915740966797
47,44.92735,2.072650909423828
115,88.0139,26.986099243164062
450,299.7802,150.21978759765625
75,61.509434,13.49056625366211
500,329.15848,170.84152221679688
69,67.29608,1.70391845703125
699,383.4778,315.5221862792969
175,147.84883,27.151168823242188
80,69.33133,10.668670654296875
80,100.52903,-20.529029846191406
200,175.50203,24.497970581054688
145,102.9998,42.00019836425781
79,107.199486,-28.199485778808594
229,285.84958,-56.849578857421875
165,111.69505,53.30494689941406
115,177.80266,-62.80265808105469
79,111.06096,-32.06095886230469
399,278.1897,120.810302734375
50,71.57729,-21.577293395996094
90,71.77773,18.222267150878906
60,96.63022,-36.630218505859375
119,84.53916,34.460838317871094
120,132.74158,-12.7415771484375
58,59.38741,-1.3874092102050781
125,216.11485,-91.11485290527344
125,146.78722,-21.787216186523438
100,104.16163,-4.161628723144531
199,1649.0516,-1450.0516357421875
102,172.29654,-70.29653930664062
85,208.0359,-123.03590393066406
85,106.81905,-21.819053649902344
45,40.596745,4.403255462646484
139,161.0206,-22.020599365234375
169,232.59947,-63.59947204589844
93,81.13573,11.864273071289062
120,117.94072,2.0592803955078125
84,133.31807,-49.31806945800781
99,91.26809,7.731910705566406
59,56.617954,2.3820457458496094
55,78.6939,-23.69390106201172
1250,181.23645,1068.7635498046875
41,49.4793,-8.479301452636719
200,266.61353,-66.613525390625
97,158.52824,-61.52824401855469
28,32.975506,-4.975505828857422
150,197.68544,-47.68544006347656
100,132.48625,-32.48625183105469
70,107.64732,-37.64732360839844
125,157.01039,-32.01039123535156
175,163.40605,11.593948364257812
75,81.11287,-6.1128692626953125
119,136.2586,-17.25860595703125
140,142.4231,-2.423095703125
225,172.283,52.71699523925781
100,85.28159,14.718406677246094
115,113.347466,1.6525344848632812
189,287.10504,-98.10504150390625
1000,313.52753,686.4724731445312
55,54.290417,0.7095832824707031
160,156.44202,3.5579833984375
40,73.00074,-33.00074005126953
180,168.69522,11.304779052734375
105,106.5191,-1.5190963745117188
120,152.6249,-32.62489318847656
65,67.2713,-2.27130126953125
105,152.6208,-47.62080383300781
235,158.29533,76.70466613769531
144,187.16391,-43.163909912109375
200,140.48846,59.51153564453125
200,150.63942,49.36058044433594
150,146.25317,3.746826171875
75,108.96898,-33.96897888183594
220,157.32715,62.6728515625
33,49.864338,-16.864337921142578
40,169.11465,-129.11465454101562
100,124.08089,-24.080886840820312
205,169.24283,35.757171630859375
85,85.96742,-0.9674224853515625
70,106.38871,-36.388710021972656
200,200.00508,-0.0050811767578125
39,67.90217,-28.90216827392578
53,69.798965,-16.798965454101562
150,160.57646,-10.576461791992188
200,253.16275,-53.162750244140625
219,127.24512,91.7548828125
168,189.56187,-21.561874389648438
65,61.385715,3.6142845153808594
265,255.49162,9.508377075195312
110,139.00435,-29.004348754882812
199,122.7699,76.2301025390625
175,105.699684,69.3003158569336
65,68.41305,-3.4130477905273438
180,191.4558,-11.455795288085938
190,540.25024,-350.250244140625
145,178.68033,-33.680328369140625
140,162.78804,-22.788040161132812
499,293.488,205.51199340820312
73,85.09291,-12.092910766601562
42,33.386772,8.613227844238281
78,79.76124,-1.7612380981445312
165,262.61374,-97.61373901367188
200,134.8849,65.11509704589844
45,48.31896,-3.318958282470703
195,171.82545,23.174545288085938
240,185.88542,54.11457824707031
200,61.86622,138.13378143310547
100,98.06492,1.9350814819335938
86,97.68527,-11.685272216796875
120,125.60202,-5.602020263671875
173,167.26958,5.7304229736328125
85,72.14811,12.851890563964844
199,196.56323,2.436767578125
105,127.50865,-22.508651733398438
200,576.03687,-376.036865234375
69,71.09539,-2.0953903198242188
100,139.07414,-39.07414245605469
190,198.31314,-8.313140869140625
44,63.835934,-19.835933685302734
400,531.59564,-131.59564208984375
185,240.20755,-55.207550048828125
255,147.1583,107.84170532226562
75,106.162605,-31.16260528564453
79,69.76114,9.238861083984375
60,64.36567,-4.365669250488281
85,78.23083,6.769172668457031
115,144.65237,-29.652374267578125
160,892.44763,-732.4476318359375
73,102.23489,-29.234893798828125
130,201.97882,-71.97882080078125
250,264.0694,-14.06939697265625
30,101.49715,-71.49714660644531
60,48.084835,11.915164947509766
399,279.3661,119.6339111328125
115,108.950966,6.049034118652344
200,120.18405,79.81594848632812
115,321.67303,-206.67303466796875
60,67.06758,-7.0675811767578125
58,74.02037,-16.020370483398438
200,216.97972,-16.979721069335938
249,187.02818,61.97181701660156
105,115.49592,-10.495918273925781
175,175.08159,-0.0815887451171875
315,235.47903,79.52096557617188
275,254.97696,20.023040771484375
70,70.69232,-0.69232177734375
1200,306.64624,893.353759765625
100,243.29407,-143.2940673828125
79,41.887688,37.11231231689453
119,169.51883,-50.518829345703125
120,122.28743,-2.2874298095703125
150,181.85461,-31.8546142578125
95,61.963497,33.036502838134766
135,161.42963,-26.42962646484375
119,248.13162,-129.13162231445312
120,128.61511,-8.6151123046875
59,72.78054,-13.780540466308594
190,180.93814,9.061859130859375
260,285.1305,-25.1304931640625
65,53.541203,11.458797454833984
300,564.8775,-264.87750244140625
270,147.11978,122.88021850585938
145,215.2236,-70.22360229492188
70,84.999374,-14.999374389648438
75,69.75661,5.2433929443359375
179,353.69864,-174.69863891601562
150,168.1727,-18.172698974609375
140,228.46718,-88.46717834472656
269,197.5864,71.41360473632812
60,61.761745,-1.7617454528808594
90,163.83589,-73.83589172363281
33,47.723866,-14.723865509033203
90,89.99298,0.00701904296875
659,248.31026,410.6897430419922
114,156.06091,-42.0609130859375
250,136.46837,113.53163146972656
117,93.712524,23.2874755859375
100,102.88066,-2.8806610107421875
180,265.08075,-85.08074951171875
90,127.90843,-37.90843200683594
69,75.423096,-6.423095703125
200,224.84099,-24.840988159179688
37,56.77117,-19.77117156982422
140,229.88927,-89.88926696777344
99,176.39848,-77.39848327636719
85,148.09695,-63.096954345703125
100,140.97047,-40.97047424316406
67,110.4449,-43.44490051269531
250,186.56093,63.43907165527344
62,80.578224,-18.578224182128906
119,149.3293,-30.329299926757812
300,241.17947,58.820526123046875
524,287.4944,236.505615234375
189,185.10316,3.8968353271484375
115,243.7297,-128.72970581054688
80,51.421535,28.57846450805664
105,179.53026,-74.53025817871094
199,92.4486,106.55139923095703
60,60.289677,-0.2896766662597656
190,201.8653,-11.86529541015625
175,113.26903,61.73097229003906
500,236.44534,263.5546569824219
200,189.77936,10.22064208984375
99,492.56015,-393.5601501464844
450,366.5667,83.43328857421875
124,114.39221,9.6077880859375
110,212.10632,-102.1063232421875
100,121.21852,-21.218521118164062
45,76.568985,-31.568984985351562
100,150.81995,-50.8199462890625
49,80.641846,-31.641845703125
60,76.913605,-16.913604736328125
49,127.85435,-78.8543472290039
119,149.43272,-30.432723999023438
55,34.309574,20.690425872802734
150,164.10956,-14.10955810546875
150,128.62262,21.37738037109375
99,54.737087,44.26291275024414
310,208.30814,101.69186401367188
150,175.02994,-25.029937744140625
90,106.49547,-16.495468139648438
70,94.103874,-24.10387420654297
175,178.65825,-3.6582489013671875
100,151.15326,-51.15325927734375
115,175.59807,-60.59806823730469
75,87.812706,-12.812705993652344
200,136.5713,63.42869567871094
285,171.51158,113.48841857910156
145,294.02484,-149.02484130859375
148,115.363014,32.636985778808594
279,276.13123,2.8687744140625
239,198.44531,40.5546875
200,299.89377,-99.89376831054688
175,152.0292,22.970794677734375
206,205.68301,0.316986083984375
349,370.255,-21.2550048828125
130,173.44284,-43.442840576171875
130,116.1633,13.836700439453125
60,91.55448,-31.554481506347656
65,135.23415,-70.23414611816406
295,478.12967,-183.12966918945312
250,192.69736,57.302642822265625
250,69.939804,180.06019592285156
90,77.97273,12.027267456054688
599,326.99756,272.00244140625
160,161.78464,-1.784637451171875
120,166.14897,-46.14897155761719
180,149.99796,30.002044677734375
80,119.99073,-39.99073028564453
98,91.11415,6.8858489990234375
45,56.438293,-11.43829345703125
135,244.2387,-109.23869323730469
49,74.38008,-25.380081176757812
150,157.75911,-7.7591094970703125
60,378.03738,-318.0373840332031
102,121.35762,-19.357620239257812
53,67.94481,-14.944808959960938
90,282.97156,-192.9715576171875
250,101.632454,148.36754608154297
275,329.68964,-54.68963623046875
36,77.5793,-41.57929992675781
390,220.81201,169.18798828125
150,162.725,-12.725006103515625
66,71.61774,-5.61773681640625
500,313.5985,186.4014892578125
300,281.91226,18.087738037109375
120,62.10746,57.892539978027344
42,58.019722,-16.01972198486328
98,199.78172,-101.78172302246094
37,180.29959,-143.29959106445312
57,91.69124,-34.69123840332031
37,48.62481,-11.624809265136719
55,51.775074,3.224925994873047
175,199.34653,-24.346527099609375
99,48.80824,50.1917610168457
199,219.43326,-20.433258056640625
275,223.4938,51.506195068359375
100,81.823296,18.17670440673828
50,52.69979,-2.6997909545898438
100,165.71579,-65.71578979492188
97,128.31465,-31.314651489257812
65,88.19362,-23.193618774414062
103,108.10105,-5.101051330566406
200,154.04832,45.95167541503906
99,307.55447,-208.55447387695312
54,86.69592,-32.6959228515625
85,85.3166,-0.31659698486328125
39,51.794872,-12.794872283935547
175,208.85071,-33.8507080078125
350,290.11404,59.885955810546875
400,235.64975,164.35025024414062
184,293.30106,-109.30105590820312
98,62.344345,35.65565490722656
65,75.98014,-10.980140686035156
150,100.16535,49.83464813232422
80,75.66851,4.331489562988281
125,339.0187,-214.01870727539062
119,150.7634,-31.763397216796875
315,380.6807,-65.68069458007812
68,51.538998,16.461002349853516
40,33.708855,6.291145324707031
55,72.95348,-17.95348358154297
110,148.55269,-38.55268859863281
120,121.29097,-1.2909698486328125
75,51.66946,23.33053970336914
169,252.97044,-83.97044372558594
350,225.90309,124.09690856933594
1000,2038.1956,-1038.195556640625
160,217.51537,-57.51536560058594
144,171.66307,-27.663070678710938
80,85.812065,-5.812065124511719
343,286.18283,56.817169189453125
199,195.3258,3.6741943359375
199,180.4779,18.5220947265625
398,110.19209,287.8079071044922
300,226.09834,73.90165710449219
100,75.18263,24.817367553710938
85,70.65849,14.341506958007812
100,111.39948,-11.399482727050781
100,146.84909,-46.849090576171875
80,58.45629,21.54370880126953
90,175.08054,-85.08053588867188
200,182.14171,17.858291625976562
35,70.59001,-35.59001159667969
150,218.99219,-68.9921875
125,162.17812,-37.17811584472656
70,57.500423,12.499576568603516
295,146.81331,148.1866912841797
150,161.64641,-11.646408081054688
99,112.42839,-13.428390502929688
154,220.75813,-66.75813293457031
90,70.70425,19.295753479003906
59,58.222595,0.77740478515625
140,209.7895,-69.78950500488281
90,78.54081,11.459190368652344
85,68.262,16.737998962402344
190,175.38795,14.612045288085938
150,298.24765,-148.24765014648438
275,208.81265,66.18734741210938
239,236.91194,2.0880584716796875
70,61.826435,8.173564910888672
200,215.5021,-15.502105712890625
225,170.6172,54.38279724121094
175,157.72345,17.27655029296875
60,42.116795,17.88320541381836
115,78.91853,36.08146667480469
450,183.1067,266.89329528808594
75,74.19584,0.8041610717773438
160,215.52657,-55.52656555175781
185,140.35391,44.646087646484375
165,265.38138,-100.38137817382812
99,199.7884,-100.78840637207031
65,66.49456,-1.4945602416992188
70,132.32408,-62.32408142089844
75,205.75189,-130.75189208984375
65,76.0241,-11.024101257324219
45,42.869247,2.1307525634765625
50,67.52601,-17.52600860595703
65,69.45068,-4.45068359375
235,501.33157,-266.3315734863281
195,180.82303,14.176971435546875
127,152.18182,-25.18182373046875
450,382.42584,67.57415771484375
120,77.132,42.86799621582031
154,162.20593,-8.2059326171875
79,163.43365,-84.43365478515625
100,166.61696,-66.61695861816406
250,203.6978,46.30220031738281
300,252.21341,47.786590576171875
45,54.853325,-9.853324890136719
160,116.94966,43.05033874511719
190,128.74516,61.25483703613281
160,133.18393,26.816070556640625
70,60.267673,9.73232650756836
90,77.81622,12.18377685546875
120,102.3223,17.677696228027344
380,407.6787,-27.6787109375
135,203.78032,-68.78031921386719
120,229.02975,-109.02975463867188
55,108.73091,-53.73091125488281
350,283.2874,66.71258544921875
75,114.68987,-39.68987274169922
149,101.06247,47.937530517578125
60,71.191505,-11.191505432128906
248,193.485,54.51499938964844
115,150.96677,-35.966766357421875
250,225.15709,24.842910766601562
150,205.32024,-55.32023620605469
200,315.63074,-115.6307373046875
114,157.59949,-43.5994873046875
80,137.2926,-57.2926025390625
80,66.67684,13.323158264160156
199,170.24828,28.751724243164062
60,57.606594,2.3934059143066406
200,252.15266,-52.15266418457031
135,133.4031,1.596893310546875
65,70.5285,-5.52850341796875
215,205.3107,9.689300537109375
275,181.58511,93.41488647460938
115,175.51591,-60.51591491699219
180,198.85078,-18.850784301757812
30,42.49503,-12.49502944946289
106,192.82329,-86.82328796386719
129,192.09253,-63.092529296875
102,122.88903,-20.88903045654297
120,83.47349,36.526512145996094
55,48.87665,6.123348236083984
76,124.11897,-48.11897277832031
81,128.94266,-47.942657470703125
110,120.57451,-10.574508666992188
200,166.09229,33.90771484375
148,358.04282,-210.04281616210938
125,108.04961,16.950393676757812
118,173.17471,-55.174713134765625
128,118.28868,9.711318969726562
60,71.34673,-11.346733093261719
195,218.93358,-23.933578491210938
38,53.023476,-15.023475646972656
65,110.40026,-45.40026092529297
239,258.2979,-19.29791259765625
125,176.35867,-51.358673095703125
60,78.35289,-18.352890014648438
140,128.97366,11.026336669921875
55,72.60651,-17.60650634765625
33,55.518898,-22.518898010253906
215,181.47873,33.521270751953125
60,75.61789,-15.617889404296875
160,353.6472,-193.64718627929688
55,66.21129,-11.211288452148438
450,279.51862,170.48138427734375
40,90.97686,-50.97686004638672
150,177.7547,-27.75469970703125
120,88.51145,31.488548278808594
67,84.986305,-17.986305236816406
50,67.27138,-17.271377563476562
95,93.48579,1.5142135620117188
75,171.96478,-96.96478271484375
60,89.3056,-29.30560302734375
55,75.178246,-20.178245544433594
140,101.573074,38.42692565917969
70,276.23886,-206.23886108398438
48,431.22836,-383.2283630371094
105,111.46065,-6.4606475830078125
170,293.41974,-123.41973876953125
70,149.29,-79.28999328613281
119,137.12523,-18.125228881835938
99,295.95654,-196.95654296875
40,59.081284,-19.081283569335938
270,184.86298,85.13702392578125
130,126.45043,3.5495681762695312
100,98.002235,1.9977645874023438
150,143.26262,6.7373809814453125
129,155.04332,-26.043319702148438
100,78.38906,21.610939025878906
80,72.01748,7.982521057128906
42,71.9235,-29.923500061035156
130,244.06882,-114.06881713867188
180,135.42206,44.57794189453125
200,160.3841,39.61590576171875
69,61.161186,7.838813781738281
30,51.083027,-21.083026885986328
199,338.65033,-139.65032958984375
129,154.42932,-25.4293212890625
50,62.414524,-12.41452407836914
75,66.45717,8.542831420898438
273,740.4005,-467.4005126953125
78,81.646416,-3.6464157104492188
180,179.68169,0.3183135986328125
90,149.90056,-59.90055847167969
200,105.4078,94.59220123291016
140,139.78552,0.2144775390625
300,253.52292,46.477081298828125
100,158.22835,-58.22834777832031
120,167.62395,-47.62394714355469
40,73.967186,-33.967185974121094
38,30.309109,7.690891265869141
200,226.43988,-26.43988037109375
150,145.1769,4.8231048583984375
142,264.30182,-122.30181884765625
99,83.97325,15.026748657226562
200,165.3428,34.657196044921875
250,212.49928,37.50071716308594
225,183.56332,41.436676025390625
228,253.40128,-25.401275634765625
65,142.1349,-77.13490295410156
130,151.99828,-21.998275756835938
160,109.466545,50.53345489501953
60,60.552876,-0.5528755187988281
75,135.83011,-60.830108642578125
31,71.30533,-40.305328369140625
206,229.04745,-23.047454833984375
100,180.8804,-80.88040161132812
180,231.04787,-51.04786682128906
50,66.231026,-16.23102569580078
105,143.35905,-38.35905456542969
199,256.97913,-57.9791259765625
60,57.169125,2.8308753967285156
334,276.62943,57.370574951171875
48,66.90661,-18.90660858154297
110,60.475452,49.5245475769043
80,147.51039,-67.51039123535156
140,197.60284,-57.60284423828125
250,215.55956,34.44044494628906
119,137.38393,-18.383926391601562
200,196.08983,3.9101715087890625
100,52.44753,47.55247116088867
99,121.614395,-22.614395141601562
57,94.037285,-37.03728485107422
120,246.65242,-126.65242004394531
175,93.28604,81.71395874023438
185,68.540955,116.45904541015625
180,335.65414,-155.65414428710938
59,67.181,-8.180999755859375
275,285.26288,-10.26287841796875
80,87.17716,-7.177162170410156
48,81.604065,-33.60406494140625
148,166.27347,-18.273468017578125
50,70.30096,-20.30095672607422
52,141.7005,-89.70050048828125
140,164.33983,-24.339828491210938
77,65.74572,11.254280090332031
55,74.466446,-19.466445922851562
75,61.125935,13.874065399169922
42,57.514965,-15.514965057373047
149,138.87991,10.120086669921875
38,59.291462,-21.291461944580078
800,234.97841,565.0215911865234
199,290.1545,-91.15451049804688
37,97.73971,-60.739707946777344
100,124.07928,-24.07927703857422
45,64.24986,-19.249862670898438
75,47.573593,27.426406860351562
250,289.90402,-39.904022216796875
65,68.01476,-3.0147628784179688
110,281.83032,-171.830322265625
50,69.27882,-19.27881622314453
175,231.53853,-56.53852844238281
182,188.7234,-6.7234039306640625
60,88.67808,-28.678077697753906
125,138.6336,-13.63360595703125
150,225.53137,-75.5313720703125
302,199.15726,102.84274291992188
45,70.277534,-25.27753448486328
230,207.68044,22.319564819335938
109,169.52744,-60.527435302734375
125,121.01306,3.9869384765625
100,139.28973,-39.28973388671875
40,57.466152,-17.46615219116211
108,127.4509,-19.450897216796875
140,163.35216,-23.352157592773438
185,426.92047,-241.92047119140625
65,147.41275,-82.41275024414062
85,127.872215,-42.872215270996094
303,387.65607,-84.65606689453125
150,121.05567,28.94432830810547
375,232.22163,142.7783660888672
280,135.1676,144.8323974609375
80,66.3451,13.654899597167969
75,53.564777,21.435222625732422
75,60.864834,14.13516616821289
200,194.00305,5.9969482421875
120,106.24438,13.755622863769531
285,209.25676,75.74324035644531
55,144.59595,-89.595947265625
45,293.7832,-248.783203125
95,123.01346,-28.013458251953125
145,92.03912,52.96087646484375
50,57.67448,-7.674480438232422
600,216.1014,383.8986053466797
150,118.61682,31.3831787109375
75,71.14506,3.8549423217773438
119,198.45486,-79.45486450195312
89,154.89006,-65.89006042480469
140,123.802765,16.197235107421875
250,247.44574,2.55426025390625
64,51.73534,12.264659881591797
185,113.43466,71.56533813476562
52,72.5585,-20.558502197265625
66,71.57915,-5.5791473388671875
38,63.03005,-25.030048370361328
110,137.88905,-27.889053344726562
118,186.69664,-68.69664001464844
75,46.574074,28.425926208496094
135,217.64766,-82.64765930175781
369,637.72003,-268.72003173828125
93,142.35474,-49.354736328125
95,147.53226,-52.532257080078125
35,71.46749,-36.467491149902344
180,196.6839,-16.68389892578125
115,156.87898,-41.87898254394531
240,313.9515,-73.95150756835938
80,97.51401,-17.514007568359375
129,128.69571,0.304290771484375
50,79.972885,-29.972885131835938
79,120.18223,-41.182228088378906
180,167.7533,12.2467041015625
135,114.469215,20.530784606933594
94,123.51199,-29.511993408203125
300,156.52861,143.4713897705078
150,180.08305,-30.083053588867188
150,186.6007,-36.60069274902344
63,68.61704,-5.617042541503906
33,65.69891,-32.69891357421875
47,41.200474,5.799526214599609
136,133.06297,2.9370269775390625
289,113.80726,175.19274139404297
72,133.82758,-61.82757568359375
146,276.25778,-130.25778198242188
42,42.558945,-0.5589447021484375
115,157.57088,-42.57087707519531
126,217.04457,-91.04457092285156
175,248.28046,-73.28045654296875
250,200.52568,49.47431945800781
500,421.80084,78.19915771484375
218,261.1485,-43.14849853515625
150,166.52448,-16.52447509765625
130,188.9148,-58.914794921875
149,156.44676,-7.4467620849609375
150,286.9761,-136.97610473632812
115,248.94696,-133.94696044921875
260,310.8313,-50.831298828125
45,63.112885,-18.112884521484375
30,75.67374,-45.673736572265625
166,243.76251,-77.76251220703125
225,306.47266,-81.47265625
150,230.76324,-80.76324462890625
45,52.787228,-7.787227630615234
105,74.05898,30.941017150878906
65,82.50331,-17.503311157226562
43,69.983765,-26.9837646484375
230,195.32227,34.677734375
350,236.09195,113.90805053710938
40,54.29468,-14.294681549072266
249,404.99115,-155.99114990234375
40,70.03893,-30.03893280029297
60,69.736115,-9.736114501953125
108,146.29675,-38.2967529296875
200,168.45612,31.54388427734375
250,216.91142,33.08857727050781
350,523.8702,-173.87017822265625
45,58.3877,-13.387699127197266
175,196.98788,-21.987884521484375
75,206.07289,-131.07289123535156
150,319.27628,-169.27627563476562
100,102.19252,-2.1925201416015625
65,102.53482,-37.534820556640625
151,245.85515,-94.85514831542969
49,56.405907,-7.405906677246094
100,108.53524,-8.535240173339844
140,171.74295,-31.742950439453125
375,352.07056,22.929443359375
70,92.57502,-22.57501983642578
70,54.068523,15.931476593017578
80,382.94116,-302.941162109375
85,53.81428,31.185718536376953
250,173.68843,76.31156921386719
185,72.10538,112.89462280273438
35,43.187374,-8.187374114990234
60,77.621216,-17.6212158203125
50,55.017857,-5.017856597900391
92,127.869675,-35.86967468261719
175,396.0552,-221.05520629882812
358,198.34824,159.65176391601562
100,64.56624,35.43376159667969
122,87.574165,34.42583465576172
75,299.27844,-224.2784423828125
45,68.68475,-23.68475341796875
150,144.38625,5.6137542724609375
300,265.76508,34.23492431640625
150,184.69948,-34.69947814941406
80,160.85252,-80.85252380371094
110,75.255714,34.744285583496094
123,146.96559,-23.965591430664062
39,56.705147,-17.70514678955078
99,197.56119,-98.56118774414062
135,159.35963,-24.359634399414062
140,95.953094,44.046905517578125
150,148.60101,1.39898681640625
98,187.01054,-89.01054382324219
150,192.26945,-42.26945495605469
116,162.98726,-46.98725891113281
250,246.6199,3.380096435546875
160,248.68231,-88.68231201171875
65,69.41343,-4.413429260253906
135,159.64479,-24.644790649414062
99,89.73518,9.264816284179688
325,231.05927,93.94073486328125
50,71.39754,-21.397537231445312
49,57.564533,-8.564533233642578
189,134.47035,54.52964782714844
89,235.04932,-146.04931640625
30,51.409515,-21.409515380859375
149,315.26486,-166.26486206054688
100,139.43903,-39.43902587890625
100,124.716225,-24.716224670410156
85,90.30774,-5.3077392578125
325,176.46242,148.53758239746094
60,57.304123,2.6958770751953125
110,169.588,-59.58799743652344
58,99.2044,-41.20439910888672
100,96.490166,3.5098342895507812
399,220.92693,178.0730743408203
45,171.59207,-126.59207153320312
60,54.256332,5.7436676025390625
110,178.06322,-68.06321716308594
70,111.469765,-41.469764709472656
65,96.84653,-31.846527099609375
150,347.57956,-197.57955932617188
45,61.960407,-16.960407257080078
210,228.95741,-18.957412719726562
714,560.3276,153.67242431640625
99,268.82477,-169.82476806640625
65,65.44667,-0.4466705322265625
110,94.09955,15.90045166015625
105,121.113914,-16.113914489746094
150,241.1173,-91.11729431152344
297,225.70549,71.29450988769531
75,191.615,-116.61500549316406
150,246.4267,-96.42669677734375
110,154.52972,-44.52972412109375
68,118.661964,-50.661964416503906
75,68.47187,6.528129577636719
279,251.67665,27.323348999023438
119,195.77225,-76.77224731445312
450,201.77844,248.2215576171875
900,468.30185,431.6981506347656
63,94.54567,-31.545669555664062
125,216.62344,-91.62344360351562
60,91.93708,-31.93708038330078
276,329.06332,-53.063323974609375
131,181.70753,-50.70753479003906
39,55.531685,-16.53168487548828
120,296.8704,-176.87039184570312
50,83.15217,-33.15216827392578
155,306.86313,-151.86312866210938
70,66.258766,3.7412338256835938
45,64.65074,-19.650741577148438
31,192.26907,-161.26907348632812
72,85.795715,-13.79571533203125
75,80.19568,-5.1956787109375
76,112.70426,-36.704261779785156
85,76.024765,8.975234985351562
120,111.05421,8.945793151855469
49,57.43918,-8.439178466796875
70,23.286556,46.713443756103516
40,54.44121,-14.441211700439453
400,296.14,103.8599853515625
35,58.17592,-23.175918579101562
90,89.92829,0.07170867919921875
250,160.159,89.84100341796875
65,85.69497,-20.694969177246094
75,54.638714,20.361286163330078
70,72.1212,-2.1212005615234375
110,91.57637,18.423629760742188
205,123.008286,81.99171447753906
175,117.07223,57.927772521972656
160,170.39128,-10.391281127929688
165,250.9278,-85.92779541015625
39,73.46355,-34.46354675292969
150,177.51434,-27.51434326171875
210,172.84592,37.154083251953125
439,290.62167,148.37832641601562
308,304.4841,3.515899658203125
145,107.56248,37.437522888183594
120,170.9515,-50.951507568359375
51,66.37384,-15.37384033203125
100,227.74475,-127.7447509765625
65,57.586185,7.413814544677734
70,59.575714,10.424285888671875
75,264.83743,-189.83743286132812
45,81.2858,-36.285797119140625
180,141.81232,38.18768310546875
55,79.34727,-24.347267150878906
53,61.850517,-8.850517272949219
110,129.90375,-19.90374755859375
229,280.99008,-51.990081787109375
199,180.24525,18.754745483398438
30,62.03173,-32.03173065185547
100,71.07788,28.922119140625
120,92.29176,27.708236694335938
250,285.48004,-35.48004150390625
82,72.21296,9.787040710449219
75,124.56124,-49.561241149902344
59,104.32204,-45.32203674316406
200,269.28928,-69.28927612304688
130,169.86403,-39.86402893066406
130,76.864105,53.135894775390625
200,389.8846,-189.88461303710938
75,65.07666,9.92333984375
90,104.005806,-14.005805969238281
100,177.08511,-77.08511352539062
62,70.98284,-8.982841491699219
290,323.64587,-33.6458740234375
649,457.0742,191.92581176757812
225,191.75284,33.247161865234375
160,145.46918,14.53082275390625
50,100.54483,-50.544830322265625
50,57.71708,-7.717079162597656
170,238.58347,-68.58346557617188
159,199.96927,-40.969268798828125
45,64.53053,-19.530532836914062
95,154.56522,-59.565216064453125
70,74.58197,-4.58197021484375
50,70.77409,-20.774093627929688
50,71.776924,-21.77692413330078
60,138.99936,-78.99935913085938
369,228.23701,140.7629852294922
160,145.97084,14.029159545898438
40,52.67939,-12.679389953613281
33,34.257298,-1.2572975158691406
98,111.08749,-13.087486267089844
120,120.90814,-0.90814208984375
120,91.20155,28.798446655273438
100,116.32614,-16.326141357421875
495,323.16412,171.83587646484375
337,665.53143,-328.53143310546875
200,252.99294,-52.99293518066406
70,163.37245,-93.37245178222656
150,75.61804,74.3819580078125
55,106.90084,-51.900840759277344
150,237.77417,-87.774169921875
100,87.59957,12.400428771972656
79,883.17395,-804.1739501953125
75,134.26807,-59.26806640625
175,211.58087,-36.58087158203125
265,180.26526,84.7347412109375
135,141.15573,-6.155731201171875
245,322.08264,-77.0826416015625
90,88.61408,1.3859176635742188
228,240.11253,-12.112533569335938
949,194.28552,754.7144775390625
299,393.13928,-94.1392822265625
160,243.38368,-83.38368225097656
63,76.04724,-13.0472412109375
80,179.27858,-99.27857971191406
150,143.44868,6.5513153076171875
130,168.93271,-38.932708740234375
345,107.05313,237.94686889648438
129,100.77889,28.221107482910156
90,90.15207,-0.152069091796875
65,98.75325,-33.75325012207031
90,151.81622,-61.81622314453125
180,131.15456,48.84544372558594
125,119.512505,5.487495422363281
60,263.78815,-203.78814697265625
110,94.71217,15.287826538085938
125,122.20012,2.7998809814453125
66,51.751938,14.248062133789062
151,186.70804,-35.708038330078125
40,89.72334,-49.72334289550781
398,408.19324,-10.1932373046875
75,171.54645,-96.54644775390625
170,273.18457,-103.1845703125
300,323.85217,-23.8521728515625
125,217.23822,-92.23822021484375
35,55.677917,-20.67791748046875
95,86.31333,8.686668395996094
98,102.947296,-4.947296142578125
49,77.75643,-28.756431579589844
145,148.6651,-3.66510009765625
300,190.27448,109.72552490234375
100,338.14566,-238.14566040039062
80,61.91789,18.082111358642578
120,129.53828,-9.538284301757812
80,83.75031,-3.7503128051757812
60,61.578476,-1.5784759521484375
120,135.88698,-15.886978149414062
200,162.7459,37.25410461425781
90,76.06048,13.939521789550781
228,285.1925,-57.1925048828125
70,84.203606,-14.203605651855469
110,90.77994,19.220062255859375
50,119.27034,-69.27033996582031
53,63.653774,-10.65377426147461
150,121.60819,28.391807556152344
139,230.20549,-91.20549011230469
180,169.65768,10.342315673828125
224,171.4384,52.56159973144531
45,75.143166,-30.143165588378906
67,85.66655,-18.666549682617188
225,218.47652,6.5234832763671875
100,61.40415,38.59585189819336
190,179.21783,10.78216552734375
238,276.85657,-38.8565673828125
75,94.51872,-19.518722534179688
39,57.594303,-18.594303131103516
40,60.83862,-20.838619232177734
400,229.6904,170.30960083007812
395,360.73535,34.2646484375
159,164.8815,-5.881500244140625
119,235.09462,-116.09461975097656
300,362.7612,-62.761199951171875
100,65.33734,34.66265869140625
150,195.76054,-45.76054382324219
165,217.39964,-52.39964294433594
50,65.01376,-15.013763427734375
155,268.63623,-113.63623046875
50,56.239532,-6.239532470703125
150,83.97304,66.02696228027344
200,232.76628,-32.76628112792969
135,191.1467,-56.146697998046875
199,264.08743,-65.08743286132812
75,75.04089,-0.0408935546875
109,143.11693,-34.11692810058594
408,304.50876,103.49124145507812
60,54.11249,5.887508392333984
50,58.88617,-8.88616943359375
130,196.04297,-66.04296875
95,80.338234,14.661766052246094
125,163.0088,-38.00880432128906
199,365.42438,-166.42437744140625
127,140.65468,-13.654678344726562
45,97.63119,-52.631187438964844
279,390.98956,-111.98956298828125
35,57.824135,-22.824134826660156
270,198.44612,71.55387878417969
46,45.324028,0.6759719848632812
55,65.52873,-10.528732299804688
65,89.19081,-24.190811157226562
550,244.61987,305.380126953125
282,260.741,21.259002685546875
195,168.3781,26.621902465820312
80,77.0046,2.9953994750976562
70,62.55926,7.440738677978516
100,178.84293,-78.84292602539062
70,115.77717,-45.77716827392578
97,137.08302,-40.08302307128906
40,68.330284,-28.330284118652344
250,143.19502,106.80497741699219
98,88.299385,9.700614929199219
985,187.83162,797.1683807373047
260,269.46606,-9.466064453125
300,514.43445,-214.4344482421875
45,186.42624,-141.42623901367188
119,162.48038,-43.480377197265625
89,199.59435,-110.59434509277344
300,169.06801,130.93199157714844
130,113.452774,16.547225952148438
100,85.71317,14.286827087402344
85,68.729614,16.2703857421875
55,42.812786,12.187213897705078
103,77.50237,25.49762725830078
75,71.166145,3.8338546752929688
75,64.29089,10.7091064453125
179,220.77,-41.77000427246094
179,175.361,3.639007568359375
55,76.59712,-21.597122192382812
39,46.207222,-7.207221984863281
167,129.78418,37.2158203125
65,97.64308,-32.64308166503906
75,87.592514,-12.592514038085938
100,76.20583,23.794166564941406
945,201.77806,743.2219390869141
150,180.97748,-30.97747802734375
80,103.64889,-23.648887634277344
50,43.807148,6.192852020263672
55,59.667664,-4.66766357421875
170,205.77618,-35.77618408203125
30,57.864403,-27.864402770996094
40,58.724293,-18.724292755126953
154,140.05193,13.948074340820312
80,54.278954,25.721046447753906
190,172.24678,17.753219604492188
160,89.53935,70.46064758300781
180,330.35294,-150.35293579101562
250,194.36513,55.63487243652344
44,56.298306,-12.29830551147461
70,57.447227,12.552772521972656
410,234.89366,175.10633850097656
80,63.87729,16.122711181640625
125,117.83699,7.1630096435546875
40,75.9924,-35.992401123046875
140,179.47316,-39.47315979003906
263,184.5377,78.46229553222656
34,36.584774,-2.5847740173339844
300,107.96727,192.03273010253906
48,69.757065,-21.757064819335938
180,198.41959,-18.419586181640625
165,86.93413,78.06587219238281
251,284.84277,-33.8427734375
200,147.61502,52.384979248046875
59,94.98169,-35.981689453125
65,74.43809,-9.438087463378906
100,338.60486,-238.6048583984375
100,92.48726,7.5127410888671875
150,300.95282,-150.95281982421875
86,149.07854,-63.07853698730469
39,60.407223,-21.407222747802734
45,47.78143,-2.7814292907714844
150,136.81071,13.189285278320312
900,648.35205,251.64794921875
149,129.72493,19.275070190429688
58,78.62433,-20.62432861328125
135,269.45834,-134.45834350585938
115,117.842964,-2.8429641723632812
60,57.17663,2.8233718872070312
100,109.38106,-9.381057739257812
60,67.02864,-7.0286407470703125
119,150.33704,-31.3370361328125
120,212.1616,-92.16160583496094
150,146.95897,3.0410308837890625
50,113.88287,-63.88287353515625
100,185.50761,-85.50761413574219
133,135.48485,-2.4848480224609375
35,54.978287,-19.978286743164062
100,84.87114,15.128860473632812
400,410.39432,-10.394317626953125
60,43.531307,16.468692779541016
99,83.96033,15.0396728515625
200,173.33447,26.66552734375
100,81.62257,18.37743377685547
99,62.71005,36.28995132446289
88,148.8873,-60.887298583984375
250,538.166,-288.166015625
79,60.50288,18.497119903564453
200,149.57564,50.42436218261719
210,439.67343,-229.67343139648438
65,89.869255,-24.86925506591797
45,73.52469,-28.524688720703125
140,209.87457,-69.87457275390625
150,364.10495,-214.10494995117188
110,163.21814,-53.2181396484375
59,186.08441,-127.08441162109375
115,186.24289,-71.24288940429688
180,222.56126,-42.56126403808594
55,52.027294,2.972705841064453
75,49.407944,25.592056274414062
297,285.9309,11.069091796875
50,39.45741,10.542591094970703
65,52.267193,12.732807159423828
79,73.45284,5.547157287597656
320,300.15338,19.84661865234375
145,129.33635,15.663650512695312
45,55.907608,-10.907608032226562
49,71.720924,-22.720924377441406
75,64.44672,10.55328369140625
95,219.8037,-124.80369567871094
50,81.874275,-31.87427520751953
85,105.817245,-20.817245483398438
35,54.69939,-19.699390411376953
36,82.87571,-46.875709533691406
185,240.51306,-55.5130615234375
31,74.109695,-43.10969543457031
125,212.33215,-87.3321533203125
140,142.6396,-2.6396026611328125
95,82.50417,12.495826721191406
40,62.723476,-22.72347640991211
259,74.06749,184.93251037597656
99,87.97222,11.027778625488281
60,35.8957,24.10430145263672
101,59.092377,41.907623291015625
99,125.35769,-26.357688903808594
62,91.955055,-29.955055236816406
82,82.7509,-0.7509002685546875
142,78.01339,63.986610412597656
80,117.60899,-37.60899353027344
175,124.35511,50.64488983154297
99,110.10928,-11.109283447265625
300,287.48572,12.5142822265625
898,353.97733,544.0226745605469
120,205.61003,-85.61003112792969
200,114.16622,85.83377838134766
65,66.50977,-1.5097732543945312
143,132.9995,10.000503540039062
295,272.1721,22.827911376953125
99,144.57747,-45.57746887207031
150,169.99207,-19.9920654296875
475,249.90489,225.09510803222656
58,82.78476,-24.784759521484375
64,164.66058,-100.66058349609375
250,335.04413,-85.04412841796875
117,191.18556,-74.18556213378906
30,41.70752,-11.70751953125
164,195.21951,-31.219512939453125
85,87.06256,-2.06256103515625
112,79.26746,32.73253631591797
150,132.96085,17.039154052734375
350,178.28157,171.7184295654297
125,211.15233,-86.15232849121094
300,229.01344,70.98655700683594
90,149.98463,-59.98463439941406
100,94.77313,5.22686767578125
85,152.07062,-67.07061767578125
170,105.96073,64.03926849365234
85,96.12904,-11.129043579101562
45,31.985435,13.014564514160156
70,68.780045,1.2199554443359375
73,70.09345,2.9065475463867188
90,98.94935,-8.949348449707031
60,141.62413,-81.62413024902344
325,267.80432,57.1956787109375
163,139.30006,23.699935913085938
333,685.9484,-352.94842529296875
125,194.4834,-69.4833984375
150,175.30757,-25.307571411132812
130,230.22153,-100.22152709960938
125,179.03131,-54.03131103515625
220,211.83641,8.163589477539062
78,121.695435,-43.6954345703125
219,285.45953,-66.45953369140625
125,122.84049,2.1595077514648438
75,97.76573,-22.765731811523438
240,328.33542,-88.33541870117188
200,232.0321,-32.0321044921875
55,94.852776,-39.85277557373047
49,43.651093,5.348907470703125
50,53.298935,-3.2989349365234375
350,393.92203,-43.922027587890625
60,66.24134,-6.241340637207031
99,65.65735,33.3426513671875
195,225.42989,-30.429885864257812
100,84.092896,15.9071044921875
56,71.3202,-15.320198059082031
65,70.641335,-5.641334533691406
220,147.15752,72.84248352050781
55,47.680214,7.319786071777344
275,236.63338,38.36662292480469
120,130.51031,-10.51031494140625
105,155.2171,-50.21710205078125
65,79.76508,-14.765083312988281
56,37.289406,18.710594177246094
110,170.52011,-60.520111083984375
120,134.01723,-14.017227172851562
200,368.45767,-168.45767211914062
85,88.36531,-3.3653106689453125
70,64.58918,5.410820007324219
66,76.84931,-10.849311828613281
199,124.22927,74.7707290649414
115,123.97201,-8.972007751464844
40,47.3643,-7.364299774169922
50,61.28575,-11.285751342773438
50,99.72543,-49.725433349609375
90,69.18006,20.81993865966797
219,306.21222,-87.21221923828125
120,127.49831,-7.4983062744140625
95,85.0455,9.954498291015625
70,81.78083,-11.780830383300781
74,84.763985,-10.763984680175781
500,112.1296,387.87039947509766
85,51.18166,33.81834030151367
75,69.653305,5.3466949462890625
128,181.5605,-53.56050109863281
90,126.778595,-36.778594970703125
169,164.55144,4.4485626220703125
105,178.5624,-73.56239318847656
40,52.009212,-12.009212493896484
330,224.2814,105.71859741210938
125,96.512794,28.487205505371094
90,126.62775,-36.62774658203125
225,182.90485,42.09515380859375
95,64.44966,30.550338745117188
95,72.67252,22.327476501464844
120,178.68039,-58.680389404296875
295,173.67099,121.32901000976562
140,226.23245,-86.23245239257812
60,59.668266,0.33173370361328125
120,454.10165,-334.1016540527344
90,88.30204,1.6979598999023438
50,56.66178,-6.661781311035156
50,47.00753,2.9924697875976562
85,107.966995,-22.966995239257812
150,212.40689,-62.406890869140625
61,141.27496,-80.27496337890625
100,252.6046,-152.60459899902344
59,57.497738,1.5022621154785156
55,75.86408,-20.86408233642578
130,154.80156,-24.801559448242188
40,68.62384,-28.62384033203125
245,255.40497,-10.40496826171875
50,51.580536,-1.580535888671875
69,61.72145,7.2785491943359375
48,62.923374,-14.92337417602539
28,251.6324,-223.6324005126953
134,180.8457,-46.845703125
90,126.94435,-36.94435119628906
90,130.83516,-40.83515930175781
300,169.7739,130.22610473632812
115,135.77179,-20.77178955078125
10,77.08893,-67.08892822265625
186,208.52136,-22.5213623046875
100,153.60107,-53.60107421875
115,177.08644,-62.08644104003906
109,152.78026,-43.78025817871094
300,118.39963,181.60037231445312
26,39.30587,-13.305870056152344
359,213.63431,145.36569213867188
120,128.01773,-8.017730712890625
159,179.3687,-20.368698120117188
110,140.64905,-30.6490478515625
70,92.39071,-22.390708923339844
145,105.37044,39.62956237792969
150,138.87033,11.129669189453125
75,150.16429,-75.16429138183594
120,195.64664,-75.64663696289062
159,277.0981,-118.09811401367188
80,89.221504,-9.221504211425781
225,228.38185,-3.3818511962890625
103,53.870926,49.12907409667969
125,133.5016,-8.501602172851562
120,108.776985,11.223014831542969
135,244.15968,-109.15968322753906
450,244.29936,205.7006378173828
150,155.6606,-5.6605987548828125
120,86.611336,33.38866424560547
100,125.61586,-25.615859985351562
95,78.61799,16.38201141357422
200,162.54416,37.455841064453125
137,161.16624,-24.166244506835938
220,307.47775,-87.47775268554688
55,62.560608,-7.56060791015625
34,35.806366,-1.806365966796875
195,208.69907,-13.699066162109375
103,234.27495,-131.2749481201172
18,8.150219,9.849781036376953
90,72.504906,17.495094299316406
200,231.89543,-31.895431518554688
199,191.69499,7.3050079345703125
75,57.548386,17.451614379882812
100,96.88566,3.1143417358398438
125,153.50122,-28.501220703125
175,150.89793,24.102066040039062
539,283.2325,255.76748657226562
45,56.997417,-11.997417449951172
60,47.881115,12.118885040283203
125,107.95013,17.04987335205078
260,109.35008,150.64991760253906
60,79.8915,-19.891502380371094
115,100.51934,14.480659484863281
77,89.496376,-12.496376037597656
29,58.093243,-29.093242645263672
150,125.452156,24.54784393310547
53,84.318016,-31.318016052246094
70,83.81488,-13.81488037109375
175,197.01291,-22.012908935546875
135,162.50029,-27.500289916992188
180,277.55905,-97.55905151367188
100,63.270817,36.729183197021484
150,160.39641,-10.396408081054688
53,55.881943,-2.8819427490234375
125,133.80424,-8.804244995117188
55,83.193565,-28.193565368652344
120,219.32076,-99.32075500488281
65,66.05012,-1.0501174926757812
36,53.30791,-17.307910919189453
195,102.81508,92.18492126464844
217,111.41814,105.58186340332031
130,264.24478,-134.24478149414062
499,1192.3209,-693.3209228515625
250,203.27785,46.72215270996094
95,98.92186,-3.9218597412109375
175,163.54745,11.452545166015625
126,165.786,-39.78599548339844
55,77.89214,-22.89214324951172
135,223.16185,-88.16184997558594
900,183.02257,716.9774322509766
190,194.8152,-4.8152008056640625
150,170.4324,-20.432403564453125
145,138.32831,6.67169189453125
190,206.56561,-16.56561279296875
250,174.38528,75.61471557617188
100,102.56415,-2.56414794921875
120,199.86754,-79.86753845214844
85,113.65873,-28.658729553222656
151,83.09124,67.90876007080078
71,82.36588,-11.365882873535156
35,46.1252,-11.125198364257812
289,316.41492,-27.4149169921875
95,57.154705,37.84529495239258
35,65.27186,-30.27185821533203
129,132.08777,-3.0877685546875
85,79.95385,5.046150207519531
95,112.091965,-17.091964721679688
50,61.5647,-11.564701080322266
100,140.22229,-40.2222900390625
117,171.81831,-54.81831359863281
39,90.14904,-51.14904022216797
50,84.036705,-34.036705017089844
62,251.94684,-189.94683837890625
45,55.326782,-10.3267822265625
120,489.04477,-369.0447692871094
80,82.64929,-2.6492919921875
50,66.50705,-16.507049560546875
170,149.21439,20.785614013671875
45,86.33396,-41.333961486816406
89,128.77309,-39.77308654785156
150,184.81778,-34.817779541015625
90,100.06334,-10.063339233398438
300,161.11763,138.8823699951172
80,86.62701,-6.627006530761719
40,40.660183,-0.6601829528808594
33,62.783268,-29.783267974853516
55,67.646065,-12.646064758300781
150,104.66693,45.33306884765625
350,243.95795,106.04205322265625
72,77.87256,-5.87255859375
450,204.39188,245.60812377929688
159,182.66782,-23.667816162109375
120,97.74372,22.25627899169922
73,95.40269,-22.402687072753906
99,48.859028,50.14097213745117
35,32.13735,2.862651824951172
90,89.315735,0.68426513671875
375,341.00217,33.997833251953125
85,147.71704,-62.717041015625
185,293.6156,-108.6156005859375
134,193.57271,-59.57270812988281
40,93.11827,-53.11827087402344
180,229.44855,-49.44854736328125
100,75.723854,24.276145935058594
87,109.27033,-22.27033233642578
500,105.30341,394.6965866088867
85,145.70149,-60.70149230957031
105,175.52895,-70.52894592285156
40,63.166317,-23.166316986083984
160,211.44379,-51.44378662109375
100,172.64302,-72.64302062988281
70,67.25505,2.7449493408203125
250,418.30603,-168.3060302734375
150,135.98126,14.01873779296875
71,91.142235,-20.142234802246094
160,252.08122,-92.08122253417969
450,295.3366,154.66339111328125
245,129.24654,115.75346374511719
89,119.53985,-30.53984832763672
60,30.934156,29.06584358215332
225,184.39734,40.6026611328125
29,64.70546,-35.70545959472656
160,110.5633,49.43669891357422
599,323.362,275.63800048828125
95,83.255394,11.744606018066406
30,134.19159,-104.19158935546875
105,139.72346,-34.72346496582031
80,138.38106,-58.38105773925781
75,68.2157,6.7843017578125
150,142.62717,7.372833251953125
105,125.36248,-20.36248016357422
114,91.47567,22.524330139160156
35,48.545574,-13.545574188232422
89,57.787003,31.212997436523438
200,245.19873,-45.19873046875
88,89.23147,-1.2314682006835938
135,216.8894,-81.889404296875
65,50.75664,14.243358612060547
88,148.762,-60.761993408203125
190,247.39684,-57.39683532714844
119,155.14705,-36.14704895019531
90,99.64767,-9.647666931152344
30,53.066704,-23.06670379638672
225,187.90689,37.093109130859375
31,56.392223,-25.392223358154297
200,199.99,0.0099945068359375
55,52.764416,2.235584259033203
65,142.82834,-77.82833862304688
50,71.8725,-21.87249755859375
139,173.20706,-34.207061767578125
150,192.99725,-42.99725341796875
200,219.04172,-19.041717529296875
79,139.78282,-60.78282165527344
125,219.77621,-94.77621459960938
325,172.9851,152.014892578125
187,252.62091,-65.62091064453125
165,269.44574,-104.44573974609375
24,38.171425,-14.171424865722656
130,151.94925,-21.949249267578125
90,168.24542,-78.24542236328125
95,81.92863,13.071372985839844
55,71.38024,-16.38024139404297
500,412.3163,87.68368530273438
85,179.26273,-94.26272583007812
200,324.079,-124.07901000976562
105,179.79659,-74.79658508300781
69,73.21312,-4.2131195068359375
60,79.82144,-19.821441650390625
85,184.47534,-99.475341796875
45,69.69868,-24.69867706298828
39,52.053493,-13.05349349975586
44,64.822,-20.821998596191406
63,196.70001,-133.70001220703125
80,90.7141,-10.714103698730469
80,39.832832,40.16716766357422
150,180.29253,-30.292526245117188
250,203.20792,46.792083740234375
115,130.18277,-15.182769775390625
118,137.66321,-19.6632080078125
150,291.739,-141.739013671875
45,45.240265,-0.240264892578125
99,143.54913,-44.54913330078125
115,134.17201,-19.172012329101562
80,108.0605,-28.060501098632812
91,59.576595,31.423404693603516
225,161.60884,63.39115905761719
225,279.66904,-54.669036865234375
99,173.6801,-74.68009948730469
450,993.8266,-543.8265991210938
153,186.8414,-33.841400146484375
189,176.77617,12.223831176757812
160,98.168144,61.83185577392578
42,43.91686,-1.9168586730957031
200,117.90099,82.09900665283203
85,79.6361,5.363899230957031
179,123.5162,55.483802795410156
80,65.01445,14.985549926757812
110,108.21916,1.7808380126953125
200,243.43251,-43.43251037597656
205,203.31839,1.681610107421875
251,290.82318,-39.82318115234375
29,24.637228,4.362771987915039
55,58.532124,-3.532123565673828
75,126.034134,-51.03413391113281
110,70.7088,39.29119873046875
125,139.44415,-14.44415283203125
38,59.926315,-21.926315307617188
125,90.01013,34.9898681640625
290,422.95,-132.95001220703125
79,44.878906,34.12109375
28,37.184395,-9.184394836425781
119,97.39097,21.609031677246094
200,170.71765,29.2823486328125
99,152.43011,-53.43011474609375
149,190.58441,-41.58441162109375
200,162.65819,37.34181213378906
400,142.4016,257.59840393066406
129,212.68414,-83.68414306640625
75,62.8325,12.167499542236328
200,157.39546,42.60453796386719
96,59.897705,36.102294921875
150,253.94066,-103.94065856933594
195,257.28867,-62.288665771484375
116,175.62492,-59.62492370605469
59,91.5728,-32.57279968261719
130,92.917625,37.082374572753906
100,73.29932,26.70068359375
65,71.08295,-6.08294677734375
250,284.86887,-34.868865966796875
100,168.49559,-68.49559020996094
35,84.6241,-49.62409973144531
65,67.168625,-2.1686248779296875
200,242.84335,-42.843353271484375
174,120.52763,53.47236633300781
71,216.68353,-145.68353271484375
185,183.33714,1.6628570556640625
150,186.95013,-36.95013427734375
74,142.62926,-68.62925720214844
40,52.247425,-12.247425079345703
275,284.0466,-9.046600341796875
100,170.65683,-70.65682983398438
95,170.1429,-75.14289855957031
190,192.99751,-2.9975128173828125
67,75.63075,-8.630752563476562
109,139.73596,-30.7359619140625
35,60.617195,-25.61719512939453
100,63.85518,36.14482116699219
161,231.72061,-70.72061157226562
110,186.62227,-76.62226867675781
120,247.50574,-127.5057373046875
100,152.93541,-52.93540954589844
100,100.81442,-0.814422607421875
100,148.58769,-48.58769226074219
120,144.46362,-24.463623046875
225,153.19173,71.80827331542969
88,86.76151,1.2384872436523438
150,151.59602,-1.5960235595703125
130,148.95126,-18.951263427734375
65,41.994312,23.005687713623047
200,197.62143,2.378570556640625
70,83.99399,-13.993988037109375
300,196.21353,103.78646850585938
100,138.40582,-38.40582275390625
80,79.932014,0.06798553466796875
160,144.5007,15.499298095703125
325,186.25287,138.74713134765625
80,88.178055,-8.178054809570312
108,125.66351,-17.66351318359375
300,213.69162,86.30838012695312
80,71.67224,8.3277587890625
145,68.948524,76.05147552490234
197,187.70757,9.292434692382812
140,186.82593,-46.825927734375
43,72.35134,-29.351341247558594
145,200.29279,-55.29278564453125
148,285.9754,-137.97540283203125
120,147.41768,-27.417678833007812
219,248.98059,-29.9805908203125
220,221.61403,-1.6140289306640625
60,73.27645,-13.276451110839844
168,178.19447,-10.194473266601562
75,171.17592,-96.17591857910156
55,82.646835,-27.646835327148438
200,217.39658,-17.396575927734375
150,161.35057,-11.350570678710938
400,326.46097,73.53903198242188
40,58.53987,-18.539871215820312
40,73.308136,-33.308135986328125
130,167.80759,-37.807586669921875
49,79.15658,-30.156578063964844
100,77.76724,22.232757568359375
125,106.89186,18.108139038085938
150,181.16237,-31.162368774414062
120,143.55304,-23.55303955078125
39,56.33379,-17.333789825439453
190,256.41537,-66.41537475585938
104,124.30116,-20.301162719726562
295,274.16904,20.830963134765625
85,153.96385,-68.96385192871094
160,154.15924,5.84075927734375
149,112.6034,36.39659881591797
86,123.72087,-37.72087097167969
560,299.88687,260.1131286621094
195,302.07498,-107.07498168945312
90,80.52894,9.471061706542969
115,147.60698,-32.60697937011719
69,99.705635,-30.70563507080078
95,225.93301,-130.93301391601562
139,134.42238,4.5776214599609375
330,322.76852,7.231475830078125
175,113.7973,61.20269775390625
89,138.41031,-49.410308837890625
81,190.22162,-109.22161865234375
50,73.85918,-23.859176635742188
100,101.13766,-1.1376571655273438
395,170.44618,224.55381774902344
83,93.26558,-10.265579223632812
35,46.72022,-11.720218658447266
89,108.517876,-19.51787567138672
40,56.307533,-16.307533264160156
65,59.50376,5.496238708496094
95,168.856,-73.85600280761719
50,73.26278,-23.262779235839844
80,78.702194,1.2978057861328125
360,196.15965,163.84034729003906
98,78.218216,19.781784057617188
250,228.01363,21.986373901367188
65,54.455193,10.544807434082031
12,76.37763,-64.37763214111328
220,245.89685,-25.8968505859375
55,57.42211,-2.4221115112304688
70,85.656075,-15.656074523925781
250,157.62886,92.37113952636719
90,77.77376,12.226242065429688
160,271.89307,-111.89306640625
130,130.5473,-0.54730224609375
100,134.29562,-34.295623779296875
109,91.39697,17.60302734375
125,154.02792,-29.027923583984375
249,133.0958,115.90420532226562
55,50.000523,4.999477386474609
75,68.86761,6.132392883300781
183,116.55047,66.44953155517578
400,196.82167,203.17832946777344
100,242.67686,-142.67686462402344
65,67.92694,-2.92694091796875
150,221.78168,-71.78167724609375
190,302.77115,-112.77114868164062
35,77.5793,-42.57929992675781
250,275.84784,-25.84783935546875
75,275.06967,-200.06967163085938
149,144.21484,4.78515625
100,227.10106,-127.10105895996094
85,182.36412,-97.36412048339844
295,298.14917,-3.149169921875
100,122.094635,-22.094635009765625
275,222.91324,52.086761474609375
1099,265.43405,833.5659484863281
199,223.43617,-24.436172485351562
123,486.17258,-363.1725769042969
324,212.06844,111.93156433105469
109,74.313354,34.6866455078125
42,55.325485,-13.325485229492188
215,293.8369,-78.8369140625
75,91.20937,-16.209373474121094
125,130.27309,-5.2730865478515625
60,61.26271,-1.2627105712890625
70,86.93085,-16.93084716796875
275,145.67659,129.3234100341797
75,69.378944,5.621055603027344
85,107.15055,-22.150550842285156
74,77.840935,-3.8409347534179688
250,239.69116,10.308837890625
99,221.38054,-122.38053894042969
40,55.76578,-15.76578140258789
42,73.00463,-31.00463104248047
60,44.024803,15.975196838378906
3600,412.12524,3187.874755859375
200,254.83522,-54.83522033691406
450,257.33594,192.6640625
69,94.92177,-25.921768188476562
699,790.34973,-91.3497314453125
120,79.82056,40.179443359375
135,154.4051,-19.405105590820312
195,181.11897,13.881027221679688
115,157.12346,-42.12345886230469
140,171.01955,-31.019546508789062
307,338.51947,-31.51947021484375
105,139.65721,-34.65721130371094
200,174.4823,25.5177001953125
49,59.951317,-10.951316833496094
125,180.91077,-55.9107666015625
150,103.74476,46.25524139404297
45,66.71204,-21.71204376220703
150,157.02394,-7.0239410400390625
55,102.83584,-47.835838317871094
230,214.5128,15.487197875976562
25,60.67382,-35.67382049560547
150,274.95355,-124.95355224609375
52,64.76429,-12.764289855957031
40,72.149086,-32.149085998535156
70,57.70699,12.293010711669922
269,251.70526,17.29473876953125
195,186.2898,8.710205078125
70,64.888535,5.1114654541015625
85,126.934525,-41.93452453613281
210,182.71417,27.28582763671875
50,64.97937,-14.9793701171875
120,162.44812,-42.4481201171875
62,68.57674,-6.5767364501953125
290,346.4068,-56.40679931640625
75,136.36676,-61.36676025390625
85,125.38804,-40.388038635253906
199,261.50568,-62.50567626953125
66,100.91827,-34.91826629638672
50,177.42938,-127.42938232421875
1350,290.8807,1059.1192932128906
175,83.177956,91.8220443725586
220,206.31947,13.680526733398438
60,57.080383,2.91961669921875
42,51.392906,-9.392906188964844
89,80.24799,8.752006530761719
32,23.250856,8.749143600463867
35,56.57424,-21.574241638183594
90,181.71843,-91.71842956542969
100,78.65823,21.341766357421875
120,92.29381,27.706192016601562
60,73.70397,-13.703971862792969
100,67.787766,32.21223449707031
55,64.944664,-9.944664001464844
125,348.94815,-223.94815063476562
150,72.96658,77.03341674804688
60,71.59872,-11.598716735839844
240,344.8604,-104.86041259765625
60,74.69542,-14.695419311523438
250,188.53316,61.46684265136719
150,167.44403,-17.44403076171875
115,159.82465,-44.82464599609375
105,71.51292,33.487083435058594
105,254.78973,-149.78973388671875
65,54.30237,10.6976318359375
100,90.3956,9.604400634765625
150,88.893524,61.106475830078125
196,265.87906,-69.87905883789062
99,68.3503,30.649696350097656
375,242.684,132.3159942626953
70,134.31941,-64.31941223144531
69,87.799576,-18.799575805664062
320,176.59192,143.4080810546875
30,57.363083,-27.363082885742188
110,99.91463,10.085372924804688
109,91.18674,17.813262939453125
38,69.758514,-31.758514404296875
85,92.398125,-7.398124694824219
140,154.67438,-14.67437744140625
190,351.9976,-161.99758911132812
150,190.96573,-40.965728759765625
153,210.67563,-57.675628662109375
58,66.84871,-8.848709106445312
60,92.08405,-32.08405303955078
100,156.56898,-56.56898498535156
120,63.687584,56.312416076660156
269,305.62143,-36.621429443359375
90,111.653435,-21.65343475341797
200,343.40842,-143.40841674804688
180,192.86244,-12.862442016601562
225,241.72781,-16.727813720703125
50,65.7437,-15.743698120117188
175,174.23326,0.7667388916015625
138,143.74681,-5.7468109130859375
125,155.46895,-30.468948364257812
77,97.2681,-20.268096923828125
365,316.86206,48.137939453125
45,68.458374,-23.4583740234375
60,87.57454,-27.574539184570312
250,231.583,18.417007446289062
500,229.4465,270.5534973144531
160,229.5444,-69.54440307617188
120,123.693504,-3.6935043334960938
40,57.819542,-17.819541931152344
100,116.76299,-16.76299285888672
75,193.32982,-118.32981872558594
50,74.39744,-24.397438049316406
135,154.12933,-19.12933349609375
101,94.85195,6.148048400878906
100,107.08651,-7.086509704589844
250,229.7513,20.248703002929688
150,176.19821,-26.198211669921875
66,61.304264,4.695735931396484
49,82.704605,-33.70460510253906
68,122.9085,-54.90850067138672
100,191.60841,-91.60841369628906
139,205.05159,-66.05158996582031
55,60.44968,-5.449680328369141
150,173.68808,-23.688079833984375
50,61.270443,-11.270442962646484
70,123.728264,-53.72826385498047
125,180.51215,-55.51214599609375
49,111.30564,-62.305641174316406
75,63.11621,11.8837890625
65,140.28342,-75.28341674804688
93,239.20734,-146.20733642578125
125,165.5507,-40.55070495605469
179,275.44025,-96.44024658203125
58,114.50653,-56.50653076171875
156,155.39478,0.605224609375
153,180.85352,-27.853515625
79,78.65628,0.343719482421875
50,68.426765,-18.42676544189453
63,63.306812,-0.3068122863769531
85,56.754986,28.245014190673828
79,95.88795,-16.88794708251953
38,62.273968,-24.273967742919922
275,154.68913,120.31086730957031
225,191.68588,33.314117431640625
45,95.30836,-50.30835723876953
90,81.14572,8.854278564453125
225,335.13123,-110.1312255859375
150,132.15271,17.8472900390625
249,412.30685,-163.30685424804688
80,85.80476,-5.8047637939453125
179,182.3427,-3.3426971435546875
350,231.05705,118.94294738769531
250,210.35994,39.64006042480469
35,68.90021,-33.90020751953125
135,248.81483,-113.81483459472656
142,221.89967,-79.89967346191406
120,153.30295,-33.302947998046875
42,49.818096,-7.818096160888672
65,64.80493,0.195068359375
70,90.27284,-20.272842407226562
123,183.79617,-60.796173095703125
110,140.64899,-30.64898681640625
45,49.391045,-4.391044616699219
200,254.2634,-54.263397216796875
149,186.54517,-37.545166015625
150,296.48355,-146.48355102539062
100,183.60277,-83.60276794433594
45,50.79338,-5.7933807373046875
100,100.00042,-0.00041961669921875
100,85.580734,14.419265747070312
145,148.02937,-3.0293731689453125
50,72.23615,-22.23615264892578
49,47.32405,1.6759490966796875
600,327.4493,272.5506896972656
90,104.27828,-14.278282165527344
85,88.120544,-3.12054443359375
55,106.73858,-51.73857879638672
59,56.21704,2.782958984375
150,192.16284,-42.162841796875
109,86.99354,22.00646209716797
178,257.61743,-79.617431640625
139,300.05865,-161.05865478515625
65,82.20123,-17.20123291015625
65,52.934692,12.0653076171875
53,69.59624,-16.596237182617188
70,80.828445,-10.828445434570312
400,139.1734,260.82659912109375
60,71.16131,-11.161308288574219
225,253.89857,-28.898574829101562
100,88.27576,11.7242431640625
68,107.192276,-39.19227600097656
55,79.180984,-24.180984497070312
120,515.6617,-395.66168212890625
199,298.98804,-99.988037109375
40,63.08568,-23.085678100585938
200,75.13966,124.86033630371094
225,180.02905,44.970947265625
65,58.2968,6.7032012939453125
70,85.262314,-15.262313842773438
50,75.40101,-25.40100860595703
140,58.56595,81.43405151367188
129,237.95248,-108.95248413085938
75,84.56392,-9.563919067382812
70,76.4439,-6.443901062011719
159,238.15114,-79.15113830566406
109,123.096176,-14.096176147460938
89,120.69055,-31.6905517578125
40,43.83202,-3.832019805908203
215,125.66437,89.33563232421875
133,153.71794,-20.717941284179688
50,80.08356,-30.08355712890625
170,172.21893,-2.21893310546875
400,163.21683,236.78317260742188
65,53.696743,11.30325698852539
220,424.88635,-204.8863525390625
30,47.63961,-17.639610290527344
70,103.24847,-33.24846649169922
85,125.14958,-40.14958190917969
179,158.43315,20.566848754882812
150,147.8989,2.101104736328125
76,132.27469,-56.274688720703125
305,406.98248,-101.98248291015625
355,149.9098,205.09019470214844
240,149.1797,90.82029724121094
195,186.11237,8.88763427734375
289,214.86533,74.13467407226562
30,65.09785,-35.09784698486328
650,291.8493,358.15069580078125
160,225.63,-65.6300048828125
160,162.55983,-2.5598297119140625
848,83.45581,764.544189453125
80,120.05806,-40.05805969238281
49,89.0331,-40.03309631347656
200,175.48149,24.518508911132812
50,53.47466,-3.474658966064453
65,73.18635,-8.186347961425781
92,166.31616,-74.316162109375
190,279.0997,-89.09970092773438
195,178.09155,16.908447265625
80,73.22323,6.776771545410156
180,226.50842,-46.5084228515625
65,66.3385,-1.3385009765625
250,238.38399,11.616012573242188
100,105.9255,-5.925498962402344
152,487.50592,-335.50592041015625
150,167.63138,-17.631378173828125
64,44.762684,19.237316131591797
250,188.53516,61.46484375
190,142.52669,47.47331237792969
35,40.617615,-5.61761474609375
400,210.5206,189.47940063476562
280,136.40955,143.5904541015625
199,125.5556,73.44439697265625
50,90.168335,-40.1683349609375
145,130.07564,14.924362182617188
200,158.75505,41.24494934082031
200,535.3403,-335.34027099609375
10,230.05548,-220.05548095703125
375,212.40593,162.5940704345703
110,139.95645,-29.956451416015625
200,253.09471,-53.09471130371094
295,254.25642,40.74357604980469
70,77.23811,-7.2381134033203125
80,129.13707,-49.13706970214844
25,34.456947,-9.456947326660156
34,89.004395,-55.00439453125
65,136.44614,-71.44613647460938
89,88.196014,0.803985595703125
45,69.352234,-24.35223388671875
27,45.317757,-18.31775665283203
150,187.86906,-37.86906433105469
33,33.82317,-0.8231697082519531
47,31.346651,15.653348922729492
85,81.13627,3.8637313842773438
243,224.85602,18.14398193359375
78,68.75052,9.249481201171875
48,56.445694,-8.445693969726562
66,82.09136,-16.09136199951172
150,233.23788,-83.23788452148438
350,180.93379,169.0662078857422
148,85.82098,62.17902374267578
115,129.09804,-14.098037719726562
125,169.33125,-44.33125305175781
89,155.31923,-66.31922912597656
90,188.36945,-98.36944580078125
33,73.11832,-40.118316650390625
175,70.34014,104.65985870361328
65,61.634247,3.365753173828125
150,107.44763,42.5523681640625
125,140.5321,-15.5321044921875
50,79.766716,-29.76671600341797
199,202.27455,-3.2745513916015625
399,491.05475,-92.05474853515625
65,64.09658,0.9034194946289062
49,51.638504,-2.6385040283203125
211,263.76392,-52.763916015625
30,80.64236,-50.642356872558594
199,393.67285,-194.6728515625
90,69.84623,20.153770446777344
140,170.78035,-30.780349731445312
60,62.710003,-2.710002899169922
63,63.958275,-0.9582748413085938
73,69.49367,3.5063323974609375
175,155.9123,19.08770751953125
93,68.57303,24.426971435546875
71,89.76012,-18.760116577148438
129,193.55869,-64.55868530273438
115,91.39525,23.604751586914062
139,132.806,6.194000244140625
120,104.75264,15.247360229492188
140,158.28474,-18.284744262695312
75,95.52541,-20.525413513183594
47,118.450096,-71.4500961303711
40,53.125748,-13.125747680664062
190,240.54182,-50.54182434082031
100,156.70668,-56.70668029785156
240,174.16063,65.83937072753906
215,230.3017,-15.30169677734375
80,75.761185,4.2388153076171875
195,212.61967,-17.619674682617188
99,832.05286,-733.0528564453125
60,81.31961,-21.319610595703125
40,41.557194,-1.5571937561035156
130,236.65973,-106.65972900390625
1100,333.90686,766.0931396484375
49,63.85024,-14.850238800048828
200,147.42174,52.57826232910156
200,143.37366,56.6263427734375
106,95.0051,10.994903564453125
98,147.6034,-49.6033935546875
250,692.37225,-442.37225341796875
137,149.34366,-12.343658447265625
95,88.26438,6.735618591308594
55,70.59001,-15.590011596679688
120,268.2728,-148.27279663085938
49,58.374798,-9.374797821044922
150,182.46948,-32.469482421875
70,67.37369,2.626312255859375
75,90.951294,-15.9512939453125
75,130.09624,-55.09623718261719
36,120.26695,-84.26695251464844
78,92.74329,-14.743293762207031
99,125.94974,-26.949737548828125
250,153.59967,96.40032958984375
299,135.528,163.4720001220703
95,141.8454,-46.84539794921875
47,55.576252,-8.576251983642578
107,85.86128,21.138717651367188
54,66.2444,-12.244400024414062
65,55.86088,9.139118194580078
72,282.9523,-210.95230102539062
250,78.65225,171.34774780273438
177,232.66399,-55.66398620605469
1500,120.30577,1379.6942291259766
362,320.33334,41.666656494140625
80,97.25504,-17.255043029785156
161,290.79953,-129.79953002929688
100,141.08138,-41.08137512207031
33,37.18411,-4.184108734130859
199,142.48555,56.51445007324219
2250,449.93045,1800.0695495605469
40,60.091564,-20.091564178466797
55,96.65281,-41.652809143066406
60,88.41757,-28.417572021484375
100,186.20656,-86.20655822753906
165,156.27599,8.724014282226562
200,183.64899,16.35101318359375
70,60.664238,9.335762023925781
60,78.20561,-18.205612182617188
88,104.565,-16.56500244140625
28,68.43384,-40.433837890625
52,52.117805,-0.11780548095703125
110,95.80164,14.198356628417969
220,190.46951,29.530487060546875
100,119.7686,-19.768600463867188
70,66.067986,3.9320144653320312
45,58.96052,-13.960521697998047
45,65.49129,-20.491287231445312
59,104.938644,-45.93864440917969
244,284.399,-40.39898681640625
57,81.30539,-24.305389404296875
159,321.5477,-162.54769897460938
47,58.44703,-11.447029113769531
150,181.57823,-31.578231811523438
200,172.70744,27.292556762695312
300,249.26085,50.73915100097656
95,97.2627,-2.2627029418945312
180,291.05978,-111.05978393554688
75,72.23615,2.7638473510742188
65,48.077755,16.922245025634766
2000,348.50104,1651.4989624023438
75,87.38564,-12.385643005371094
225,180.42369,44.57630920410156
110,163.00008,-53.00007629394531
120,79.83696,40.16304016113281
125,163.0177,-38.0177001953125
135,104.264015,30.735984802246094
119,95.504196,23.495803833007812
52,81.1389,-29.138900756835938
105,67.55345,37.44654846191406
76,108.21978,-32.21977996826172
200,384.81635,-184.81634521484375
143,683.9357,-540.9357299804688
450,747.29565,-297.295654296875
35,58.122173,-23.122173309326172
115,160.57341,-45.57341003417969
150,117.63668,32.363319396972656
70,66.13923,3.8607711791992188
155,177.64885,-22.648849487304688
60,81.68176,-21.6817626953125
220,149.38193,70.61807250976562
40,182.18217,-142.1821746826172
70,79.28733,-9.287330627441406
50,66.56519,-16.56519317626953
160,151.50912,8.490875244140625
129,211.97,-82.97000122070312
196,271.4943,-75.49429321289062
50,56.424614,-6.424613952636719
80,81.7922,-1.7921981811523438
60,221.22122,-161.22122192382812
150,170.19345,-20.193450927734375
150,165.08897,-15.088973999023438
280,211.55234,68.44766235351562
145,160.45177,-15.451766967773438
130,166.20255,-36.202545166015625
50,63.337452,-13.337451934814453
130,161.63373,-31.63372802734375
190,148.81728,41.18272399902344
85,118.55045,-33.550453186035156
300,293.73428,6.265716552734375
300,159.4239,140.5760955810547
35,70.500916,-35.50091552734375
95,103.61551,-8.615509033203125
40,59.799313,-19.799312591552734
450,116.194756,333.8052444458008
55,97.0599,-42.059898376464844
200,120.95203,79.0479736328125
499,456.028,42.97198486328125
263,265.32355,-2.32354736328125
179,175.2005,3.79949951171875
180,247.36522,-67.36521911621094
100,134.87038,-34.87037658691406
100,137.79416,-37.794158935546875
100,103.056366,-3.056365966796875
50,48.578156,1.421844482421875
75,77.94855,-2.94854736328125
210,208.7716,1.2283935546875
50,56.82797,-6.827968597412109
55,92.128334,-37.128334045410156
65,52.473957,12.526042938232422
49,74.64089,-25.640892028808594
109,71.94655,37.05345153808594
249,277.54248,-28.54248046875
300,330.7988,-30.798797607421875
230,194.90924,35.09075927734375
160,112.995575,47.004425048828125
39,55.8648,-16.86479949951172
80,135.32661,-55.32661437988281
145,96.09595,48.904052734375
199,245.38509,-46.38508605957031
100,145.87386,-45.87385559082031
60,87.286835,-27.286834716796875
400,269.32568,130.67431640625
150,84.66693,65.33306884765625
69,122.72765,-53.72765350341797
60,60.28618,-0.2861785888671875
119,93.7986,25.201400756835938
90,55.62481,34.37519073486328
225,279.65515,-54.6551513671875
332,306.1325,25.86749267578125
120,145.57738,-25.577377319335938
103,68.12969,34.87030792236328
150,122.59931,27.40068817138672
150,229.38461,-79.38461303710938
75,150.69519,-75.6951904296875
200,212.18356,-12.183563232421875
34,58.489956,-24.48995590209961
77,78.851974,-1.8519744873046875
100,112.161644,-12.161643981933594
99,97.68106,1.318939208984375
100,72.80604,27.19396209716797
152,114.77425,37.22575378417969
125,146.20045,-21.200454711914062
76,62.374138,13.625862121582031
100,169.3971,-69.3970947265625
85,66.325066,18.67493438720703
75,72.6058,2.3942031860351562
50,54.487625,-4.4876251220703125
145,91.19226,53.8077392578125
150,158.11215,-8.112152099609375
226,225.94377,0.0562286376953125
125,155.45859,-30.458587646484375
108,85.7251,22.27490234375
125,134.8364,-9.836395263671875
180,167.19672,12.80328369140625
230,274.49207,-44.4920654296875
140,234.71523,-94.71522521972656
150,181.9672,-31.967193603515625
50,70.173164,-20.17316436767578
161,228.10501,-67.10501098632812
140,227.12846,-87.12846374511719
310,213.19579,96.80421447753906
50,54.15922,-4.159221649169922
50,99.38201,-49.38201141357422
300,146.74301,153.25698852539062
25,80.850975,-55.850975036621094
120,77.98781,42.01219177246094
160,155.85219,4.1478118896484375
65,301.14664,-236.14663696289062
275,167.78046,107.21954345703125
179,188.4025,-9.402496337890625
85,78.20761,6.792388916015625
70,122.74642,-52.746421813964844
100,171.88387,-71.88386535644531
80,102.6482,-22.64820098876953
135,204.63562,-69.6356201171875
200,229.35359,-29.353591918945312
450,228.7296,221.27040100097656
135,223.41046,-88.41046142578125
70,81.10426,-11.104263305664062
299,360.6912,-61.691192626953125
350,475.4869,-125.48690795898438
55,80.9425,-25.94249725341797
150,184.78711,-34.787109375
45,46.998947,-1.9989471435546875
110,116.98427,-6.9842681884765625
95,122.76084,-27.760841369628906
140,159.84343,-19.843429565429688
180,222.83797,-42.83796691894531
78,116.61638,-38.61637878417969
215,231.42236,-16.42236328125
35,62.45876,-27.458759307861328
99,102.71711,-3.7171096801757812
350,160.47229,189.5277099609375
110,115.08449,-5.0844879150390625
90,96.9491,-6.9490966796875
120,210.11284,-90.11283874511719
500,346.0458,153.95419311523438
99,87.30405,11.695953369140625
200,201.2197,-1.219696044921875
8000,2593.6064,5406.3935546875
300,223.72977,76.27023315429688
25,83.30888,-58.30888366699219
40,58.492203,-18.492202758789062
149,103.65926,45.340736389160156
135,267.23154,-132.23153686523438
89,83.97325,5.0267486572265625
70,70.13977,-0.1397705078125
50,55.98164,-5.981639862060547
40,69.462364,-29.462364196777344
80,49.62001,30.379989624023438
150,135.08086,14.919143676757812
37,56.49321,-19.493209838867188
1000,780.6223,219.377685546875
200,195.25136,4.7486419677734375
290,149.81271,140.18728637695312
205,210.75313,-5.7531280517578125
110,72.23615,37.76384735107422
170,222.27426,-52.274261474609375
45,64.61432,-19.61431884765625
75,62.38525,12.614749908447266
110,108.97654,1.0234603881835938
195,175.4581,19.541900634765625
45,78.38192,-33.381919860839844
120,97.3472,22.652801513671875
70,240.1273,-170.12730407714844
60,70.099846,-10.099845886230469
99,121.54669,-22.54669189453125
60,49.532608,10.467391967773438
195,175.66678,19.333221435546875
100,128.25977,-28.259765625
95,87.59151,7.4084930419921875
97,131.75348,-34.75347900390625
57,46.19485,10.80514907836914
69,71.480705,-2.4807052612304688
130,143.16551,-13.165512084960938
249,166.97577,82.02423095703125
98,106.54857,-8.548568725585938
80,138.50536,-58.50535583496094
100,234.7669,-134.76690673828125
56,41.28967,14.710330963134766
66,101.97421,-35.974212646484375
70,94.25108,-24.251083374023438
150,63.44541,86.5545883178711
100,196.93079,-96.9307861328125
150,273.1154,-123.11538696289062
75,128.18324,-53.18324279785156
72,111.71646,-39.716461181640625
88,56.269012,31.730987548828125
271,318.3377,-47.33770751953125
116,169.97964,-53.979644775390625
49,67.89277,-18.89276885986328
75,55.640957,19.35904312133789
185,175.49564,9.504364013671875
100,100.370384,-0.37038421630859375
60,77.90791,-17.907913208007812
385,285.30124,99.69876098632812
145,180.10733,-35.107330322265625
90,104.1989,-14.198898315429688
33,29.196697,3.803302764892578
35,40.7648,-5.764801025390625
65,58.908638,6.091361999511719
70,60.203697,9.796302795410156
75,159.0462,-84.04620361328125
119,104.18416,14.815841674804688
259,214.63103,44.36897277832031
45,74.8737,-29.873703002929688
200,362.49548,-162.4954833984375
96,80.7759,15.224098205566406
207,234.65607,-27.65606689453125
60,47.98838,12.011619567871094
120,74.70362,45.29637908935547
200,145.06009,54.939910888671875
70,72.26892,-2.2689208984375
65,96.90392,-31.90392303466797
299,389.54932,-90.54931640625
70,79.09359,-9.093589782714844
200,135.61475,64.38525390625
451,207.17336,243.82664489746094
85,89.5148,-4.514801025390625
250,284.763,-34.76300048828125
149,116.76878,32.23121643066406
140,109.486435,30.513565063476562
95,125.993034,-30.99303436279297
300,208.60147,91.39852905273438
350,420.30283,-70.30282592773438
200,560.3835,-360.38348388671875
220,242.63919,-22.639190673828125
175,238.5135,-63.51350402832031
198,159.78462,38.21537780761719
199,221.12155,-22.121551513671875
72,93.25054,-21.25054168701172
280,274.88126,5.118743896484375
58,157.78674,-99.7867431640625
200,183.97572,16.024276733398438
58,64.97582,-6.975822448730469
86,115.62576,-29.625762939453125
599,741.3619,-142.36187744140625
160,202.69264,-42.69264221191406
199,242.21973,-43.2197265625
375,219.73622,155.26377868652344
120,145.18988,-25.18988037109375
379,394.56052,-15.560516357421875
70,81.986374,-11.986373901367188
360,68.397064,291.6029357910156
60,61.37535,-1.3753509521484375
47,61.479668,-14.479667663574219
74,78.66008,-4.6600799560546875
55,82.928375,-27.928375244140625
159,205.85048,-46.85047912597656
339,294.75784,44.242156982421875
69,95.49328,-26.49327850341797
69,75.847374,-6.847373962402344
60,65.84794,-5.847938537597656
60,70.12862,-10.128616333007812
85,143.31752,-58.31752014160156
79,86.312294,-7.312294006347656
69,79.84161,-10.84161376953125
100,84.66543,15.334571838378906
65,68.00618,-3.0061798095703125
104,155.65773,-51.65773010253906
69,222.79582,-153.7958221435547
45,64.998955,-19.99895477294922
1000,819.79926,180.20074462890625
70,60.345207,9.654792785644531
84,78.83031,5.1696929931640625
159,146.58397,12.416030883789062
100,131.74728,-31.747283935546875
84,106.38622,-22.38622283935547
177,208.47188,-31.471878051757812
150,123.49327,26.506729125976562
150,148.89401,1.105987548828125
59,58.559143,0.44085693359375
80,65.77366,14.226341247558594
39,56.755642,-17.75564193725586
59,72.98886,-13.988861083984375
220,123.82211,96.17788696289062
415,180.71295,234.28704833984375
75,138.71834,-63.71833801269531
85,79.99049,5.0095062255859375
39,72.616234,-33.616233825683594
115,75.93343,39.066566467285156
185,198.99301,-13.993011474609375
175,216.29478,-41.29478454589844
300,255.06258,44.93742370605469
85,97.3885,-12.388496398925781
110,91.345314,18.654685974121094
179,187.37648,-8.376480102539062
195,127.57353,67.42646789550781
80,85.83977,-5.8397674560546875
2000,1482.7826,517.2174072265625
85,76.088165,8.911834716796875
99,149.84254,-50.84254455566406
125,127.25581,-2.2558135986328125
60,77.89214,-17.89214324951172
70,100.15218,-30.152183532714844
150,215.867,-65.86700439453125
112,179.51166,-67.51165771484375
49,67.483154,-18.483154296875
90,74.66829,15.331710815429688
40,61.284798,-21.28479766845703
70,65.55575,4.444252014160156
65,70.88738,-5.887382507324219
249,77.721985,171.27801513671875
99,157.71407,-58.71406555175781
90,91.68997,-1.689971923828125
233,238.07329,-5.0732879638671875
220,123.19328,96.80671691894531
40,51.288242,-11.28824234008789
125,164.37772,-39.377716064453125
220,263.1702,-43.170196533203125
100,78.44345,21.556549072265625
65,60.280163,4.719837188720703
45,65.73401,-20.7340087890625
50,72.48963,-22.48963165283203
200,228.29242,-28.29241943359375
50,54.93889,-4.9388885498046875
80,231.05666,-151.05665588378906
190,169.35275,20.647247314453125
65,83.562454,-18.562454223632812
240,219.2767,20.723297119140625
655,92.88839,562.1116104125977
140,232.88728,-92.88728332519531
70,60.504677,9.495323181152344
220,106.935394,113.06460571289062
75,98.85619,-23.85619354248047
135,217.52597,-82.52597045898438
180,199.90265,-19.90264892578125
210,212.25157,-2.2515716552734375
184,288.5325,-104.53250122070312
179,204.79051,-25.790512084960938
76,82.08203,-6.08203125
37,51.95872,-14.958721160888672
45,77.10513,-32.105133056640625
120,206.91064,-86.91064453125
180,217.53705,-37.53704833984375
65,59.13546,5.864540100097656
250,150.06242,99.93757629394531
100,88.26047,11.739532470703125
89,98.394394,-9.394393920898438
60,50.68314,9.31686019897461
95,92.31804,2.6819610595703125
60,79.53202,-19.532020568847656
90,179.39813,-89.39813232421875
160,258.16653,-98.16653442382812
125,149.42995,-24.429946899414062
85,169.00197,-84.00196838378906
159,137.92088,21.079116821289062
180,75.61264,104.38735961914062
1000,322.9836,677.0163879394531
130,91.29819,38.701812744140625
33,63.72629,-30.72629165649414
199,305.68805,-106.68804931640625
450,195.23523,254.7647705078125
99,111.19852,-12.198516845703125
250,249.47214,0.527862548828125
100,76.668045,23.331954956054688
1000,350.88345,649.1165466308594
34,58.443695,-24.443695068359375
132,160.29839,-28.298385620117188
50,61.44749,-11.447490692138672
65,87.251335,-22.25133514404297
65,125.98188,-60.98188018798828
130,236.55765,-106.55764770507812
120,191.20068,-71.20068359375
40,133.54834,-93.54833984375
70,66.059326,3.940673828125
65,611.59705,-546.5970458984375
49,102.913315,-53.91331481933594
45,59.55943,-14.559429168701172
65,124.76168,-59.761680603027344
60,75.85286,-15.852859497070312
150,172.69862,-22.698623657226562
85,168.93979,-83.93978881835938
75,77.532936,-2.5329360961914062
82,98.01573,-16.015731811523438
53,69.92627,-16.92626953125
100,118.18953,-18.189529418945312
105,236.99486,-131.99485778808594
125,167.4916,-42.49159240722656
200,159.99097,40.009033203125
165,192.92046,-27.920455932617188
53,47.995552,5.004447937011719
225,189.25226,35.74774169921875
60,84.12914,-24.12914276123047
180,152.32674,27.673263549804688
110,118.535614,-8.535614013671875
500,255.45488,244.5451202392578
215,312.77844,-97.7784423828125
285,229.08221,55.91778564453125
675,534.48315,140.516845703125
200,178.39278,21.607223510742188
95,140.50987,-45.50987243652344
100,68.91445,31.085548400878906
58,66.79675,-8.7967529296875
120,265.2956,-145.29559326171875
250,208.8542,41.14579772949219
175,152.97847,22.021530151367188
104,191.66791,-87.66790771484375
150,141.05678,8.943222045898438
70,57.826717,12.173282623291016
80,111.9455,-31.94550323486328
41,94.316864,-53.316864013671875
55,95.42449,-40.42449188232422
46,81.35012,-35.350120544433594
62,59.844833,2.1551666259765625
35,48.970737,-13.97073745727539
55,182.48697,-127.48696899414062
95,113.45615,-18.456146240234375
300,174.75539,125.24461364746094
300,128.43332,171.56668090820312
55,62.479794,-7.479793548583984
95,144.76712,-49.767120361328125
99,225.71907,-126.71907043457031
650,197.96428,452.0357208251953
190,178.50204,11.497955322265625
230,173.76982,56.23017883300781
175,181.33377,-6.333770751953125
60,67.65003,-7.650032043457031
110,176.35867,-66.35867309570312
180,162.13806,17.8619384765625
100,146.29547,-46.29547119140625
382,335.8209,46.179107666015625
275,175.44858,99.55142211914062
74,144.71913,-70.71913146972656
280,196.54686,83.45314025878906
350,207.69733,142.30267333984375
108,179.07831,-71.07830810546875
130,103.62751,26.37248992919922
140,136.90865,3.0913543701171875
65,69.14294,-4.142936706542969
35,70.33704,-35.33704376220703
43,54.608017,-11.608016967773438
80,168.60416,-88.60415649414062
100,67.170715,32.82928466796875
65,100.78229,-35.78228759765625
190,264.50705,-74.50704956054688
190,197.44789,-7.4478912353515625
199,312.4685,-113.468505859375
109,144.00887,-35.00886535644531
52,59.712734,-7.712734222412109
169,150.94841,18.051589965820312
150,153.29651,-3.2965087890625
90,218.4239,-128.4239044189453
150,140.95923,9.040771484375
75,102.924446,-27.92444610595703
159,197.81018,-38.8101806640625
500,339.93176,160.0682373046875
120,100.45629,19.54370880126953
200,263.75735,-63.757354736328125
78,83.95337,-5.953369140625
179,136.67084,42.32916259765625
245,348.9683,-103.96829223632812
149,236.9001,-87.90010070800781
195,159.27345,35.72654724121094
235,154.30571,80.69429016113281
69,84.857834,-15.857833862304688
155,209.81577,-54.815765380859375
225,177.7715,47.22850036621094
60,68.02211,-8.022109985351562
60,66.04481,-6.044807434082031
105,164.92683,-59.92683410644531
55,50.056538,4.943462371826172
91,147.69534,-56.695343017578125
48,114.98147,-66.9814682006836
175,217.96405,-42.96405029296875
75,81.93637,-6.936370849609375
100,192.89719,-92.89718627929688
200,216.50633,-16.506332397460938
115,160.25003,-45.250030517578125
80,185.77414,-105.77413940429688
120,94.66885,25.331146240234375
79,32.99862,46.001380920410156
199,234.26329,-35.26329040527344
200,112.43417,87.56582641601562
75,61.251926,13.74807357788086
25,57.759296,-32.75929641723633
65,59.61985,5.380149841308594
75,108.91363,-33.91362762451172
500,549.26935,-49.26934814453125
107,167.43756,-60.43756103515625
302,251.33916,50.66084289550781
137,184.99602,-47.99601745605469
300,205.10594,94.89405822753906
169,78.43674,90.56326293945312
50,56.380196,-6.380195617675781
80,76.44921,3.5507888793945312
50,50.843693,-0.8436927795410156
76,71.55659,4.443412780761719
69,97.30091,-28.30091094970703
237,186.89865,50.101348876953125
99,74.37307,24.626930236816406
130,110.14547,19.854530334472656
68,219.89737,-151.89736938476562
75,74.55198,0.44802093505859375
149,184.31024,-35.31024169921875
100,63.554577,36.4454231262207
150,215.5315,-65.531494140625
42,49.00851,-7.008510589599609
195,168.65552,26.344482421875
575,200.51683,374.48316955566406
320,334.66354,-14.663543701171875
89,152.36624,-63.366241455078125
81,76.267296,4.732704162597656
69,121.92946,-52.92945861816406
44,63.846027,-19.846027374267578
40,212.54332,-172.54331970214844
45,53.012527,-8.012527465820312
130,86.02391,43.97608947753906
105,122.018364,-17.01836395263672
120,97.1341,22.86589813232422
150,271.9007,-121.90069580078125
180,108.315,71.68499755859375
159,113.14449,45.855506896972656
57,84.12694,-27.126937866210938
146,221.75615,-75.75614929199219
25,31.47318,-6.473180770874023
100,109.500305,-9.50030517578125
275,183.69565,91.30435180664062
65,71.44504,-6.445037841796875
75,132.55913,-57.55912780761719
158,115.65141,42.34858703613281
75,80.001724,-5.0017242431640625
190,125.50611,64.49388885498047
100,133.17569,-33.175689697265625
50,56.890137,-6.89013671875
96,83.25895,12.741050720214844
100,138.67935,-38.679351806640625
75,174.35701,-99.35700988769531
270,195.02136,74.9786376953125
70,97.50925,-27.509246826171875
120,140.47249,-20.472488403320312
75,80.850365,-5.850364685058594
789,156.6294,632.37060546875
100,80.870636,19.129364013671875
47,61.864887,-14.864887237548828
300,242.67499,57.32501220703125
180,205.46463,-25.464630126953125
75,82.36566,-7.36566162109375
37,57.48971,-20.48971176147461
57,113.42887,-56.428871154785156
97,112.08618,-15.086181640625
51,66.894066,-15.894065856933594
74,240.38431,-166.38430786132812
52,92.405136,-40.40513610839844
150,158.62907,-8.629074096679688
400,276.6152,123.38479614257812
80,159.39474,-79.39474487304688
489,276.0894,212.91061401367188
199,371.6229,-172.62289428710938
100,168.8739,-68.8739013671875
150,219.5525,-69.55250549316406
50,78.48183,-28.481826782226562
80,84.3423,-4.3423004150390625
300,197.53093,102.46907043457031
300,354.09268,-54.092681884765625
799,737.8525,61.14752197265625
170,246.22327,-76.2232666015625
125,203.78316,-78.78315734863281
190,148.59424,41.40576171875
200,131.02554,68.97445678710938
55,63.489353,-8.48935317993164
190,240.16885,-50.168853759765625
107,101.54702,5.452980041503906
950,111.34399,838.6560134887695
900,298.34372,601.6562805175781
30,79.06493,-49.06493377685547
235,216.13322,18.866775512695312
50,89.25862,-39.25862121582031
150,232.89406,-82.89405822753906
110,130.13496,-20.134963989257812
100,116.47023,-16.470230102539062
125,344.50275,-219.50274658203125
89,158.65916,-69.65916442871094
215,264.74347,-49.74346923828125
149,184.3395,-35.33949279785156
129,194.11575,-65.11575317382812
40,60.61878,-20.618778228759766
86,83.31383,2.6861724853515625
150,164.61882,-14.618820190429688
49,57.21582,-8.2158203125
55,57.541477,-2.5414772033691406
60,197.48685,-137.48684692382812
70,67.95382,2.0461807250976562
500,353.27164,146.72836303710938
225,199.97134,25.028656005859375
39,70.34061,-31.340606689453125
160,221.58469,-61.584686279296875
120,197.89383,-77.89382934570312
89,130.95251,-41.9525146484375
105,196.5755,-91.57550048828125
225,319.28854,-94.28854370117188
66,77.766045,-11.766044616699219
65,58.383163,6.6168365478515625
350,160.22859,189.7714080810547
90,85.32439,4.6756134033203125
250,175.53383,74.46617126464844
39,55.402138,-16.402137756347656
165,219.28807,-54.28807067871094
170,178.45914,-8.459136962890625
120,110.805046,9.194953918457031
300,150.68057,149.31942749023438
714,567.3215,146.67852783203125
55,48.629967,6.370033264160156
75,72.23615,2.7638473510742188
160,147.37509,12.624908447265625
38,55.626453,-17.626453399658203
275,204.64786,70.35214233398438
70,79.98059,-9.9805908203125
50,71.5236,-21.523597717285156
249,163.66258,85.33741760253906
62,85.23811,-23.238113403320312
230,173.3083,56.69169616699219
45,122.00449,-77.0044937133789
89,106.73165,-17.731651306152344
60,56.86114,3.1388587951660156
250,224.4515,25.548492431640625
69,91.28039,-22.28038787841797
64,82.726166,-18.726165771484375
190,176.92157,13.07843017578125
75,66.35952,8.640480041503906
63,187.21013,-124.21012878417969
60,77.339325,-17.339324951171875
51,61.626457,-10.626457214355469
120,274.76428,-154.7642822265625
140,115.82741,24.172592163085938
31,67.47142,-36.47142028808594
49,96.201294,-47.2012939453125
80,73.35391,6.646087646484375
190,210.67342,-20.673416137695312
250,214.84763,35.152374267578125
180,220.35509,-40.35508728027344
50,20.967176,29.03282356262207
400,252.4499,147.5500946044922
339,257.65668,81.34332275390625
180,134.61111,45.388885498046875
359,252.15854,106.84146118164062
438,242.15675,195.84324645996094
225,340.89764,-115.89764404296875
68,110.56207,-42.56207275390625
119,86.18026,32.819740295410156
79,97.913315,-18.913314819335938
489,284.0891,204.910888671875
135,119.68241,15.317588806152344
199,296.93964,-97.93963623046875
75,73.66139,1.3386077880859375
150,105.173615,44.826385498046875
70,198.11197,-128.11196899414062
220,245.04663,-25.046630859375
40,74.23212,-34.23211669921875
220,162.79683,57.20317077636719
65,77.435036,-12.435035705566406
228,241.9238,-13.923797607421875
115,227.60628,-112.60627746582031
269,213.52861,55.47138977050781
99,133.74673,-34.746734619140625
125,197.19238,-72.1923828125
157,109.58695,47.413047790527344
100,94.80097,5.199028015136719
53,71.60929,-18.609291076660156
150,137.04422,12.955780029296875
60,68.382065,-8.382064819335938
28,58.67677,-30.676769256591797
100,228.83868,-128.83868408203125
60,44.249985,15.750015258789062
120,89.65923,30.34076690673828
80,126.83263,-46.83262634277344
89,64.96854,24.031463623046875
250,247.37881,2.621185302734375
105,98.83999,6.160011291503906
65,60.884796,4.115203857421875
215,261.86743,-46.867431640625
105,93.817184,11.182815551757812
113,182.98697,-69.98696899414062
65,64.55938,0.44062042236328125
95,131.78603,-36.78602600097656
200,231.78183,-31.781829833984375
90,119.57289,-29.572891235351562
85,220.03929,-135.03929138183594
118,191.49739,-73.49739074707031
180,182.72673,-2.7267303466796875
59,60.738934,-1.7389335632324219
350,77.71607,272.28392791748047
197,173.32384,23.676162719726562
400,312.74304,87.2569580078125
110,86.47674,23.52326202392578
200,221.47713,-21.477127075195312
450,280.20627,169.79373168945312
165,118.57271,46.42729187011719
110,106.45669,3.5433120727539062
250,267.0708,-17.07080078125
200,184.11711,15.882888793945312
78,69.33552,8.664482116699219
140,149.1143,-9.114303588867188
90,135.32771,-45.32771301269531
65,67.49509,-2.495086669921875
130,137.60475,-7.6047515869140625
300,69.598656,230.4013442993164
48,78.71729,-30.71729278564453
110,205.32016,-95.32015991210938
60,63.871117,-3.8711166381835938
350,205.20676,144.79324340820312
125,198.4345,-73.43449401855469
149,97.91962,51.08038330078125
50,60.96161,-10.96160888671875
37,93.810265,-56.810264587402344
150,214.16068,-64.16067504882812
250,136.32509,113.67491149902344
199,159.8556,39.14439392089844
250,225.46242,24.537582397460938
120,152.14581,-32.14581298828125
45,67.43842,-22.43842315673828
185,178.27763,6.7223663330078125
150,200.97163,-50.97163391113281
89,239.46873,-150.46873474121094
175,255.25848,-80.25848388671875
61,156.49382,-95.49382019042969
149,217.4132,-68.41319274902344
250,274.88516,-24.885162353515625
150,172.71884,-22.718841552734375
250,216.8331,33.166900634765625
70,76.35937,-6.359367370605469
250,328.94644,-78.94644165039062
209,259.62796,-50.627960205078125
70,210.09456,-140.0945587158203
225,179.88098,45.1190185546875
50,77.40016,-27.400161743164062
65,47.030666,17.96933364868164
60,71.12651,-11.126510620117188
210,232.65234,-22.65234375
325,166.13092,158.86907958984375
49,71.55761,-22.55760955810547
55,83.67188,-28.67188262939453
75,88.7299,-13.729896545410156
85,64.291115,20.708885192871094
80,75.44131,4.558692932128906
50,74.76118,-24.76117706298828
125,104.04689,20.953109741210938
280,228.30267,51.69732666015625
53,39.400875,13.599124908447266
175,163.51682,11.483184814453125
69,64.02381,4.976188659667969
200,241.43538,-41.43537902832031
160,166.69722,-6.6972198486328125
100,162.66718,-62.66717529296875
175,243.03253,-68.03253173828125
195,138.23557,56.764434814453125
55,75.75509,-20.755088806152344
200,141.10672,58.893280029296875
75,79.74113,-4.741127014160156
100,85.00651,14.993492126464844
75,183.22282,-108.22282409667969
124,141.7756,-17.775604248046875
150,64.78572,85.21427917480469
200,165.91881,34.08119201660156
215,226.4448,-11.444793701171875
95,160.41592,-65.41592407226562
95,92.78009,2.21990966796875
329,203.33716,125.662841796875
39,62.301643,-23.30164337158203
45,52.073994,-7.073993682861328
39,73.04571,-34.04570770263672
750,258.52414,491.4758605957031
68,77.87703,-9.877029418945312
299,325.2681,-26.268096923828125
60,79.02053,-19.020530700683594
120,42.98707,77.01293182373047
180,302.9927,-122.99270629882812
50,64.87456,-14.874557495117188
168,116.58904,51.41095733642578
55,89.67549,-34.67549133300781
49,78.25062,-29.25061798095703
315,349.61853,-34.6185302734375
100,112.24841,-12.2484130859375
140,185.28069,-45.28068542480469
100,186.53078,-86.53077697753906
59,472.50015,-413.5001525878906
425,307.69177,117.3082275390625
320,153.60356,166.3964385986328
49,91.19411,-42.19410705566406
39,76.51175,-37.511749267578125
275,202.87372,72.12628173828125
150,139.52701,10.472991943359375
34,53.216965,-19.216964721679688
30,83.38058,-53.380577087402344
50,62.48289,-12.482891082763672
136,207.10872,-71.10871887207031
195,202.51183,-7.5118255615234375
100,179.13187,-79.13186645507812
110,139.53012,-29.530120849609375
64,87.92439,-23.924392700195312
135,119.31037,15.689628601074219
500,563.4444,-63.44439697265625
100,60.04667,39.953330993652344
120,194.19214,-74.192138671875
100,97.61722,2.382781982421875
50,62.38546,-12.385459899902344
95,364.7625,-269.76251220703125
53,201.52191,-148.52191162109375
225,117.20617,107.79383087158203
69,76.81648,-7.8164825439453125
200,164.54863,35.45137023925781
80,53.852585,26.147415161132812
120,79.58212,40.417877197265625
77,112.57772,-35.577720642089844
50,63.763226,-13.763225555419922
99,97.24768,1.7523193359375
200,251.21896,-51.218963623046875
55,62.35381,-7.353809356689453
185,209.80476,-24.804763793945312
40,51.012398,-11.012397766113281
45,74.671684,-29.67168426513672
150,186.67987,-36.67987060546875
60,70.53892,-10.538917541503906
299,434.53125,-135.53125
131,167.97716,-36.97715759277344
299,158.36458,140.6354217529297
110,107.01999,2.980010986328125
60,70.27325,-10.273246765136719
195,354.7269,-159.72689819335938
95,126.94189,-31.94188690185547
60,79.31314,-19.313140869140625
50,43.302742,6.697257995605469
75,65.85798,9.142021179199219
80,92.95247,-12.952468872070312
200,179.68022,20.319778442382812
64,81.911766,-17.911766052246094
95,124.46186,-29.46186065673828
125,144.29025,-19.290252685546875
150,80.93505,69.06494903564453
42,42.609028,-0.6090278625488281
60,367.64716,-307.64715576171875
35,61.418766,-26.418766021728516
58,83.10344,-25.103439331054688
135,217.34949,-82.3494873046875
150,156.0524,-6.052398681640625
180,297.59296,-117.59295654296875
48,82.06583,-34.065826416015625
225,150.67802,74.32197570800781
400,162.14168,237.8583221435547
75,60.65706,14.342941284179688
113,227.14777,-114.14776611328125
92,150.28784,-58.287841796875
126,221.70018,-95.70018005371094
110,138.30496,-28.304962158203125
75,86.87298,-11.872978210449219
50,64.15819,-14.158187866210938
159,184.72955,-25.72955322265625
225,244.22913,-19.2291259765625
49,65.76468,-16.764678955078125
69,129.4229,-60.42289733886719
45,53.848164,-8.848163604736328
230,384.1275,-154.12750244140625
150,101.59355,48.40644836425781
150,122.62532,27.374679565429688
115,173.71411,-58.714111328125
60,78.72908,-18.729080200195312
65,80.01333,-15.013328552246094
125,141.91582,-16.915817260742188
2000,1405.2798,594.72021484375
139,118.14526,20.854736328125
199,232.29149,-33.29148864746094
90,89.98311,0.0168914794921875
80,122.65624,-42.65624237060547
50,64.094345,-14.094345092773438
49,57.467804,-8.467803955078125
52,120.33331,-68.33331298828125
99,216.27287,-117.27287292480469
125,207.8341,-82.8341064453125
180,146.13872,33.86128234863281
120,195.19261,-75.19261169433594
89,56.316967,32.68303298950195
400,214.2799,185.7200927734375
128,133.49251,-5.4925079345703125
250,147.87741,102.12258911132812
150,135.39006,14.609939575195312
75,79.029816,-4.029815673828125
110,98.27425,11.725753784179688
135,406.60007,-271.6000671386719
60,57.93695,2.06304931640625
85,156.76425,-71.76425170898438
300,146.66852,153.33148193359375
150,181.08174,-31.081741333007812
114,135.42259,-21.422592163085938
70,78.37426,-8.374259948730469
240,276.71307,-36.71307373046875
65,88.662224,-23.66222381591797
90,101.94436,-11.944358825683594
50,51.794453,-1.7944526672363281
60,40.54962,19.45037841796875
130,136.89723,-6.8972320556640625
450,253.74811,196.25189208984375
265,212.38794,52.612060546875
50,56.112877,-6.112876892089844
100,148.77632,-48.77632141113281
450,250.68301,199.31698608398438
60,796.4495,-736.4495239257812
250,205.641,44.35899353027344
40,37.9156,2.084400177001953
150,260.84198,-110.84197998046875
54,91.178246,-37.178245544433594
500,315.6769,184.32308959960938
75,87.77372,-12.773719787597656
119,127.50197,-8.501968383789062
141,181.09686,-40.09686279296875
42,55.859722,-13.859722137451172
42,43.453735,-1.4537353515625
550,198.52492,351.47508239746094
110,143.5364,-33.536407470703125
385,239.14261,145.85739135742188
175,151.51448,23.485519409179688
160,117.93739,42.06260681152344
60,126.76023,-66.7602310180664
150,93.7603,56.23970031738281
119,151.0201,-32.02009582519531
500,380.86465,119.13534545898438
75,64.80591,10.194091796875
62,93.62089,-31.620887756347656
89,193.34439,-104.34439086914062
100,87.59766,12.40234375
249,337.02338,-88.02337646484375
70,73.1681,-3.1680984497070312
50,17.473513,32.52648735046387
150,199.77704,-49.77703857421875
139,139.78761,-0.7876129150390625
80,54.30541,25.694591522216797
110,95.89962,14.100379943847656
65,103.35884,-38.35884094238281
426,372.9827,53.017303466796875
159,297.78116,-138.78115844726562
50,63.988884,-13.988883972167969
200,372.87073,-172.8707275390625
45,138.73158,-93.73158264160156
240,250.27911,-10.27911376953125
50,63.863792,-13.863792419433594
49,87.68127,-38.68126678466797
580,259.58517,320.4148254394531
130,165.4074,-35.40739440917969
85,105.03255,-20.032546997070312
90,72.306404,17.69359588623047
75,59.709846,15.290153503417969
300,237.47128,62.528717041015625
150,167.47224,-17.472244262695312
499,177.66277,321.3372344970703
158,156.92894,1.0710601806640625
129,167.19649,-38.19648742675781
99,95.62648,3.3735198974609375
150,227.10934,-77.10934448242188
200,229.99406,-29.994064331054688
135,166.11339,-31.113388061523438
70,66.37431,3.6256866455078125
35,60.252876,-25.25287628173828
125,163.25682,-38.25682067871094
60,93.26303,-33.263031005859375
50,83.20589,-33.20588684082031
50,150.25365,-100.25364685058594
600,250.98259,349.0174102783203
299,243.82933,55.17066955566406
47,52.390774,-5.390773773193359
215,342.55322,-127.55322265625
180,216.4623,-36.46229553222656
159,126.28709,32.712913513183594
235,195.88469,39.11531066894531
226,327.54208,-101.54208374023438
146,132.53296,13.467041015625
74,87.398285,-13.398284912109375
80,80.47898,-0.47898101806640625
75,65.44604,9.553962707519531
50,54.469646,-4.469646453857422
90,95.75926,-5.7592620849609375
80,99.10645,-19.10645294189453
67,68.25566,-1.2556610107421875
85,105.14922,-20.14922332763672
40,108.308876,-68.30887603759766
120,155.71985,-35.7198486328125
250,138.55742,111.44258117675781
60,65.73982,-5.7398223876953125
149,183.69376,-34.693756103515625
85,156.4284,-71.42840576171875
200,59.916626,140.0833740234375
75,68.66357,6.336433410644531
50,61.837166,-11.837165832519531
99,126.46079,-27.460792541503906
175,145.46214,29.537857055664062
325,152.25095,172.74905395507812
150,173.30713,-23.30712890625
44,55.14097,-11.140968322753906
55,86.95605,-31.95604705810547
82,94.28958,-12.289581298828125
200,165.12901,34.87098693847656
47,82.995636,-35.995635986328125
81,111.97419,-30.97418975830078
56,62.368073,-6.368072509765625
280,139.97353,140.02647399902344
180,255.00153,-75.00152587890625
37,54.3168,-17.31679916381836
120,162.74773,-42.74772644042969
40,66.19267,-26.192672729492188
175,219.15178,-44.15177917480469
100,107.47552,-7.475517272949219
85,84.66681,0.33319091796875
110,169.0355,-59.03550720214844
145,309.85458,-164.85458374023438
250,168.72052,81.27947998046875
135,205.75243,-70.75242614746094
150,215.41422,-65.41421508789062
45,51.98011,-6.980110168457031
299,260.7278,38.272186279296875
84,139.40901,-55.40901184082031
125,361.51367,-236.513671875
80,60.74652,19.25347900390625
180,94.84462,85.15538024902344
245,190.39725,54.602752685546875
147,202.50737,-55.50736999511719
75,86.23226,-11.232261657714844
100,107.888016,-7.8880157470703125
80,71.74151,8.258491516113281
175,302.52557,-127.52557373046875
90,56.428333,33.5716667175293
72,87.54045,-15.540451049804688
60,105.122475,-45.122474670410156
125,157.77689,-32.776885986328125
35,58.424797,-23.42479705810547
40,46.02358,-6.023578643798828
164,192.923,-28.923004150390625
66,80.08088,-14.080879211425781
55,80.4136,-25.413597106933594
149,221.75029,-72.75028991699219
120,255.37091,-135.37091064453125
143,190.26532,-47.26531982421875
136,140.68608,-4.6860809326171875
145,174.64204,-29.642044067382812
40,62.586872,-22.586872100830078
53,235.25743,-182.25743103027344
285,380.16583,-95.16583251953125
35,25.547958,9.452041625976562
175,247.97746,-72.97746276855469
55,61.654686,-6.654685974121094
90,122.279305,-32.27930450439453
56,63.035973,-7.035972595214844
48,57.11168,-9.111679077148438
299,269.42267,29.57733154296875
85,163.85115,-78.85115051269531
120,145.2712,-25.271194458007812
200,165.60808,34.39192199707031
120,232.80252,-112.80252075195312
95,73.93271,21.067291259765625
250,284.78552,-34.7855224609375
99,97.95389,1.046112060546875
50,58.536877,-8.536876678466797
358,292.02332,65.9766845703125
140,190.21059,-50.21058654785156
200,157.3974,42.60260009765625
160,132.424,27.576004028320312
35,44.763874,-9.763874053955078
74,85.80262,-11.802619934082031
100,168.88216,-68.88215637207031
130,204.48407,-74.48406982421875
125,67.0462,57.95379638671875
1369,427.77383,941.2261657714844
100,137.32793,-37.32792663574219
130,182.86835,-52.86834716796875
60,76.72281,-16.722808837890625
130,154.22739,-24.227386474609375
250,262.8509,-12.85089111328125
60,62.573624,-2.5736236572265625
120,212.89589,-92.89588928222656
113,133.46246,-20.46246337890625
195,274.99915,-79.9991455078125
35,67.34119,-32.3411865234375
150,81.333275,68.6667251586914
180,214.97635,-34.976348876953125
215,212.53546,2.46453857421875
145,179.08235,-34.08235168457031
80,102.33904,-22.33904266357422
250,292.99414,-42.994140625
200,314.47552,-114.47552490234375
45,73.92808,-28.928077697753906
139,323.15744,-184.15744018554688
69,265.8496,-196.849609375
169,118.687836,50.312164306640625
120,98.70608,21.293922424316406
90,143.04848,-53.04847717285156
79,204.69278,-125.69277954101562
50,61.81615,-11.816150665283203
130,136.88702,-6.88702392578125
130,216.56631,-86.56631469726562
250,187.81766,62.182342529296875
199,304.5439,-105.54391479492188
595,310.45993,284.5400695800781
76,155.66374,-79.66374206542969
50,63.54427,-13.544269561767578
150,155.95717,-5.9571685791015625
45,69.94978,-24.949783325195312
319,232.36313,86.63687133789062
70,63.16461,6.83538818359375
150,306.41534,-156.41534423828125
150,238.68916,-88.68916320800781
110,233.96269,-123.96269226074219
160,187.85336,-27.853363037109375
200,259.67883,-59.6788330078125
190,305.128,-115.12799072265625
90,97.94014,-7.9401397705078125
40,66.67529,-26.67529296875
68,94.80931,-26.809310913085938
145,291.83658,-146.83657836914062
70,170.59901,-100.59901428222656
600,273.39618,326.60382080078125
110,74.30813,35.691871643066406
41,72.693306,-31.69330596923828
189,249.25366,-60.253662109375
339,310.06317,28.93682861328125
87,88.68953,-1.6895294189453125
150,170.94016,-20.940155029296875
195,134.68364,60.31636047363281
118,142.39636,-24.3963623046875
90,100.877235,-10.877235412597656
100,94.79157,5.208427429199219
40,98.03763,-58.037628173828125
147,140.84271,6.15728759765625
57,71.14271,-14.142707824707031
130,75.99236,54.00763702392578
99,116.4185,-17.418502807617188
120,163.42624,-43.426239013671875
145,341.09308,-196.09307861328125
295,278.6526,16.347412109375
120,206.75693,-86.75692749023438
50,82.02775,-32.027748107910156
50,81.25017,-31.250167846679688
129,207.77829,-78.77828979492188
137,228.53525,-91.53524780273438
50,161.63641,-111.63641357421875
151,306.89743,-155.89743041992188
79,98.80013,-19.800132751464844
50,75.55092,-25.550918579101562
200,390.4415,-190.44149780273438
350,187.36469,162.63531494140625
85,83.0021,1.9979019165039062
100,205.52528,-105.52528381347656
110,157.15154,-47.15153503417969
167,224.74046,-57.74046325683594
95,105.03527,-10.035270690917969
40,41.402462,-1.4024620056152344
120,166.02312,-46.02311706542969
240,151.41241,88.58758544921875
190,199.79095,-9.79095458984375
125,199.43724,-74.43724060058594
250,193.45096,56.549041748046875
70,90.42135,-20.421348571777344
55,102.6145,-47.614501953125
150,140.23405,9.765945434570312
65,199.11046,-134.11045837402344
49,73.68595,-24.685951232910156
44,81.11413,-37.11412811279297
195,156.27452,38.72547912597656
80,311.65436,-231.65435791015625
40,79.15159,-39.151588439941406
499,311.8456,187.15438842773438
174,178.77103,-4.771026611328125
72,131.46518,-59.465179443359375
82,81.351295,0.6487045288085938
100,127.33864,-27.338638305664062
55,53.8937,1.1063003540039062
90,59.07578,30.92422103881836
150,179.67715,-29.677154541015625
175,174.53612,0.4638824462890625
265,225.15346,39.84654235839844
190,116.246445,73.75355529785156
60,56.80618,3.1938209533691406
45,33.98705,11.012950897216797
118,198.20963,-80.20962524414062
200,154.11794,45.88206481933594
59,75.67168,-16.671676635742188
120,368.03003,-248.030029296875
123,558.72943,-435.72943115234375
144,173.77005,-29.770050048828125
69,151.47618,-82.47618103027344
38,52.627026,-14.627025604248047
225,164.1952,60.80479431152344
100,108.790955,-8.79095458984375
120,176.20412,-56.20411682128906
30,25.75106,4.248939514160156
289,250.72406,38.27593994140625
75,87.354,-12.353996276855469
89,70.40532,18.594680786132812
193,248.62209,-55.62208557128906
120,138.16574,-18.165740966796875
102,84.18479,17.815208435058594
279,192.65712,86.34288024902344
84,98.373474,-14.37347412109375
325,167.1949,157.8050994873047
170,233.58366,-63.58366394042969
125,239.77544,-114.77543640136719
34,33.266075,0.7339248657226562
80,79.40144,0.5985565185546875
189,101.42371,87.57628631591797
162,181.57863,-19.578628540039062
69,88.01208,-19.01207733154297
200,275.60922,-75.60922241210938
80,153.99927,-73.999267578125
76,191.6226,-115.62260437011719
550,246.52916,303.47084045410156
111,181.98483,-70.98483276367188
120,93.19478,26.805221557617188
150,248.86652,-98.86651611328125
60,88.779144,-28.779144287109375
225,274.15668,-49.15667724609375
65,70.18704,-5.187042236328125
172,187.45468,-15.454681396484375
150,165.60551,-15.605514526367188
268,164.69803,103.30197143554688
595,308.13095,286.8690490722656
65,80.587425,-15.587425231933594
72,97.53235,-25.5323486328125
180,184.85493,-4.8549346923828125
86,91.22637,-5.226371765136719
43,59.608562,-16.608562469482422
68,93.59248,-25.592483520507812
120,180.1384,-60.138397216796875
139,143.13234,-4.1323394775390625
55,79.43385,-24.433853149414062
600,350.1973,249.80270385742188
165,212.57706,-47.577056884765625
65,80.19222,-15.192222595214844
30,43.812336,-13.812335968017578
150,93.2373,56.76270294189453
80,63.386456,16.613544464111328
64,62.75436,1.2456398010253906
37,56.21764,-19.217639923095703
120,117.82936,2.1706390380859375
45,83.06637,-38.066368103027344
155,194.07225,-39.07225036621094
58,359.44656,-301.4465637207031
75,72.48902,2.5109786987304688
25,62.24076,-37.240760803222656
75,56.160828,18.83917236328125
80,84.52236,-4.522361755371094
130,166.83124,-36.83123779296875
84,97.44421,-13.444206237792969
85,79.90908,5.090919494628906
150,228.48938,-78.4893798828125
55,47.2396,7.760398864746094
189,144.2554,44.744598388671875
120,145.1302,-25.130203247070312
50,64.16321,-14.1632080078125
146,248.96208,-102.96208190917969
126,204.69496,-78.69496154785156
99,397.86475,-298.86474609375
39,58.05136,-19.051361083984375
202,322.9553,-120.95529174804688
29,52.04415,-23.044151306152344
45,44.99972,0.000278472900390625
110,321.93967,-211.93966674804688
140,270.83026,-130.83026123046875
115,201.62029,-86.62028503417969
160,193.47641,-33.476409912109375
55,42.17835,12.821651458740234
50,66.61426,-16.6142578125
225,226.90411,-1.90411376953125
40,62.641655,-22.64165496826172
70,95.38312,-25.38311767578125
150,89.256004,60.743995666503906
64,117.5992,-53.59919738769531
160,192.1417,-32.141693115234375
90,168.28482,-78.28482055664062
90,113.373245,-23.373245239257812
166,130.47992,35.52008056640625
100,166.81956,-66.81956481933594
65,78.93121,-13.93121337890625
200,242.33908,-42.339080810546875
50,56.07045,-6.0704498291015625
199,171.61491,27.385086059570312
69,51.65501,17.344989776611328
90,50.189617,39.81038284301758
50,66.49925,-16.499252319335938
125,118.01809,6.981910705566406
35,71.870316,-36.87031555175781
180,267.69125,-87.69125366210938
140,215.13834,-75.13833618164062
50,51.49875,-1.498748779296875
70,65.312965,4.687034606933594
38,51.80691,-13.80691146850586
150,159.81277,-9.812774658203125
155,196.20741,-41.20741271972656
115,166.78569,-51.78569030761719
75,82.57659,-7.576591491699219
125,90.22328,34.77671813964844
195,284.42557,-89.42556762695312
152,165.15718,-13.157180786132812
750,311.11514,438.8848571777344
70,74.25696,-4.2569580078125
120,81.70603,38.293968200683594
350,407.0771,-57.07708740234375
125,193.8692,-68.86920166015625
99,197.21315,-98.21315002441406
120,208.78903,-88.78903198242188
175,222.68823,-47.688232421875
130,96.29767,33.70233154296875
100,68.779854,31.22014617919922
170,191.1945,-21.194503784179688
95,98.19669,-3.1966934204101562
199,198.09244,0.907562255859375
150,69.50094,80.49906158447266
185,188.1651,-3.16510009765625
30,64.45566,-34.455657958984375
155,197.3441,-42.34410095214844
64,118.24699,-54.246986389160156
141,94.41467,46.5853271484375
59,83.07621,-24.076210021972656
100,180.14436,-80.14436340332031
69,301.29105,-232.29104614257812
70,169.97412,-99.97412109375
85,186.17378,-101.17378234863281
300,579.5616,-279.56158447265625
82,88.22825,-6.228248596191406
76,81.07119,-5.071189880371094
65,94.03512,-29.035118103027344
81,68.01935,12.98065185546875
159,201.85905,-42.85905456542969
225,212.27296,12.727035522460938
110,93.43489,16.565109252929688
150,212.63,-62.6300048828125
470,318.94504,151.05496215820312
50,42.45242,7.547580718994141
65,71.4933,-6.4933013916015625
200,74.39122,125.60877990722656
86,179.95544,-93.9554443359375
125,94.443085,30.556915283203125
111,139.48909,-28.489089965820312
100,171.7826,-71.7825927734375
100,103.63286,-3.6328582763671875
138,289.5541,-151.55410766601562
77,112.615005,-35.61500549316406
100,73.225174,26.774826049804688
75,133.66724,-58.667236328125
231,243.55788,-12.557876586914062
150,174.87077,-24.870773315429688
90,104.3493,-14.349296569824219
450,161.93556,288.06443786621094
348,173.54688,174.453125
109,121.05708,-12.057083129882812
250,219.62808,30.371917724609375
80,68.91666,11.083343505859375
31,52.079002,-21.079002380371094
30,32.726334,-2.7263336181640625
320,218.2261,101.77389526367188
260,295.76074,-35.7607421875
37,50.133514,-13.133514404296875
75,60.489677,14.510322570800781
41,42.775105,-1.7751045227050781
120,125.33775,-5.3377532958984375
79,169.53366,-90.53366088867188
60,206.30318,-146.3031768798828
65,81.15694,-16.156936645507812
295,218.05943,76.94056701660156
126,148.7654,-22.765396118164062
185,183.37671,1.623291015625
85,119.01308,-34.01307678222656
200,234.52174,-34.52174377441406
59,67.60892,-8.608917236328125
340,185.18396,154.8160400390625
175,310.84006,-135.84005737304688
199,268.0184,-69.01840209960938
54,62.523876,-8.523876190185547
175,174.9577,0.04229736328125
77,52.804882,24.195117950439453
40,65.19622,-25.19622039794922
60,66.47146,-6.471458435058594
200,198.9861,1.0139007568359375
100,124.31618,-24.316177368164062
140,150.35767,-10.357666015625
175,215.57518,-40.57518005371094
250,214.55327,35.44673156738281
154,175.20914,-21.209136962890625
174,128.35007,45.649932861328125
220,216.91992,3.080078125
98,93.89272,4.107276916503906
110,67.284836,42.71516418457031
108,136.61482,-28.614822387695312
185,127.3259,57.674102783203125
90,143.00912,-53.009124755859375
100,57.396885,42.60311508178711
55,70.38078,-15.380783081054688
114,124.01183,-10.011833190917969
76,87.69127,-11.691268920898438
78,53.441277,24.55872344970703
120,55.37252,64.62747955322266
60,84.98518,-24.985183715820312
75,133.11331,-58.113311767578125
53,85.87713,-32.87712860107422
599,531.4333,67.56671142578125
81,75.010605,5.9893951416015625
95,104.25951,-9.259506225585938
220,225.84958,-5.849578857421875
120,101.47889,18.52111053466797
100,113.12652,-13.126518249511719
75,242.19693,-167.19692993164062
45,54.201744,-9.201744079589844
70,53.868988,16.131011962890625
180,279.21143,-99.21142578125
58,54.611282,3.3887176513671875
28,14.846027,13.153972625732422
425,316.2706,108.72940063476562
125,49.999744,75.0002555847168
90,54.214756,35.78524398803711
200,171.14671,28.853286743164062
60,84.39755,-24.397552490234375
185,163.11479,21.885208129882812
53,51.366013,1.6339874267578125
265,191.3805,73.6195068359375
220,157.52771,62.4722900390625
138,118.12208,19.87792205810547
150,201.4074,-51.40739440917969
108,114.52602,-6.5260162353515625
47,54.420124,-7.420124053955078
60,75.69062,-15.690620422363281
50,51.08366,-1.0836601257324219
70,105.49652,-35.49652099609375
100,177.74394,-77.74394226074219
109,71.51538,37.484619140625
175,176.23126,-1.23126220703125
50,185.32773,-135.32772827148438
40,70.424164,-30.424163818359375
59,69.13803,-10.138031005859375
79,125.130295,-46.13029479980469
85,119.42671,-34.42671203613281
80,118.94009,-38.940086364746094
55,57.604454,-2.6044540405273438
55,74.09842,-19.098419189453125
75,68.07166,6.928337097167969
120,104.11764,15.882362365722656
70,80.42192,-10.421920776367188
75,142.80435,-67.80435180664062
50,69.452156,-19.45215606689453
99,78.17053,20.8294677734375
150,136.75116,13.24884033203125
75,403.16528,-328.165283203125
189,243.53867,-54.538665771484375
80,105.87857,-25.878570556640625
90,54.9664,35.033599853515625
80,98.22132,-18.22132110595703
61,100.15301,-39.15300750732422
65,52.344414,12.655586242675781
89,93.11739,-4.117393493652344
60,50.38509,9.614910125732422
103,175.4512,-72.45120239257812
32,-18.263254,50.263254165649414
167,212.54204,-45.54203796386719
89,114.68831,-25.688308715820312
95,153.0507,-58.05070495605469
75,100.44031,-25.4403076171875
45,242.00642,-197.0064239501953
75,83.81259,-8.812591552734375
27,47.82598,-20.82598114013672
264,242.88501,21.114990234375
125,90.566124,34.433876037597656
115,148.93379,-33.93379211425781
200,168.08192,31.918075561523438
145,170.44017,-25.440170288085938
80,59.633514,20.366485595703125
249,138.66418,110.3358154296875
65,58.63805,6.361949920654297
65,59.123795,5.8762054443359375
61,85.32021,-24.320213317871094
66,74.68306,-8.683059692382812
295,259.62946,35.37054443359375
50,43.67812,6.321880340576172
68,60.753975,7.246025085449219
159,190.5691,-31.569107055664062
95,144.91093,-49.91093444824219
165,182.05032,-17.050323486328125
175,230.80617,-55.80616760253906
120,142.92924,-22.929244995117188
51,68.67793,-17.677932739257812
28,58.7079,-30.707901000976562
60,108.3743,-48.374298095703125
175,131.34714,43.652862548828125
135,250.89592,-115.89591979980469
99,84.29505,14.704948425292969
150,187.99127,-37.99127197265625
180,153.68822,26.311782836914062
312,290.83658,21.163421630859375
175,211.12973,-36.129730224609375
349,363.38632,-14.386322021484375
100,90.90757,9.092430114746094
88,64.20779,23.792213439941406
99,85.09757,13.902427673339844
165,180.78426,-15.784255981445312
64,61.03623,2.9637718200683594
75,590.88947,-515.8894653320312
90,157.90166,-67.90165710449219
25,65.728355,-40.728355407714844
65,77.228165,-12.228164672851562
250,178.95798,71.04202270507812
85,95.2238,-10.223800659179688
170,140.97816,29.021835327148438
110,144.54068,-34.540679931640625
75,49.77392,25.22608184814453
125,87.83582,37.16417694091797
200,244.32483,-44.3248291015625
48,67.152504,-19.152503967285156
70,76.039734,-6.03973388671875
75,100.93843,-25.938430786132812
89,383.56122,-294.56121826171875
35,29.84026,5.159740447998047
165,147.21373,17.786270141601562
350,299.7538,50.246185302734375
50,69.9588,-19.95880126953125
250,245.64748,4.3525238037109375
150,314.23984,-164.23983764648438
250,165.23532,84.76467895507812
85,49.121246,35.878753662109375
40,64.88261,-24.882606506347656
249,195.22514,53.77485656738281
50,68.69501,-18.69500732421875
41,36.949017,4.050983428955078
59,125.959015,-66.95901489257812
38,63.810867,-25.810867309570312
80,164.52321,-84.52320861816406
149,136.88268,12.117324829101562
36,66.25803,-30.258033752441406
180,163.71451,16.285491943359375
55,53.84211,1.1578903198242188
70,113.141304,-43.14130401611328
80,175.62468,-95.62467956542969
75,150.84511,-75.84510803222656
45,84.4333,-39.43329620361328
100,147.21883,-47.21882629394531
200,161.77904,38.22096252441406
55,61.279545,-6.279544830322266
450,153.74323,296.25677490234375
130,105.929504,24.07049560546875
130,162.73708,-32.73707580566406
65,96.25015,-31.250152587890625
44,50.88891,-6.888908386230469
85,116.25702,-31.25701904296875
124,226.15793,-102.15792846679688
150,85.23636,64.76364135742188
175,371.18704,-196.18704223632812
150,182.13203,-32.13203430175781
270,255.26175,14.738250732421875
250,236.52911,13.47088623046875
109,127.83425,-18.834251403808594
122,80.23113,41.76886749267578
79,100.58573,-21.585731506347656
110,69.55941,40.440589904785156
57,41.19171,15.80828857421875
125,121.105385,3.8946151733398438
168,236.58052,-68.58052062988281
100,91.03691,8.963088989257812
44,59.344204,-15.34420394897461
65,71.061554,-6.061553955078125
250,244.64723,5.3527679443359375
85,104.130646,-19.130645751953125
79,120.376564,-41.376564025878906
125,110.63067,14.369331359863281
100,118.89024,-18.890243530273438
222,241.07042,-19.070419311523438
49,45.722694,3.2773056030273438
1600,410.409,1189.5910034179688
259,204.44861,54.5513916015625
140,110.77399,29.22601318359375
32,44.647373,-12.64737319946289
80,163.6388,-83.6387939453125
150,119.359856,30.64014434814453
120,131.69507,-11.695068359375
80,81.58613,-1.5861282348632812
225,233.62724,-8.627243041992188
75,70.54748,4.452522277832031
140,168.8762,-28.876205444335938
250,398.51328,-148.51327514648438
70,62.569187,7.430812835693359
150,171.40736,-21.407363891601562
72,65.749,6.250999450683594
53,54.27303,-1.2730293273925781
39,59.992085,-20.992084503173828
88,71.38958,16.61042022705078
40,64.34891,-24.348907470703125
42,53.30909,-11.309089660644531
150,225.54132,-75.54132080078125
85,118.796555,-33.79655456542969
350,207.41518,142.58482360839844
55,70.42621,-15.42620849609375
60,100.21249,-40.212486267089844
135,119.95521,15.044792175292969
239,257.72043,-18.720428466796875
175,261.7578,-86.7578125
65,83.07779,-18.077789306640625
35,29.141777,5.858222961425781
85,60.42419,24.575809478759766
78,89.4581,-11.458099365234375
155,263.25485,-108.25485229492188
104,243.06357,-139.06356811523438
125,97.501686,27.498313903808594
175,145.37305,29.626953125
159,230.21735,-71.21734619140625
125,192.5733,-67.57330322265625
195,216.0561,-21.056106567382812
65,96.89314,-31.893142700195312
165,171.34792,-6.3479156494140625
75,94.43154,-19.431541442871094
125,78.43593,46.56407165527344
250,262.84714,-12.847137451171875
1999,200.52068,1798.4793243408203
143,201.1509,-58.15089416503906
50,82.81737,-32.81736755371094
89,160.07832,-71.07832336425781
49,92.754906,-43.754905700683594
335,303.51535,31.484649658203125
90,90.24927,-0.249267578125
49,59.29464,-10.294639587402344
120,153.35774,-33.35774230957031
110,112.32239,-2.3223876953125
175,171.54718,3.45281982421875
32,59.799072,-27.799072265625
66,73.62355,-7.6235504150390625
89,85.10501,3.894989013671875
120,138.41159,-18.411590576171875
85,138.84233,-53.84233093261719
79,223.78967,-144.7896728515625
136,147.68004,-11.680038452148438
225,161.47871,63.52128601074219
190,183.568,6.4320068359375
63,55.45165,7.548351287841797
132,241.73781,-109.73780822753906
200,150.99236,49.00764465332031
79,134.35184,-55.351837158203125
392,323.01932,68.98068237304688
180,207.6025,-27.602493286132812
220,278.19403,-58.19403076171875
180,148.06868,31.931320190429688
90,84.494774,5.505226135253906
271,220.58115,50.418853759765625
179,176.02556,2.9744415283203125
100,134.03253,-34.03253173828125
180,348.59018,-168.59017944335938
175,168.61224,6.38775634765625
40,66.74021,-26.740211486816406
200,151.77188,48.228118896484375
59,67.2806,-8.280601501464844
130,199.31294,-69.31294250488281
232,195.0455,36.954498291015625
139,60.183807,78.81619262695312
50,54.60098,-4.600978851318359
150,248.66347,-98.66346740722656
230,276.0175,-46.017486572265625
39,144.6878,-105.68780517578125
79,63.845158,15.154842376708984
399,241.2127,157.78729248046875
235,302.71985,-67.7198486328125
39,54.864162,-15.86416244506836
150,189.29912,-39.29911804199219
85,101.86321,-16.86321258544922
30,98.27819,-68.27819061279297
125,209.96713,-84.96713256835938
350,209.71648,140.2835235595703
32,39.33262,-7.332618713378906
89,142.94766,-53.947662353515625
70,124.030396,-54.0303955078125
75,45.240265,29.759735107421875
80,150.81721,-70.81721496582031
155,231.36159,-76.36158752441406
69,147.67958,-78.67958068847656
222,227.83176,-5.831756591796875
37,65.40463,-28.404632568359375
103,213.073,-110.072998046875
63,67.12969,-4.129692077636719
70,126.17992,-56.17991638183594
100,166.17493,-66.1749267578125
200,391.46442,-191.46441650390625
109,137.70027,-28.700271606445312
250,222.90425,27.095748901367188
45,54.59239,-9.592388153076172
165,241.52475,-76.52474975585938
80,95.45652,-15.456520080566406
70,66.46002,3.53997802734375
99,180.47226,-81.47225952148438
130,142.92812,-12.928115844726562
60,53.59273,6.407268524169922
61,120.14391,-59.14391326904297
125,72.58799,52.412010192871094
135,193.04533,-58.04533386230469
135,163.76585,-28.765853881835938
140,165.62605,-25.626052856445312
40,75.37444,-35.37444305419922
85,135.50385,-50.50384521484375
195,89.30167,105.69833374023438
90,85.31344,4.686561584472656
149,82.69937,66.30062866210938
140,228.87204,-88.87203979492188
99,105.69482,-6.694816589355469
160,165.25653,-5.25653076171875
250,188.3967,61.603302001953125
100,331.4818,-231.4818115234375
200,106.60196,93.39804077148438
65,68.13941,-3.1394119262695312
28,25.58285,2.4171504974365234
35,67.68685,-32.686851501464844
55,55.60597,-0.6059684753417969
175,201.45749,-26.457489013671875
183,188.13086,-5.130859375
100,73.630516,26.369483947753906
50,56.63792,-6.637920379638672
49,57.958935,-8.958934783935547
225,241.19725,-16.197250366210938
147,146.86186,0.1381378173828125
220,191.5246,28.47540283203125
215,271.67288,-56.672882080078125
70,78.407555,-8.407554626464844
200,119.43464,80.56536102294922
120,132.39935,-12.39935302734375
45,29.109814,15.890186309814453
370,235.94208,134.05792236328125
57,94.9735,-37.97350311279297
120,112.40778,7.592216491699219
40,62.518196,-22.51819610595703
45,63.398666,-18.398666381835938
45,89.76227,-44.76226806640625
69,49.93766,19.062339782714844
150,122.74844,27.251556396484375
120,146.06613,-26.066131591796875
670,412.05453,257.9454650878906
220,220.95369,-0.9536895751953125
63,67.123795,-4.1237945556640625
206,194.94489,11.05511474609375
50,83.55996,-33.559959411621094
119,60.23938,58.7606201171875
135,146.04907,-11.049072265625
75,81.931854,-6.931854248046875
80,72.718315,7.281684875488281
20,84.86348,-64.86347961425781
120,173.57027,-53.57026672363281
115,234.65862,-119.65861511230469
175,172.72398,2.2760162353515625
10,160.25424,-150.25424194335938
450,247.58238,202.41761779785156
200,132.94498,67.05502319335938
150,123.74178,26.258216857910156
55,96.87196,-41.87196350097656
95,182.3137,-87.31370544433594
27,75.33313,-48.3331298828125
130,238.19145,-108.19145202636719
80,105.69304,-25.693038940429688
169,198.84937,-29.849365234375
82,78.46209,3.5379104614257812
50,56.51216,-6.5121612548828125
300,226.78082,73.21917724609375
37,57.946075,-20.946075439453125
316,302.88623,13.11376953125
50,75.931816,-25.93181610107422
123,124.26361,-1.26361083984375
50,69.588196,-19.58819580078125
85,45.90778,39.092220306396484
75,56.718884,18.281116485595703
220,426.11334,-206.11334228515625
95,99.5981,-4.5980987548828125
80,41.778988,38.221012115478516
45,66.735176,-21.73517608642578
55,54.157124,0.8428764343261719
63,62.289223,0.7107772827148438
275,147.24066,127.75933837890625
100,135.37675,-35.37675476074219
49,57.251106,-8.251106262207031
75,69.55608,5.443916320800781
75,79.77801,-4.778007507324219
280,305.77963,-25.779632568359375
65,85.994705,-20.994705200195312
60,65.08224,-5.082237243652344
60,71.24153,-11.241531372070312
165,167.7121,-2.71209716796875
90,79.929245,10.070755004882812
145,174.26813,-29.26812744140625
45,76.76887,-31.76886749267578
135,198.74536,-63.745361328125
285,176.23622,108.76377868652344
375,373.06024,1.93975830078125
149,188.21332,-39.21331787109375
300,189.26793,110.73207092285156
229,139.72292,89.27708435058594
45,110.25311,-65.25311279296875
179,291.28738,-112.28738403320312
135,94.39834,40.601661682128906
200,200.3768,-0.376800537109375
105,83.15798,21.842018127441406
115,75.86254,39.13745880126953
65,65.48355,-0.483551025390625
129,141.26308,-12.263076782226562
737,768.89215,-31.89215087890625
83,90.75273,-7.7527313232421875
100,78.067444,21.93255615234375
110,113.00292,-3.0029220581054688
340,298.42038,41.579620361328125
45,76.81154,-31.811538696289062
40,61.98868,-21.98868179321289
75,83.76471,-8.76470947265625
75,191.63951,-116.63951110839844
40,70.859825,-30.859825134277344
67,65.99348,1.0065231323242188
407,225.81882,181.18118286132812
89,104.60597,-15.605972290039062
300,271.25797,28.742034912109375
199,244.64438,-45.644378662109375
115,229.70776,-114.707763671875
35,83.79679,-48.796791076660156
65,59.834972,5.165027618408203
80,173.05606,-93.05606079101562
60,62.28501,-2.2850112915039062
500,241.43658,258.56341552734375
53,55.19413,-2.1941299438476562
75,73.08135,1.9186477661132812
169,140.32002,28.679977416992188
138,119.188126,18.811874389648438
150,243.83304,-93.83303833007812
239,256.70874,-17.708740234375
185,178.20006,6.7999420166015625
75,183.11884,-108.11883544921875
25,55.10254,-30.1025390625
205,180.92598,24.074020385742188
175,281.14236,-106.14236450195312
125,67.81084,57.18916320800781
69,46.044994,22.955005645751953
40,39.83507,0.16492843627929688
200,143.06992,56.930084228515625
65,72.731544,-7.731544494628906
55,82.5118,-27.511802673339844
259,238.43643,20.563568115234375
125,155.8811,-30.881103515625
75,70.991356,4.008644104003906
40,44.687767,-4.687767028808594
75,57.67281,17.327190399169922
55,67.45197,-12.451972961425781
96,70.35891,25.641090393066406
50,63.38158,-13.381580352783203
150,195.77594,-45.77593994140625
120,116.90657,3.0934295654296875
140,75.013504,64.98649597167969
38,66.44191,-28.441909790039062
200,317.4205,-117.42050170898438
70,58.937576,11.062423706054688
70,60.13459,9.865409851074219
95,54.808773,40.191226959228516
120,212.90213,-92.90213012695312
70,147.71613,-77.71612548828125
200,166.02133,33.978668212890625
15,58.46358,-43.46358108520508
249,214.7984,34.20159912109375
380,161.78488,218.21511840820312
70,64.01825,5.98175048828125
160,156.59128,3.408721923828125
60,50.83675,9.163249969482422
45,64.7037,-19.703697204589844
65,88.469604,-23.4696044921875
110,160.64835,-50.648345947265625
140,76.78522,63.21478271484375
300,550.7177,-250.71771240234375
51,79.34583,-28.34583282470703
200,161.85289,38.14710998535156
125,133.72395,-8.723953247070312
165,206.59242,-41.59242248535156
250,204.55212,45.4478759765625
49,95.04428,-46.044281005859375
60,70.25002,-10.250022888183594
137,125.17916,11.820838928222656
105,105.925766,-0.9257659912109375
75,84.930695,-9.930694580078125
50,73.13727,-23.13726806640625
278,257.7284,20.2716064453125
73,90.57281,-17.57280731201172
39,52.76283,-13.762828826904297
185,297.0785,-112.0784912109375
100,74.91422,25.085777282714844
100,80.62298,19.37702178955078
269,329.71124,-60.71124267578125
55,55.31227,-0.3122711181640625
175,160.0603,14.939697265625
150,0.34364855,149.6563514471054
250,238.50572,11.494277954101562
200,196.6165,3.3834991455078125
150,183.84239,-33.84239196777344
63,94.79427,-31.794273376464844
79,123.3902,-44.39019775390625
120,95.81087,24.189132690429688
89,93.12284,-4.122840881347656
75,86.18462,-11.184623718261719
60,55.850372,4.149627685546875
79,56.95765,22.04235076904297
119,108.18229,10.817710876464844
47,68.50238,-21.50238037109375
142,72.35965,69.64035034179688
350,224.39987,125.60012817382812
175,130.86507,44.13493347167969
239,298.93082,-59.930816650390625
500,866.01074,-366.0107421875
150,206.89392,-56.8939208984375
175,68.61201,106.38799285888672
50,134.33885,-84.33885192871094
65,67.08913,-2.0891265869140625
140,108.189835,31.810165405273438
55,54.991043,0.0089569091796875
195,248.25269,-53.252685546875
112,143.77672,-31.776718139648438
1200,445.77423,754.2257690429688
70,65.91656,4.083442687988281
140,167.34828,-27.348281860351562
55,62.664497,-7.664497375488281
129,121.05106,7.948936462402344
95,121.42077,-26.42076873779297
150,99.13071,50.869293212890625
174,178.58823,-4.588226318359375
45,56.494713,-11.494712829589844
75,82.392525,-7.392524719238281
75,62.220203,12.779796600341797
150,121.982,28.01799774169922
60,65.56582,-5.565818786621094
287,238.95885,48.04115295410156
35,25.359789,9.64021110534668
130,171.12604,-41.12603759765625
198,228.41246,-30.412460327148438
90,127.190346,-37.190345764160156
65,53.407417,11.592582702636719
128,179.01062,-51.0106201171875
200,232.64302,-32.64302062988281
60,75.10563,-15.105628967285156
250,203.54883,46.451171875
65,120.10525,-55.105247497558594
105,96.3263,8.673698425292969
50,52.19228,-2.192279815673828
175,356.0371,-181.037109375
150,172.61516,-22.615158081054688
45,69.5846,-24.58460235595703
25,77.14393,-52.14392852783203
139,233.54483,-94.54483032226562
67,76.49528,-9.495277404785156
50,66.37461,-16.374610900878906
95,105.80514,-10.805137634277344
165,148.8846,16.115402221679688
75,87.48737,-12.487373352050781
100,62.76042,37.23957824707031
80,72.37191,7.628089904785156
50,57.491608,-7.491607666015625
55,66.76956,-11.769561767578125
59,52.924416,6.075584411621094
50,69.02485,-19.02484893798828
33,67.0497,-34.04969787597656
250,162.44347,87.55653381347656
200,167.98782,32.012176513671875
79,85.961876,-6.961875915527344
65,60.159504,4.840496063232422
32,47.493053,-15.493053436279297
160,134.50142,25.498580932617188
110,62.2581,47.74190139770508
129,116.2107,12.789299011230469
35,61.277683,-26.27768325805664
100,101.38811,-1.3881072998046875
34,58.93985,-24.939849853515625
157,130.44202,26.5579833984375
350,251.91623,98.08377075195312
42,70.73832,-28.738319396972656
315,238.97261,76.02738952636719
100,76.20827,23.791732788085938
215,273.63153,-58.63153076171875
300,96.58317,203.41683197021484
100,108.51327,-8.513267517089844
150,91.80226,58.19773864746094
43,37.64426,5.355739593505859
85,129.22064,-44.22064208984375
135,424.03253,-289.03253173828125
59,89.09906,-30.09906005859375
185,140.30748,44.69252014160156
70,73.56695,-3.5669479370117188
50,94.56129,-44.56128692626953
129,251.64676,-122.64675903320312
150,203.33049,-53.33049011230469
250,160.02509,89.97491455078125
49,79.78259,-30.7825927734375
250,208.56151,41.43849182128906
534,491.7168,42.283203125
230,166.20041,63.799591064453125
110,112.57041,-2.5704116821289062
95,98.877014,-3.87701416015625
45,51.45779,-6.457790374755859
125,111.8162,13.183799743652344
200,72.367714,127.63228607177734
239,238.16171,0.838287353515625
150,260.07056,-110.070556640625
39,20.831083,18.168916702270508
50,86.122444,-36.12244415283203
1600,118.271805,1481.7281951904297
200,297.06638,-97.06637573242188
300,216.7323,83.2677001953125
54,33.409637,20.590362548828125
217,261.08356,-44.08355712890625
99,167.36996,-68.36996459960938
325,226.5248,98.47520446777344
28,32.93231,-4.932308197021484
41,54.71678,-13.716781616210938
60,60.199,-0.19900131225585938
40,58.21552,-18.215518951416016
189,179.70547,9.294525146484375
124,91.252815,32.74718475341797
100,90.99174,9.008262634277344
135,32.841156,102.15884399414062
110,137.89497,-27.894973754882812
200,296.53345,-96.533447265625
135,149.30014,-14.300140380859375
150,171.83504,-21.835037231445312
65,79.098236,-14.098236083984375
120,375.5027,-255.502685546875
60,58.681046,1.3189544677734375
209,279.98254,-70.9825439453125
65,74.471245,-9.471244812011719
250,134.72229,115.2777099609375
42,30.50168,11.498319625854492
99,137.252,-38.25199890136719
590,169.98827,420.01173400878906
189,186.82239,2.1776123046875
45,56.657238,-11.657238006591797
99,89.81162,9.188377380371094
175,192.62279,-17.622787475585938
49,65.88679,-16.88678741455078
20,89.758286,-69.75828552246094
85,247.29428,-162.29428100585938
175,223.6063,-48.606292724609375
65,94.49195,-29.49195098876953
45,61.388695,-16.388694763183594
175,122.6234,52.37660217285156
255,327.28928,-72.28927612304688
150,145.45601,4.5439910888671875
45,68.72589,-23.72589111328125
125,93.81807,31.181930541992188
100,57.692837,42.30716323852539
36,54.696777,-18.69677734375
48,42.54148,5.458518981933594
184,79.5096,104.49040222167969
550,423.19595,126.80404663085938
140,167.40001,-27.400009155273438
100,139.47041,-39.47041320800781
45,55.153008,-10.153007507324219
85,155.92761,-70.9276123046875
76,71.021385,4.978614807128906
165,254.5981,-89.59809875488281
75,143.01474,-68.01473999023438
255,194.54095,60.45904541015625
55,70.20472,-15.204719543457031
230,184.43669,45.56330871582031
150,211.94687,-61.946868896484375
800,187.41632,612.5836791992188
54,85.62659,-31.6265869140625
55,55.40861,-0.4086112976074219
99,171.20218,-72.20217895507812
120,175.29755,-55.29754638671875
129,208.59856,-79.59855651855469
40,66.84922,-26.849220275878906
150,222.58313,-72.5831298828125
159,201.13802,-42.13801574707031
345,300.25497,44.745025634765625
150,239.27513,-89.27513122558594
150,216.52751,-66.52751159667969
65,120.152306,-55.152305603027344
180,216.09268,-36.092681884765625
339,303.39062,35.609375
40,55.199005,-15.199005126953125
50,98.57107,-48.571067810058594
200,193.73547,6.2645263671875
169,208.2471,-39.247100830078125
80,99.89615,-19.896148681640625
100,109.84463,-9.844627380371094
48,90.14818,-42.14817810058594
99,91.85578,7.144218444824219
40,118.312614,-78.31261444091797
350,167.33766,182.66233825683594
300,197.37108,102.62892150878906
122,174.27185,-52.2718505859375
349,186.58263,162.41737365722656
65,55.064022,9.935977935791016
40,49.7321,-9.732101440429688
145,188.10382,-43.10382080078125
85,112.43023,-27.43022918701172
195,252.15881,-57.1588134765625
395,418.8508,-23.850799560546875
199,209.47275,-10.472747802734375
130,193.54842,-63.54841613769531
150,239.23006,-89.23005676269531
100,86.41927,13.580726623535156
129,187.49582,-58.495819091796875
120,134.68251,-14.682510375976562
65,65.29195,-0.2919464111328125
89,137.86908,-48.86907958984375
395,307.26468,87.73532104492188
140,85.64947,54.35053253173828
22,50.391693,-28.391693115234375
55,69.05009,-14.050086975097656
150,95.7773,54.22270202636719
65,59.676815,5.323184967041016
50,60.24793,-10.247928619384766
30,61.369534,-31.36953353881836
35,80.6534,-45.65339660644531
125,166.98325,-41.983245849609375
55,70.190216,-15.190216064453125
250,323.91882,-73.9188232421875
50,68.331406,-18.331405639648438
200,225.95393,-25.953933715820312
280,266.41156,13.58843994140625
175,209.79709,-34.797088623046875
65,159.98604,-94.98603820800781
70,375.07086,-305.07086181640625
85,136.63214,-51.63214111328125
115,113.90884,1.0911636352539062
385,216.79462,168.20538330078125
73,79.11672,-6.116722106933594
50,65.06288,-15.062881469726562
35,80.03871,-45.03871154785156
350,319.57043,30.4295654296875
70,167.17784,-97.17784118652344
60,65.083565,-5.083564758300781
120,115.135666,4.8643341064453125
288,292.98608,-4.986083984375
259,283.7431,-24.74310302734375
149,106.19713,42.80287170410156
89,58.327587,30.672412872314453
75,123.28809,-48.28809356689453
70,68.95469,1.0453109741210938
100,180.52861,-80.52861022949219
130,238.2201,-108.2200927734375
47,65.52284,-18.522842407226562
60,65.525894,-5.5258941650390625
77,85.02925,-8.029251098632812
200,226.45567,-26.455673217773438
80,110.21435,-30.21434783935547
100,302.35538,-202.35537719726562
85,90.71932,-5.719322204589844
50,80.91063,-30.910629272460938
185,219.58005,-34.580047607421875
115,190.44661,-75.44660949707031
120,72.05457,47.94542694091797
200,187.19595,12.804046630859375
230,273.69144,-43.691436767578125
220,213.52863,6.47137451171875
50,80.23266,-30.23265838623047
400,233.54176,166.45823669433594
115,127.8825,-12.882499694824219
350,160.87654,189.1234588623047
100,120.60833,-20.60832977294922
221,269.46616,-48.466156005859375
199,529.37415,-330.3741455078125
100,127.179596,-27.179595947265625
89,55.36864,33.6313591003418
85,60.137466,24.862533569335938
60,79.56323,-19.563232421875
170,335.52332,-165.5233154296875
133,183.88441,-50.88441467285156
50,59.08148,-9.081478118896484
64,61.168545,2.8314552307128906
239,432.74838,-193.74838256835938
125,142.2065,-17.206497192382812
55,62.746487,-7.746486663818359
75,96.25069,-21.250686645507812
180,149.42421,30.575790405273438
99,220.33,-121.33000183105469
220,257.75864,-37.758636474609375
119,163.66792,-44.66792297363281
124,172.63821,-48.638214111328125
96,87.06902,8.930976867675781
60,59.010406,0.989593505859375
163,200.8298,-37.829803466796875
90,74.13635,15.8636474609375
100,106.55784,-6.557838439941406
95,75.82901,19.170989990234375
180,157.67285,22.3271484375
39,61.636368,-22.636367797851562
50,130.281,-80.281005859375
90,113.04063,-23.040626525878906
89,75.18122,13.818778991699219
449,344.28555,104.71444702148438
100,217.73438,-117.734375
65,62.24246,2.7575416564941406
55,59.517216,-4.517215728759766
99,62.79228,36.20772171020508
200,161.30667,38.693328857421875
55,63.929443,-8.929443359375
83,176.35867,-93.35867309570312
125,127.2215,-2.22149658203125
285,216.30757,68.69242858886719
100,218.56137,-118.56137084960938
135,181.93843,-46.93843078613281
73,129.89307,-56.89306640625
55,59.339497,-4.339496612548828
68,82.77532,-14.775321960449219
45,52.656757,-7.656757354736328
150,153.9376,-3.9376068115234375
30,62.329815,-32.32981491088867
55,78.71706,-23.717056274414062
90,199.53493,-109.53492736816406
50,65.08491,-15.084907531738281
88,392.09933,-304.0993347167969
175,190.66377,-15.663772583007812
125,239.96661,-114.96661376953125
120,249.02992,-129.02992248535156
98,130.52516,-32.52516174316406
85,68.53314,16.46685791015625
69,160.15285,-91.15284729003906
404,261.6569,142.34310913085938
58,58.6563,-0.6562995910644531
135,231.10448,-96.10447692871094
275,266.55795,8.442047119140625
50,54.43339,-4.433391571044922
225,175.58508,49.4149169921875
70,138.46956,-68.46955871582031
85,59.19884,25.801158905029297
60,74.94235,-14.942352294921875
60,64.25756,-4.257560729980469
35,67.96509,-32.965087890625
195,177.72383,17.276168823242188
1731,219.8755,1511.124496459961
175,174.57697,0.42303466796875
32,37.402004,-5.402004241943359
35,59.279423,-24.279422760009766
130,148.64845,-18.648452758789062
215,354.12787,-139.12786865234375
70,102.744156,-32.74415588378906
125,98.705635,26.29436492919922
110,82.55365,27.44635009765625
60,71.84572,-11.845718383789062
175,240.9586,-65.95860290527344
61,88.107254,-27.107254028320312
41,63.52944,-22.529441833496094
42,35.82948,6.170520782470703
499,431.14572,67.85427856445312
70,264.95728,-194.957275390625
70,76.88607,-6.886070251464844
58,76.02709,-18.02709197998047
65,67.62558,-2.625579833984375
120,130.6333,-10.63330078125
99,123.16373,-24.163726806640625
45,79.189,-34.189002990722656
199,541.7221,-342.72210693359375
75,101.699326,-26.699325561523438
150,156.21806,-6.2180633544921875
48,40.567474,7.432525634765625
225,110.75411,114.24588775634766
176,116.85904,59.140960693359375
550,173.49675,376.5032501220703
3800,234.43282,3565.567184448242
45,47.172455,-2.172454833984375
250,258.1424,-8.14239501953125
275,327.2245,-52.2244873046875
89,186.089,-97.08900451660156
125,108.41435,16.585647583007812
350,222.29266,127.70733642578125
325,174.43312,150.56687927246094
160,105.544235,54.45576477050781
90,64.168526,25.83147430419922
180,165.32896,14.671035766601562
180,172.18942,7.810577392578125
295,270.81012,24.18988037109375
48,65.48204,-17.482040405273438
70,72.82513,-2.8251266479492188
120,335.24817,-215.2481689453125
350,205.45958,144.54042053222656
95,126.81914,-31.819137573242188
317,297.2361,19.763885498046875
59,66.43739,-7.4373931884765625
50,78.09004,-28.090042114257812
90,124.98527,-34.985267639160156
40,67.06532,-27.065322875976562
160,206.21037,-46.21037292480469
180,230.45203,-50.4520263671875
49,62.943592,-13.943592071533203
250,179.36087,70.63912963867188
650,377.39142,272.60858154296875
499,355.82587,143.17413330078125
150,110.29781,39.702186584472656
150,208.43152,-58.4315185546875
199,171.09334,27.906661987304688
38,282.7568,-244.75680541992188
74,111.36454,-37.364540100097656
95,184.99602,-89.99601745605469
125,167.26048,-42.26048278808594
72,60.28393,11.716068267822266
150,202.75894,-52.758941650390625
80,130.1808,-50.18080139160156
150,333.112,-183.11199951171875
120,158.92326,-38.92326354980469
100,101.73786,-1.7378616333007812
75,58.981106,16.01889419555664
35,72.02516,-37.02516174316406
200,132.75294,67.24705505371094
154,215.30931,-61.30931091308594
99,147.80492,-48.80491638183594
70,53.54346,16.456539154052734
130,185.19568,-55.1956787109375
40,48.488605,-8.488605499267578
98,356.4321,-258.4320983886719
140,214.26375,-74.26374816894531
60,58.308987,1.6910133361816406
250,158.79759,91.20240783691406
55,78.324615,-23.324615478515625
84,133.64539,-49.6453857421875
260,102.75715,157.24285125732422
260,179.45917,80.54083251953125
45,74.30315,-29.303146362304688
130,167.45029,-37.450286865234375
189,238.10626,-49.10626220703125
41,75.961174,-34.96117401123047
225,118.327255,106.67274475097656
315,283.7955,31.204498291015625
100,214.47304,-114.47303771972656
80,95.71352,-15.713516235351562
200,189.23662,10.763381958007812
151,146.67847,4.321533203125
250,422.54797,-172.5479736328125
120,176.48717,-56.48716735839844
103,488.6813,-385.6813049316406
199,175.36755,23.6324462890625
45,52.537067,-7.537067413330078
30,65.547356,-35.54735565185547
150,192.94395,-42.94395446777344
89,147.55727,-58.55726623535156
120,67.23209,52.767906188964844
150,186.79568,-36.795684814453125
250,166.70212,83.29788208007812
70,75.224045,-5.2240447998046875
172,154.04913,17.95086669921875
70,71.89179,-1.8917922973632812
128,153.16293,-25.162933349609375
109,92.25103,16.74897003173828
200,188.01405,11.985946655273438
199,236.22145,-37.22145080566406
325,190.82185,134.1781463623047
99,124.74254,-25.742538452148438
105,97.52955,7.470451354980469
95,58.084244,36.91575622558594
39,28.529825,10.470174789428711
79,102.411354,-23.411354064941406
100,75.91277,24.08722686767578
69,75.0971,-6.097099304199219
118,216.58955,-98.58955383300781
130,192.93884,-62.9388427734375
50,60.387543,-10.387542724609375
75,68.293274,6.70672607421875
117,213.21873,-96.21873474121094
225,270.16345,-45.1634521484375
40,65.387505,-25.38750457763672
40,76.3092,-36.30919647216797
380,257.73273,122.26727294921875
45,64.032166,-19.03216552734375
99,86.7393,12.260696411132812
33,28.96436,4.035640716552734
59,86.439415,-27.439414978027344
199,172.40463,26.595367431640625
120,93.51593,26.48406982421875
120,136.27924,-16.27923583984375
120,146.303,-26.302993774414062
60,86.218636,-26.21863555908203
230,176.04173,53.95826721191406
50,85.17197,-35.171966552734375
300,131.0929,168.9071044921875
577,173.8309,403.1690979003906
50,444.07288,-394.0728759765625
155,200.12065,-45.12065124511719
189,188.0213,0.97869873046875
60,49.219032,10.780967712402344
105,146.76637,-41.76637268066406
325,138.0364,186.96359252929688
299,183.0467,115.95329284667969
150,163.65134,-13.651336669921875
300,247.77173,52.228271484375
252,390.437,-138.43701171875
145,178.14442,-33.14442443847656
95,143.85684,-48.856842041015625
1599,200.057,1398.9429931640625
69,64.603325,4.396675109863281
106,97.875046,8.124954223632812
120,58.53355,61.46644973754883
650,324.01816,325.9818420410156
69,94.28624,-25.286239624023438
75,116.758064,-41.75806427001953
169,197.17326,-28.173263549804688
70,48.929684,21.070316314697266
60,176.15079,-116.15078735351562
180,198.71815,-18.718154907226562
200,207.90471,-7.9047088623046875
94,130.91574,-36.915740966796875
100,87.30959,12.690406799316406
155,140.37242,14.627578735351562
350,823.154,-473.15399169921875
79,108.69416,-29.69416046142578
75,171.81955,-96.81954956054688
160,164.94026,-4.9402618408203125
65,103.63291,-38.632911682128906
125,116.97258,8.027420043945312
55,68.92131,-13.921310424804688
165,169.81473,-4.814727783203125
45,61.753387,-16.753387451171875
120,145.75952,-25.759521484375
61,72.72111,-11.721107482910156
90,70.10178,19.898216247558594
95,68.94857,26.051429748535156
230,247.97581,-17.975814819335938
100,94.503365,5.496635437011719
100,95.52776,4.472236633300781
85,95.901436,-10.901435852050781
315,306.6665,8.33349609375
30,56.12766,-26.12765884399414
50,101.363106,-51.36310577392578
70,88.41368,-18.413681030273438
150,209.89049,-59.89048767089844
750,271.81357,478.1864318847656
82,116.30788,-34.30787658691406
249,361.2477,-112.24771118164062
195,226.05663,-31.056625366210938
125,194.71623,-69.71623229980469
63,64.48745,-1.4874496459960938
72,83.88614,-11.886138916015625
200,298.6575,-98.65750122070312
75,67.28308,7.7169189453125
499,215.82048,283.1795196533203
74,127.565834,-53.565834045410156
100,186.93884,-86.9388427734375
1250,633.01794,616.9820556640625
190,116.77113,73.22886657714844
65,68.3633,-3.3632965087890625
159,295.8203,-136.8203125
9999,238.81224,9760.187759399414
50,78.919716,-28.919715881347656
85,122.20479,-37.20478820800781
42,57.01612,-15.016120910644531
98,74.68226,23.31774139404297
228,177.3909,50.609100341796875
325,416.5779,-91.57791137695312
49,75.03078,-26.030776977539062
850,282.08664,567.9133605957031
55,68.054726,-13.054725646972656
62,78.95209,-16.95208740234375
100,128.69806,-28.69805908203125
160,147.95665,12.043350219726562
150,128.16417,21.835830688476562
55,69.483864,-14.483863830566406
45,85.60053,-40.60053253173828
75,74.14133,0.858673095703125
220,207.67667,12.323333740234375
69,90.01689,-21.016891479492188
175,202.67862,-27.678619384765625
40,56.23286,-16.232860565185547
150,137.1818,12.818206787109375
105,91.52339,13.476608276367188
199,270.04105,-71.04104614257812
134,179.68233,-45.68232727050781
55,80.97721,-25.977210998535156
90,176.59465,-86.59465026855469
70,63.115395,6.884605407714844
200,267.2261,-67.22610473632812
89,99.14486,-10.144859313964844
60,51.212196,8.787803649902344
42,54.90431,-12.904308319091797
39,53.77777,-14.77777099609375
60,85.93061,-25.93061065673828
60,130.5327,-70.53269958496094
99,110.9752,-11.975196838378906
110,66.78708,43.212921142578125
95,101.91558,-6.915580749511719
449,362.60638,86.39361572265625
100,209.16539,-109.16539001464844
750,673.6162,76.3837890625
325,222.68192,102.31808471679688
150,131.75401,18.245986938476562
130,136.2441,-6.2440948486328125
110,74.983925,35.016075134277344
65,66.2874,-1.2873992919921875
40,45.913544,-5.913543701171875
125,164.4016,-39.40159606933594
80,63.901638,16.09836196899414
75,77.04577,-2.0457687377929688
150,179.09644,-29.096435546875
295,414.51364,-119.51364135742188
60,52.816544,7.1834564208984375
103,176.5327,-73.53269958496094
100,124.853165,-24.853164672851562
75,70.40872,4.591278076171875
3210,1313.2085,1896.79150390625
100,92.21241,7.787590026855469
100,140.53021,-40.53021240234375
399,288.3622,110.63778686523438
199,169.4347,29.5653076171875
150,170.97443,-20.97442626953125
108,186.4332,-78.43319702148438
48,64.69436,-16.694358825683594
170,135.17686,34.82313537597656
45,301.88965,-256.8896484375
60,76.417694,-16.417694091796875
175,160.0164,14.983596801757812
30,70.61552,-40.615516662597656
100,241.76062,-141.7606201171875
235,127.36789,107.63211059570312
100,240.40448,-140.40447998046875
195,150.2747,44.72529602050781
75,70.487404,4.512596130371094
120,138.11949,-18.119491577148438
118,104.271355,13.728645324707031
50,59.505787,-9.505786895751953
85,65.01004,19.989959716796875
203,284.74753,-81.74752807617188
100,103.914,-3.91400146484375
26,12.477857,13.522143363952637
199,126.082726,72.91727447509766
487,270.2232,216.77679443359375
899,375.2122,523.7878112792969
170,199.38559,-29.385589599609375
50,61.264187,-11.26418685913086
100,98.2381,1.76190185546875
180,219.28105,-39.28105163574219
60,67.544075,-7.544075012207031
170,178.5605,-8.560501098632812
45,72.4043,-27.404296875
125,88.20169,36.798309326171875
50,104.07804,-54.078041076660156
200,162.4485,37.55149841308594
200,142.23944,57.76055908203125
148,158.97313,-10.973129272460938
45,58.541008,-13.541007995605469
81,70.37477,10.625228881835938
38,118.15498,-80.15498352050781
97,101.76597,-4.765968322753906
93,120.45225,-27.452247619628906
290,418.50412,-128.50411987304688
125,146.53822,-21.538223266601562
250,360.7678,-110.76779174804688
170,229.62398,-59.62397766113281
100,141.91028,-41.9102783203125
70,69.289406,0.7105941772460938
39,59.845844,-20.845844268798828
85,95.60479,-10.604789733886719
113,121.60811,-8.608108520507812
96,196.17493,-100.1749267578125
25,406.27716,-381.27716064453125
85,65.56566,19.434341430664062
110,112.14276,-2.14276123046875
59,69.51468,-10.514678955078125
107,87.30051,19.699493408203125
100,94.77202,5.2279815673828125
175,508.84222,-333.84222412109375
80,81.00057,-1.0005722045898438
96,164.8343,-68.83430480957031
100,80.33809,19.661911010742188
85,177.94878,-92.94877624511719
65,152.7112,-87.71119689941406
60,66.47831,-6.478309631347656
395,345.20193,49.798065185546875
125,146.3836,-21.38360595703125
36,59.942066,-23.942066192626953
70,49.11834,20.88166046142578
120,129.85367,-9.853668212890625
112,184.39258,-72.392578125
70,148.01633,-78.01632690429688
65,58.998173,6.001827239990234
210,197.4306,12.56939697265625
75,58.62469,16.375308990478516
369,285.77643,83.22357177734375
85,82.58236,2.4176406860351562
32,40.057926,-8.057926177978516
150,186.16975,-36.16975402832031
700,297.85327,402.146728515625
275,219.10422,55.895782470703125
190,202.82983,-12.829833984375
40,62.853992,-22.853992462158203
190,163.57103,26.428970336914062
90,130.11234,-40.112335205078125
155,184.4777,-29.477706909179688
79,47.891933,31.10806655883789
130,175.94836,-45.9483642578125
89,78.05046,10.949539184570312
120,151.11353,-31.113525390625
69,76.75783,-7.7578277587890625
59,54.56172,4.4382781982421875
110,121.611786,-11.611785888671875
100,81.636955,18.36304473876953
50,57.787758,-7.787757873535156
250,158.49673,91.50326538085938
45,60.93135,-15.931350708007812
200,169.92584,30.07415771484375
50,42.950672,7.049327850341797
111,147.37637,-36.376373291015625
55,57.276352,-2.2763519287109375
150,271.87927,-121.8792724609375
50,55.369865,-5.369865417480469
208,247.25911,-39.25910949707031
52,71.698395,-19.698394775390625
160,160.23662,-0.2366180419921875
350,241.86678,108.13322448730469
90,83.6094,6.390602111816406
128,294.28268,-166.28268432617188
70,58.735096,11.264904022216797
350,292.6296,57.370391845703125
75,87.81405,-12.814048767089844
125,70.88677,54.11322784423828
100,197.33284,-97.33283996582031
200,191.55234,8.447662353515625
160,215.6081,-55.60809326171875
100,85.70609,14.293907165527344
29,69.44086,-40.44085693359375
30,63.32242,-33.322418212890625
155,125.044846,29.955154418945312
70,65.00682,4.9931793212890625
100,72.86735,27.132652282714844
175,237.06352,-62.06352233886719
90,76.35402,13.645980834960938
48,70.93039,-22.930389404296875
10,98.46409,-88.4640884399414
105,132.59003,-27.59002685546875
60,61.950733,-1.9507331848144531
45,62.450195,-17.4501953125
299,144.19203,154.80796813964844
95,89.50106,5.498939514160156
221,80.161095,140.83890533447266
38,58.63766,-20.63766098022461
95,117.28366,-22.283660888671875
550,211.2631,338.7368927001953
35,53.959713,-18.959712982177734
99,221.02777,-122.02777099609375
45,74.46295,-29.46295166015625
130,120.67315,9.326850891113281
190,236.46364,-46.46363830566406
200,175.42664,24.5733642578125
70,75.73285,-5.73284912109375
65,201.26474,-136.26473999023438
80,73.92041,6.07958984375
159,186.06377,-27.063766479492188
85,56.146366,28.853633880615234
175,100.42871,74.5712890625
135,163.8858,-28.88580322265625
45,68.01986,-23.019859313964844
80,139.18202,-59.18202209472656
150,127.371346,22.62865447998047
90,148.98376,-58.9837646484375
99,39.332245,59.667755126953125
80,60.554733,19.445266723632812
248,263.6777,-15.677703857421875
72,120.089096,-48.08909606933594
55,67.76781,-12.767807006835938
86,116.647606,-30.647605895996094
128,236.79263,-108.79263305664062
175,74.08071,100.9192886352539
199,174.50276,24.497238159179688
88,165.12895,-77.12895202636719
250,235.86592,14.134078979492188
100,80.80726,19.19274139404297
65,47.14257,17.85742950439453
250,130.0532,119.94679260253906
1500,230.38963,1269.610366821289
199,247.02386,-48.02386474609375
89,116.6976,-27.697601318359375
250,613.98785,-363.98785400390625
130,190.7301,-60.7301025390625
90,87.77223,2.2277679443359375
55,157.55234,-102.55233764648438
330,263.78674,66.2132568359375
98,114.09952,-16.099517822265625
80,107.25283,-27.252830505371094
185,212.68396,-27.6839599609375
39,81.74466,-42.744659423828125
29,63.142834,-34.1428337097168
250,104.946106,145.05389404296875
100,156.31866,-56.31866455078125
75,122.4578,-47.457801818847656
55,100.85457,-45.85456848144531
85,64.02571,20.974288940429688
40,71.90847,-31.908470153808594
45,44.436024,0.5639762878417969
209,270.096,-61.09600830078125
65,75.79312,-10.793121337890625
100,124.68451,-24.68450927734375
175,134.31252,40.68748474121094
70,84.634964,-14.634963989257812
90,71.164566,18.835433959960938
500,142.50137,357.4986267089844
55,70.957245,-15.957244873046875
155,173.00389,-18.003890991210938
95,274.957,-179.95700073242188
195,144.89207,50.10792541503906
250,150.40247,99.5975341796875
172,371.08844,-199.08843994140625
295,294.8483,0.151702880859375
176,157.47089,18.52911376953125
75,66.733284,8.266716003417969
43,59.758694,-16.75869369506836
58,61.241955,-3.241954803466797
185,272.47543,-87.47543334960938
179,167.12265,11.877349853515625
95,81.90963,13.090370178222656
55,253.65288,-198.6528778076172
312,225.73358,86.26641845703125
190,254.36806,-64.36805725097656
675,539.70135,135.29864501953125
220,212.46272,7.5372772216796875
85,140.09695,-55.096954345703125
50,76.11472,-26.114723205566406
198,232.52194,-34.521942138671875
63,58.92835,4.071651458740234
125,191.5178,-66.51780700683594
35,105.4491,-70.4490966796875
110,84.16554,25.834457397460938
65,81.44287,-16.44287109375
110,175.09154,-65.09153747558594
75,101.0785,-26.07849884033203
200,158.77429,41.2257080078125
250,159.16725,90.83274841308594
90,209.06837,-119.06837463378906
150,124.90323,25.096771240234375
225,154.82854,70.17146301269531
62,74.5498,-12.549797058105469
128,133.47954,-5.4795379638671875
238,112.91622,125.08377838134766
111,112.43638,-1.4363784790039062
310,262.40747,47.592529296875
48,62.40289,-14.402889251708984
78,122.92909,-44.92909240722656
120,117.7785,2.22149658203125
130,319.8275,-189.8275146484375
40,59.60515,-19.605148315429688
85,84.6527,0.34729766845703125
200,252.95335,-52.95335388183594
89,183.70377,-94.70376586914062
95,154.13654,-59.13653564453125
125,180.76804,-55.768035888671875
350,175.09758,174.9024200439453
100,133.08073,-33.08073425292969
95,158.74602,-63.74601745605469
58,65.87858,-7.878578186035156
139,198.04153,-59.041534423828125
150,223.32886,-73.328857421875
142,194.60612,-52.60612487792969
140,101.202805,38.79719543457031
120,86.45505,33.544952392578125
80,112.07698,-32.07698059082031
105,655.60266,-550.6026611328125
45,67.31177,-22.311767578125
48,69.22179,-21.221786499023438
299,261.55002,37.449981689453125
300,275.37366,24.6263427734375
80,92.731,-12.731002807617188
350,154.66211,195.337890625
60,59.37,0.6300010681152344
760,331.47607,428.52392578125
49,78.803154,-29.80315399169922
60,156.49878,-96.498779296875
300,154.93935,145.06065368652344
44,90.71369,-46.71369171142578
139,137.84651,1.1534881591796875
125,219.88089,-94.88088989257812
400,215.82596,184.17404174804688
140,210.39886,-70.39886474609375
185,133.32283,51.67716979980469
80,83.48196,-3.4819564819335938
275,169.78015,105.2198486328125
74,56.76368,17.23632049560547
90,91.012054,-1.012054443359375
200,141.15297,58.84703063964844
79,84.82472,-5.8247222900390625
80,80.52886,-0.5288619995117188
60,76.639824,-16.63982391357422
60,89.49138,-29.491378784179688
150,141.4761,8.523895263671875
945,342.6699,602.3301086425781
70,75.02833,-5.028327941894531
59,70.530464,-11.530464172363281
180,113.53618,66.46382141113281
99,130.6732,-31.673202514648438
120,145.8119,-25.811904907226562
300,204.56563,95.43437194824219
40,59.509766,-19.509765625
97,104.201126,-7.2011260986328125
120,137.48146,-17.481460571289062
321,267.17035,53.82965087890625
169,318.16492,-149.1649169921875
120,95.1295,24.870498657226562
205,190.75282,14.247177124023438
595,223.84666,371.15333557128906
200,164.40962,35.59037780761719
48,49.018505,-1.0185050964355469
125,156.76884,-31.768844604492188
260,303.73312,-43.733123779296875
525,284.3723,240.627685546875
300,265.22623,34.773773193359375
75,93.34735,-18.34735107421875
39,55.272583,-16.2725830078125
583,679.07556,-96.0755615234375
300,144.40364,155.5963592529297
260,357.42038,-97.42037963867188
150,152.91658,-2.9165802001953125
200,181.72542,18.274581909179688
125,184.75754,-59.757537841796875
222,296.19864,-74.19863891601562
200,274.09747,-74.09747314453125
150,92.917625,57.082374572753906
68,135.58185,-67.58184814453125
115,169.64449,-54.64448547363281
75,101.092545,-26.092544555664062
75,99.4022,-24.402198791503906
40,70.83586,-30.835861206054688
432,292.77234,139.2276611328125
49,60.678753,-11.678752899169922
220,329.6914,-109.69140625
200,466.5592,-266.5592041015625
65,69.41505,-4.415046691894531
40,53.109238,-13.109237670898438
90,167.8645,-77.864501953125
64,71.2504,-7.250396728515625
59,58.183796,0.8162040710449219
200,128.34708,71.65292358398438
120,125.728806,-5.7288055419921875
122,140.18567,-18.1856689453125
120,105.55812,14.441879272460938
130,102.136696,27.863304138183594
99,126.12906,-27.129058837890625
99,127.0736,-28.07360076904297
150,111.092865,38.907135009765625
300,204.32478,95.67521667480469
300,122.69803,177.30197143554688
190,173.63393,16.366073608398438
50,59.26516,-9.265159606933594
120,174.15239,-54.15238952636719
115,202.17924,-87.17924499511719
75,63.302834,11.697166442871094
200,121.60546,78.39453887939453
120,98.511246,21.488754272460938
139,100.89394,38.106056213378906
275,214.01003,60.98997497558594
150,184.34021,-34.3402099609375
110,126.491295,-16.491294860839844
42,43.37411,-1.3741111755371094
69,139.82526,-70.82525634765625
136,164.86055,-28.860549926757812
129,126.12031,2.8796920776367188
70,78.57265,-8.572647094726562
99,128.93828,-29.938278198242188
95,90.14779,4.852210998535156
85,121.39032,-36.39031982421875
71,88.004234,-17.004234313964844
30,58.384327,-28.384326934814453
69,70.92938,-1.92938232421875
55,73.52921,-18.529212951660156
125,98.06693,26.933067321777344
55,65.971886,-10.971885681152344
360,328.59296,31.40704345703125
60,74.593,-14.593002319335938
90,400.05743,-310.05743408203125
200,167.07959,32.92041015625
35,59.339375,-24.339374542236328
259,271.2151,-12.215087890625
199,137.02261,61.977386474609375
180,244.83675,-64.83674621582031
50,66.15828,-16.158279418945312
111,175.51842,-64.51841735839844
151,161.56934,-10.5693359375
85,106.17036,-21.17035675048828
99,159.9014,-60.901397705078125
95,115.644,-20.643997192382812
199,282.21115,-83.21115112304688
40,56.491478,-16.491477966308594
160,163.61818,-3.6181793212890625
90,128.36986,-38.36985778808594
85,91.15041,-6.150413513183594
250,343.3274,-93.327392578125
27,60.06754,-33.06753921508789
100,185.04753,-85.04753112792969
165,259.88684,-94.8868408203125
75,114.13154,-39.13153839111328
350,320.03442,29.965576171875
70,102.64645,-32.646446228027344
50,50.87623,-0.8762283325195312
60,63.028774,-3.0287742614746094
129,130.39989,-1.3998870849609375
185,241.61775,-56.61775207519531
55,45.48181,9.5181884765625
55,61.71744,-6.717441558837891
58,57.282204,0.7177963256835938
249,293.27103,-44.271026611328125
295,191.33147,103.66853332519531
36,83.35011,-47.35011291503906
130,181.41408,-51.41407775878906
105,116.11912,-11.119117736816406
40,67.66418,-27.66417694091797
95,110.229164,-15.229164123535156
69,93.47806,-24.478057861328125
58,72.24896,-14.24896240234375
329,363.19757,-34.19757080078125
50,210.79884,-160.79884338378906
150,220.05168,-70.05168151855469
200,168.5752,31.4248046875
450,668.682,-218.6820068359375
150,223.3119,-73.31190490722656
60,80.24045,-20.240447998046875
50,63.56559,-13.565589904785156
50,61.73258,-11.73257827758789
100,146.67393,-46.67393493652344
175,262.2562,-87.25619506835938
140,896.61224,-756.6122436523438
79,65.94209,13.057907104492188
29,58.97154,-29.971538543701172
70,73.36196,-3.3619613647460938
35,85.98025,-50.980247497558594
299,343.94055,-44.9405517578125
175,210.83711,-35.83711242675781
75,109.49984,-34.499839782714844
100,121.36073,-21.360733032226562
180,167.452,12.548004150390625
98,159.9266,-61.926605224609375
125,102.25749,22.742507934570312
150,269.96112,-119.96112060546875
135,183.03691,-48.03691101074219
120,154.59918,-34.59918212890625
165,170.88097,-5.8809661865234375
50,71.08333,-21.083328247070312
125,151.59607,-26.5960693359375
46,55.47885,-9.478851318359375
250,91.19876,158.80123901367188
150,283.7647,-133.76470947265625
35,89.527016,-54.527015686035156
350,195.83609,154.16390991210938
89,105.93589,-16.935890197753906
120,154.98843,-34.988433837890625
120,67.17398,52.826019287109375
40,43.044254,-3.0442543029785156
320,218.56361,101.43638610839844
100,83.46206,16.537940979003906
100,71.642395,28.35760498046875
222,156.49684,65.50315856933594
105,148.85324,-43.853240966796875
35,84.72379,-49.723793029785156
400,392.79715,7.202850341796875
55,95.10755,-40.10755157470703
38,49.070866,-11.070865631103516
50,81.01677,-31.016769409179688
200,98.00034,101.9996566772461
233,188.07759,44.92240905761719
99,179.6529,-80.65289306640625
300,223.52478,76.4752197265625
207,132.66365,74.33634948730469
150,180.046,-30.046005249023438
250,160.18039,89.81961059570312
145,145.33289,-0.3328857421875
160,136.60919,23.39080810546875
145,153.04007,-8.040069580078125
147,179.58348,-32.58348083496094
74,128.68512,-54.68511962890625
274,217.7125,56.287506103515625
34,48.188946,-14.188945770263672
72,57.181126,14.81887435913086
60,63.871117,-3.8711166381835938
45,69.25502,-24.255020141601562
40,155.4777,-115.47770690917969
55,79.04793,-24.047927856445312
120,175.07169,-55.071685791015625
119,102.28285,16.717147827148438
119,102.13437,16.865631103515625
60,74.14694,-14.146942138671875
96,160.55827,-64.55827331542969
200,240.0303,-40.030303955078125
249,176.38426,72.61573791503906
80,71.54278,8.457221984863281
120,77.64668,42.35331726074219
40,72.05457,-32.05457305908203
150,111.56623,38.43376922607422
179,162.10814,16.891860961914062
75,58.51846,16.48154067993164
37,92.2864,-55.286399841308594
100,131.6623,-31.66229248046875
2300,295.6867,2004.3132934570312
90,92.035736,-2.035736083984375
150,159.41585,-9.415847778320312
75,93.25106,-18.251060485839844
280,214.89937,65.10063171386719
145,168.17044,-23.170440673828125
85,68.93332,16.066680908203125
31,50.86422,-19.864219665527344
40,62.24818,-22.248180389404297
100,114.77182,-14.771820068359375
118,160.07658,-42.07658386230469
95,199.45059,-104.45059204101562
150,130.69725,19.302749633789062
325,270.5128,54.487213134765625
149,145.75955,3.240447998046875
95,88.519684,6.480316162109375
130,181.15236,-51.15235900878906
42,119.607956,-77.60795593261719
33,61.09042,-28.09041976928711
85,137.08662,-52.08662414550781
88,138.24402,-50.2440185546875
140,172.1166,-32.11659240722656
350,234.12048,115.8795166015625
133,198.211,-65.21099853515625
155,214.73938,-59.7393798828125
60,149.28297,-89.28297424316406
252,294.36612,-42.366119384765625
30,60.059273,-30.05927276611328
80,67.64755,12.352447509765625
400,341.91412,58.08587646484375
349,328.9767,20.023284912109375
450,217.71968,232.2803192138672
170,254.45029,-84.45028686523438
300,206.96992,93.03007507324219
115,126.19378,-11.193778991699219
65,54.811718,10.188282012939453
400,215.42159,184.5784149169922
135,116.8235,18.176498413085938
52,79.76121,-27.761207580566406
63,86.062416,-23.062416076660156
78,93.26937,-15.269371032714844
175,143.8972,31.102798461914062
135,93.65366,41.346336364746094
105,114.02211,-9.022109985351562
549,213.71292,335.2870788574219
160,175.29378,-15.293777465820312
350,223.65927,126.34072875976562
111,182.39351,-71.39350891113281
65,73.27647,-8.276466369628906
261,207.50093,53.49906921386719
250,164.03577,85.9642333984375
60,85.46348,-25.463478088378906
37,53.826748,-16.82674789428711
55,73.70066,-18.700660705566406
85,110.1008,-25.100799560546875
260,297.67856,-37.678558349609375
90,69.00536,20.99463653564453
34,99.62211,-65.62210845947266
75,72.98783,2.0121688842773438
850,176.15138,673.8486175537109
245,215.7437,29.256301879882812
65,106.45499,-41.454986572265625
95,81.164925,13.835075378417969
975,204.1248,770.8751983642578
65,51.945377,13.054622650146484
153,228.6652,-75.66520690917969
130,177.41516,-47.4151611328125
245,409.74805,-164.748046875
160,179.71481,-19.714813232421875
249,192.47284,56.52716064453125
110,88.78925,21.21074676513672
100,172.45882,-72.45881652832031
246,387.0434,-141.04339599609375
175,151.07887,23.921127319335938
98,143.88992,-45.889923095703125
285,288.3876,-3.387603759765625
98,121.084755,-23.084754943847656
62,72.20504,-10.205039978027344
275,207.42673,67.57327270507812
160,149.6626,10.33740234375
169,195.59958,-26.599578857421875
45,100.91021,-55.91020965576172
195,188.67494,6.3250579833984375
264,245.038,18.962005615234375
100,86.10329,13.896713256835938
105,190.63484,-85.63484191894531
150,184.99936,-34.999359130859375
55,67.39063,-12.390632629394531
140,284.27835,-144.27835083007812
120,92.1259,27.874099731445312
50,47.071976,2.9280242919921875
50,111.02958,-61.029579162597656
150,185.68837,-35.68836975097656
60,85.385735,-25.38573455810547
110,97.65963,12.340370178222656
50,64.1299,-14.129898071289062
115,181.37073,-66.3707275390625
135,133.67484,1.325164794921875
200,226.68456,-26.684555053710938
31,77.87719,-46.87718963623047
45,48.174892,-3.1748924255371094
60,78.29039,-18.290390014648438
55,81.23797,-26.23796844482422
53,88.77361,-35.77361297607422
249,198.44646,50.55354309082031
185,232.46814,-47.4681396484375
70,195.62132,-125.62132263183594
120,127.99499,-7.994987487792969
77,169.53983,-92.53982543945312
63,108.56164,-45.56163787841797
99,173.79515,-74.79515075683594
175,178.98833,-3.9883270263671875
59,86.206474,-27.20647430419922
90,138.34637,-48.34637451171875
43,52.723484,-9.72348403930664
70,78.58318,-8.583183288574219
120,214.43495,-94.43495178222656
150,135.61351,14.386489868164062
60,82.53354,-22.533538818359375
99,91.87935,7.1206512451171875
180,181.54533,-1.5453338623046875
300,235.13844,64.86155700683594
70,184.65045,-114.65045166015625
239,214.28804,24.711959838867188
149,203.64268,-54.64268493652344
250,157.04858,92.951416015625
260,255.66847,4.3315277099609375
200,157.76361,42.23638916015625
159,145.81406,13.185943603515625
129,166.7693,-37.76930236816406
135,169.26198,-34.26197814941406
126,162.78178,-36.78178405761719
32,60.948483,-28.948482513427734
69,60.713634,8.286365509033203
60,76.978645,-16.97864532470703
82,129.4597,-47.45970153808594
50,40.84316,9.156841278076172
150,136.06407,13.935928344726562
78,156.33075,-78.33074951171875
274,71.889305,202.1106948852539
60,153.6728,-93.67280578613281
55,68.72036,-13.720359802246094
35,84.038124,-49.038124084472656
158,237.94128,-79.9412841796875
210,369.9193,-159.9193115234375
225,294.86948,-69.86947631835938
33,130.85258,-97.85258483886719
190,175.36162,14.638381958007812
69,135.02357,-66.02357482910156
49,81.54437,-32.54437255859375
250,163.66176,86.33824157714844
47,54.825047,-7.825046539306641
52,58.683388,-6.683387756347656
72,114.363235,-42.36323547363281
170,180.02826,-10.02825927734375
270,345.20648,-75.20648193359375
50,71.535995,-21.535995483398438
250,201.00867,48.9913330078125
80,82.04688,-2.0468826293945312
150,96.11248,53.88751983642578
175,178.77249,-3.772491455078125
160,180.84889,-20.848892211914062
29,37.55124,-8.551239013671875
60,58.91024,1.0897598266601562
160,131.04466,28.955337524414062
50,59.046356,-9.046356201171875
129,106.87814,22.121856689453125
450,182.4893,267.5106964111328
71,84.480095,-13.480094909667969
70,58.69964,11.300361633300781
65,73.75076,-8.750762939453125
74,79.86516,-5.8651580810546875
345,178.34523,166.65476989746094
125,139.68768,-14.68768310546875
45,65.27026,-20.270263671875
152,123.25231,28.74768829345703
100,162.30098,-62.30097961425781
105,176.13237,-71.13236999511719
75,79.02963,-4.029632568359375
120,193.17921,-73.17921447753906
115,272.21277,-157.2127685546875
89,97.2078,-8.207801818847656
47,57.076168,-10.076168060302734
120,97.20069,22.79930877685547
245,168.01427,76.98573303222656
113,149.51033,-36.51033020019531
468,300.11725,167.88275146484375
225,231.4105,-6.4105072021484375
85,90.50636,-5.5063629150390625
178,227.54459,-49.544586181640625
80,80.0126,-0.012603759765625
70,94.06899,-24.068992614746094
149,104.85191,44.14808654785156
150,73.544586,76.45541381835938
85,68.91712,16.08287811279297
65,67.30021,-2.3002090454101562
99,72.11167,26.888328552246094
105,153.87788,-48.87788391113281
200,184.7985,15.201507568359375
40,75.798645,-35.79864501953125
100,211.92535,-111.92535400390625
220,228.11642,-8.116424560546875
60,117.06335,-57.06334686279297
95,618.3569,-523.3568725585938
85,68.65235,16.34764862060547
70,110.2936,-40.293601989746094
50,54.951492,-4.9514923095703125
125,78.66927,46.330726623535156
269,281.6707,-12.670684814453125
90,64.90079,25.099212646484375
55,84.50579,-29.50579071044922
180,92.10001,87.89998626708984
195,217.9512,-22.951202392578125
115,120.86346,-5.863456726074219
110,160.79568,-50.795684814453125
69,59.893986,9.106014251708984
60,61.333893,-1.333892822265625
85,106.78182,-21.781822204589844
499,303.9103,195.08969116210938
70,148.4689,-78.46890258789062
50,56.351044,-6.351043701171875
149,238.04138,-89.0413818359375
250,175.44489,74.55511474609375
341,207.20245,133.79754638671875
201,142.89122,58.10877990722656
185,161.18417,23.815826416015625
155,151.493,3.5070037841796875
180,397.02905,-217.029052734375
165,241.68497,-76.68496704101562
97,138.85277,-41.85276794433594
55,124.58539,-69.58538818359375
300,264.05276,35.947235107421875
75,62.56264,12.437358856201172
500,299.6446,200.35540771484375
200,226.63834,-26.638336181640625
80,83.6639,-3.6639022827148438
125,84.95629,40.04370880126953
100,178.15413,-78.15412902832031
44,82.33884,-38.338836669921875
140,86.85989,53.140106201171875
255,283.4647,-28.464691162109375
1500,1374.2208,125.7791748046875
35,25.960318,9.039682388305664
200,163.22795,36.77204895019531
110,116.74062,-6.740623474121094
62,46.257675,15.742324829101562
90,79.64581,10.35418701171875
58,61.08057,-3.0805702209472656
65,112.33235,-47.33235168457031
165,124.04415,40.955848693847656
80,80.49461,-0.4946136474609375
159,203.65785,-44.65785217285156
110,173.87529,-63.87528991699219
175,179.90694,-4.9069366455078125
150,202.43173,-52.431732177734375
99,148.53528,-49.5352783203125
39,40.927563,-1.9275627136230469
265,366.3913,-101.39129638671875
199,177.02888,21.971115112304688
38,62.26163,-24.26163101196289
80,45.03848,34.96152114868164
155,131.14421,23.855789184570312
83,157.49947,-74.49946594238281
200,251.65437,-51.65437316894531
170,231.86092,-61.86091613769531
24,54.186726,-30.186725616455078
40,67.17342,-27.173423767089844
75,127.14042,-52.140419006347656
90,58.908905,31.091094970703125
42,63.42211,-21.42211151123047
70,69.484085,0.5159149169921875
290,90.55244,199.44756317138672
156,151.00923,4.9907684326171875
199,229.49675,-30.496749877929688
45,67.02363,-22.02362823486328
35,60.361,-25.361000061035156
500,153.96854,346.0314636230469
185,213.56648,-28.566482543945312
75,85.23275,-10.232749938964844
100,122.377914,-22.377914428710938
35,73.49954,-38.499542236328125
58,69.115265,-11.115264892578125
45,96.159966,-51.15996551513672
70,105.09082,-35.0908203125
148,233.62566,-85.62565612792969
125,73.953094,51.046905517578125
150,135.39752,14.60247802734375
69,98.88021,-29.880210876464844
195,142.10782,52.892181396484375
200,153.61345,46.38655090332031
158,169.60349,-11.603485107421875
150,119.09188,30.908119201660156
90,120.13129,-30.13128662109375
78,113.079475,-35.07947540283203
90,127.90724,-37.90724182128906
300,190.58827,109.41172790527344
60,106.5173,-46.517303466796875
60,58.373734,1.6262664794921875
129,107.32554,21.674461364746094
145,263.66577,-118.665771484375
65,115.715225,-50.71522521972656
110,121.77833,-11.778327941894531
200,307.30664,-107.306640625
1600,74.69859,1525.3014068603516
185,140.4736,44.526397705078125
90,101.5711,-11.571098327636719
130,204.85873,-74.85873413085938
500,217.69817,282.3018341064453
35,52.37061,-17.370609283447266
350,171.6469,178.3531036376953
199,342.6829,-143.68289184570312
130,135.2928,-5.2928009033203125
80,54.387997,25.612003326416016
290,226.23245,63.767547607421875
49,113.76317,-64.76316833496094
80,53.67491,26.325088500976562
53,77.410194,-24.410194396972656
151,153.08578,-2.085784912109375
220,180.90564,39.0943603515625
200,136.35149,63.64851379394531
115,167.01779,-52.017791748046875
150,240.08257,-90.08256530761719
96,79.67328,16.32672119140625
1000,154.74017,845.2598266601562
35,31.918308,3.0816917419433594
179,159.39552,19.604476928710938
150,190.89117,-40.89117431640625
150,177.06158,-27.06158447265625
175,194.60857,-19.608566284179688
106,70.8992,35.100799560546875
78,76.4342,1.5658035278320312
135,142.73439,-7.7343902587890625
59,63.74244,-4.742439270019531
60,75.60068,-15.600677490234375
278,191.70522,86.29478454589844
215,375.15695,-160.15695190429688
225,238.2,-13.199996948242188
78,88.61154,-10.611541748046875
150,178.42694,-28.42694091796875
140,90.74247,49.257530212402344
399,293.2709,105.72909545898438
70,97.03323,-27.033233642578125
40,34.53966,5.460338592529297
132,265.5528,-133.55279541015625
55,54.09901,0.9009895324707031
80,703.5316,-623.5316162109375
60,50.608597,9.391403198242188
125,178.09578,-53.09577941894531
290,156.59462,133.40538024902344
275,179.9783,95.02169799804688
150,141.30493,8.695068359375
250,104.81217,145.18782806396484
70,79.2909,-9.290901184082031
85,71.208786,13.791213989257812
58,67.33692,-9.336921691894531
125,222.53607,-97.53607177734375
75,95.762344,-20.762344360351562
55,75.278786,-20.278785705566406
250,286.31342,-36.31341552734375
40,57.04792,-17.04792022705078
155,192.20428,-37.20428466796875
57,67.3368,-10.336799621582031
100,133.40157,-33.40156555175781
128,161.86946,-33.86946105957031
300,184.8877,115.1123046875
115,87.04493,27.95507049560547
75,288.3298,-213.32980346679688
62,86.46642,-24.46642303466797
89,102.98041,-13.98040771484375
75,101.19608,-26.196083068847656
199,251.31963,-52.31962585449219
80,147.51231,-67.51231384277344
750,284.1455,465.8544921875
85,67.60016,17.39984130859375
75,133.99838,-58.998382568359375
130,153.3864,-23.386398315429688
75,215.47058,-140.4705810546875
40,48.29562,-8.29561996459961
70,55.597637,14.402362823486328
150,282.21292,-132.21292114257812
200,235.41754,-35.41754150390625
199,255.99445,-56.99444580078125
195,216.59877,-21.598770141601562
70,64.84332,5.15667724609375
40,55.24998,-15.249980926513672
85,149.86803,-64.86802673339844
138,51.116375,86.88362503051758
120,148.97437,-28.974365234375
101,111.45497,-10.454971313476562
350,1072.0924,-722.0924072265625
65,166.03932,-101.03932189941406
55,84.05137,-29.051368713378906
160,210.9466,-50.94659423828125
400,216.44672,183.55328369140625
94,92.99516,1.0048370361328125
200,257.85254,-57.8525390625
95,111.818275,-16.818275451660156
129,230.57657,-101.57656860351562
200,258.37308,-58.373077392578125
65,56.101948,8.898052215576172
75,114.829704,-39.82970428466797
54,60.3847,-6.384700775146484
60,50.775017,9.224983215332031
139,109.119026,29.88097381591797
112,142.20079,-30.200790405273438
46,77.86786,-31.86785888671875
50,66.34591,-16.345909118652344
100,158.26302,-58.26301574707031
167,185.78566,-18.785659790039062
75,53.187515,21.812484741210938
196,182.53929,13.460708618164062
240,256.5969,-16.596893310546875
139,119.24706,19.75293731689453
250,264.02924,-14.02923583984375
129,133.5062,-4.506195068359375
110,70.136696,39.863304138183594
119,120.5861,-1.5860977172851562
95,146.81828,-51.81828308105469
83,155.53276,-72.53276062011719
80,57.145664,22.85433578491211
49,60.90672,-11.906719207763672
65,64.861275,0.13872528076171875
475,59.495834,415.50416564941406
265,195.78325,69.21675109863281
175,261.0108,-86.01080322265625
160,207.54924,-47.54924011230469
89,80.17949,8.820510864257812
119,69.1015,49.89849853515625
249,304.3994,-55.3994140625
250,179.62582,70.37417602539062
475,327.88297,147.11703491210938
130,137.8678,-7.8677978515625
550,292.20822,257.7917785644531
95,261.32556,-166.3255615234375
125,147.69919,-22.699188232421875
650,204.64369,445.35630798339844
350,239.98422,110.01577758789062
179,237.91539,-58.91539001464844
200,96.48036,103.51963806152344
80,68.376755,11.623245239257812
150,156.00578,-6.0057830810546875
47,41.623833,5.376167297363281
45,64.91202,-19.912017822265625
180,174.08159,5.9184112548828125
70,77.43667,-7.436668395996094
190,206.39001,-16.3900146484375
145,121.011055,23.98894500732422
70,58.626568,11.373432159423828
294,220.03319,73.96681213378906
245,104.99575,140.0042495727539
89,175.31264,-86.31263732910156
87,121.53758,-34.53758239746094
128,208.22743,-80.22743225097656
110,214.63972,-104.63972473144531
135,144.46072,-9.460723876953125
81,113.92314,-32.92314147949219
72,61.3229,10.677101135253906
170,265.38232,-95.38232421875
55,73.43711,-18.437110900878906
249,198.52213,50.477874755859375
35,62.53214,-27.53213882446289
140,213.22093,-73.22093200683594
210,316.4639,-106.46389770507812
146,113.97304,32.02696228027344
49,48.793655,0.2063446044921875
200,167.40878,32.591217041015625
99,96.87783,2.1221694946289062
60,94.948975,-34.948974609375
200,281.10828,-81.1082763671875
55,71.01392,-16.01392364501953
45,62.75108,-17.751079559326172
202,155.21109,46.788909912109375
45,61.718033,-16.718032836914062
55,66.61698,-11.616981506347656
110,69.45879,40.54120635986328
100,232.92552,-132.92552185058594
30,74.24211,-44.24211120605469
150,186.17537,-36.17536926269531
75,90.621704,-15.6217041015625
100,113.19118,-13.191177368164062
20,47.54579,-27.545791625976562
150,146.02606,3.97393798828125
48,48.24123,-0.24123001098632812
299,344.71115,-45.711151123046875
53,52.43782,0.5621795654296875
129,122.30743,6.692573547363281
175,276.64468,-101.64468383789062
60,64.374756,-4.374755859375
70,71.51203,-1.5120315551757812
80,72.27886,7.721138000488281
99,124.615135,-25.615135192871094
50,65.05048,-15.050483703613281
40,95.4961,-55.49610137939453
113,126.997925,-13.9979248046875
1500,359.61734,1140.3826599121094
50,113.65045,-63.65045166015625
110,316.35812,-206.35812377929688
220,146.12756,73.8724365234375
189,226.81548,-37.81547546386719
160,291.31625,-131.31625366210938
317,350.77332,-33.7733154296875
50,149.70999,-99.70999145507812
50,48.84568,1.1543197631835938
60,65.011444,-5.011444091796875
250,300.12735,-50.127349853515625
100,266.49866,-166.4986572265625
224,199.96844,24.03155517578125
175,201.28644,-26.28643798828125
70,199.82869,-129.8286895751953
125,109.14674,15.853256225585938
219,181.55113,37.44886779785156
100,191.6205,-91.62049865722656
60,58.18924,1.810760498046875
57,65.93494,-8.9349365234375
135,136.28569,-1.2856903076171875
100,85.04105,14.958946228027344
50,72.72548,-22.725479125976562
250,284.28174,-34.28173828125
50,47.80834,2.191661834716797
30,70.01694,-40.016937255859375
150,128.4785,21.521499633789062
175,183.3839,-8.383895874023438
120,192.21364,-72.21363830566406
70,84.09795,-14.097953796386719
78,89.77811,-11.778106689453125
175,176.03128,-1.031280517578125
99,98.07442,0.9255828857421875
200,261.14243,-61.142425537109375
190,237.84158,-47.841583251953125
45,50.083393,-5.083393096923828
42,61.0877,-19.08769989013672
60,65.902306,-5.902305603027344
235,232.85605,2.143951416015625
150,138.0873,11.912704467773438
300,269.44086,30.55914306640625
199,294.35422,-95.35421752929688
269,153.58289,115.4171142578125
60,61.784706,-1.7847061157226562
50,71.54415,-21.544151306152344
75,110.48867,-35.488670349121094
195,155.7533,39.2467041015625
450,270.31284,179.68716430664062
250,182.9688,67.03120422363281
75,108.4223,-33.42230224609375
175,197.3523,-22.352294921875
120,102.91659,17.083412170410156
165,116.273964,48.726036071777344
110,133.48645,-23.4864501953125
67,82.12144,-15.121437072753906
430,271.75687,158.24313354492188
63,77.31429,-14.314292907714844
123,86.38916,36.61083984375
590,622.8347,-32.834716796875
85,116.20207,-31.202072143554688
649,277.44794,371.55206298828125
33,60.352764,-27.352764129638672
100,177.76146,-77.76145935058594
50,66.460365,-16.460365295410156
228,163.50511,64.49488830566406
125,229.96484,-104.96484375
100,149.26436,-49.26435852050781
625,352.80942,272.1905822753906
110,198.717,-88.71699523925781
200,174.54132,25.45867919921875
100,156.56398,-56.56398010253906
49,83.0452,-34.045196533203125
180,213.36163,-33.36163330078125
75,97.45072,-22.450721740722656
100,138.90115,-38.901153564453125
73,106.99328,-33.99327850341797
32,52.88586,-20.885860443115234
200,148.5786,51.42140197753906
400,213.52945,186.47055053710938
84,107.751816,-23.751815795898438
125,128.37906,-3.379058837890625
35,48.934246,-13.934246063232422
38,88.05066,-50.0506591796875
377,279.7877,97.21231079101562
150,119.27958,30.720420837402344
129,127.10707,1.8929290771484375
55,132.43483,-77.43482971191406
300,178.2644,121.735595703125
100,66.48937,33.51062774658203
59,49.076096,9.923904418945312
190,315.08054,-125.08053588867188
80,56.433697,23.566303253173828
110,85.05114,24.94886016845703
227,365.7617,-138.76168823242188
100,162.14024,-62.14024353027344
225,161.02448,63.97552490234375
150,211.33327,-61.33326721191406
63,76.86123,-13.861228942871094
140,260.56314,-120.56314086914062
61,83.37973,-22.379730224609375
176,299.38657,-123.38656616210938
550,214.95119,335.04881286621094
95,134.6214,-39.62139892578125
75,87.01023,-12.010231018066406
40,64.90796,-24.907958984375
135,236.58774,-101.58773803710938
583,286.49368,296.5063171386719
165,187.82458,-22.8245849609375
55,60.52625,-5.526248931884766
37,87.92174,-50.92173767089844
195,157.09503,37.90496826171875
110,130.50627,-20.506271362304688
125,102.53847,22.461532592773438
35,44.741295,-9.741294860839844
50,54.580784,-4.580783843994141
120,147.91895,-27.9189453125
176,254.81146,-78.81146240234375
600,187.43573,412.56427001953125
165,149.73991,15.260086059570312
50,70.61095,-20.610946655273438
59,127.19226,-68.1922607421875
70,73.16392,-3.1639175415039062
47,82.9455,-35.94550323486328
130,312.7183,-182.71829223632812
180,305.98236,-125.98236083984375
40,43.033566,-3.0335655212402344
250,195.26303,54.736968994140625
39,23.558298,15.441701889038086
259,191.69827,67.30172729492188
110,100.10306,9.896942138671875
35,37.96403,-2.964031219482422
935,77.132454,857.867546081543
250,210.40672,39.59327697753906
60,60.020805,-0.02080535888671875
110,123.60693,-13.60693359375
150,311.6575,-161.65750122070312
85,303.76138,-218.76138305664062
73,166.887,-93.88699340820312
280,153.31525,126.68475341796875
85,88.66603,-3.6660308837890625
80,106.81179,-26.811790466308594
62,143.8186,-81.818603515625
245,281.5396,-36.53961181640625
110,114.62201,-4.62200927734375
120,190.04564,-70.04563903808594
150,494.81824,-344.8182373046875
400,196.48648,203.51351928710938
51,59.57566,-8.575660705566406
30,52.055763,-22.055763244628906
21,55.774837,-34.774837493896484
894,553.9793,340.02069091796875
225,229.93636,-4.9363555908203125
37,79.37559,-42.375587463378906
60,63.756744,-3.756744384765625
75,66.55479,8.445213317871094
200,204.52728,-4.52728271484375
255,236.68599,18.314010620117188
28,43.533176,-15.53317642211914
200,169.45003,30.549972534179688
60,149.06401,-89.06401062011719
50,60.07426,-10.074260711669922
200,188.83423,11.165771484375
48,56.3389,-8.33890151977539
195,135.50064,59.499359130859375
55,96.755714,-41.755714416503906
99,147.3897,-48.38969421386719
110,64.48505,45.51495361328125
100,91.41444,8.585563659667969
215,216.19197,-1.1919708251953125
55,76.0078,-21.007797241210938
99,66.54357,32.45642852783203
200,209.22708,-9.227081298828125
128,212.3085,-84.30850219726562
60,122.99295,-62.992950439453125
125,136.40303,-11.403030395507812
129,119.09054,9.909461975097656
164,141.26363,22.736373901367188
115,147.76157,-32.761566162109375
256,278.18448,-22.184478759765625
70,90.21925,-20.219253540039062
35,60.34543,-25.345428466796875
199,197.61119,1.3888092041015625
50,101.76994,-51.76994323730469
75,577.2476,-502.24761962890625
80,133.97734,-53.97734069824219
145,346.5631,-201.5631103515625
800,236.00235,563.9976501464844
55,66.766,-11.765998840332031
78,232.57693,-154.57693481445312
63,182.97894,-119.97894287109375
49,81.5999,-32.59989929199219
104,149.74623,-45.74623107910156
34,28.123806,5.876194000244141
155,98.38204,56.617958068847656
90,97.089096,-7.0890960693359375
90,89.150696,0.84930419921875
215,581.1513,-366.15130615234375
150,174.0755,-24.07550048828125
180,212.85179,-32.85179138183594
175,156.15451,18.845489501953125
120,156.99126,-36.99125671386719
83,57.426323,25.57367706298828
178,232.56235,-54.562347412109375
50,69.72505,-19.725051879882812
79,115.99703,-36.997032165527344
200,274.20535,-74.20535278320312
200,330.68402,-130.68402099609375
80,70.74758,9.252418518066406
85,111.89784,-26.897842407226562
75,70.313614,4.6863861083984375
700,291.8227,408.17730712890625
100,199.91179,-99.91178894042969
700,266.77158,433.2284240722656
299,316.3957,-17.39569091796875
150,130.19916,19.80084228515625
350,267.82715,82.1728515625
175,190.89542,-15.895416259765625
150,73.551834,76.44816589355469
225,180.93373,44.06626892089844
35,55.75893,-20.758930206298828
130,204.62025,-74.62025451660156
47,43.64192,3.358081817626953
55,61.57502,-6.575019836425781
60,69.86351,-9.863510131835938
321,280.03345,40.966552734375
714,578.5633,135.43670654296875
110,189.81313,-79.81312561035156
100,100.94717,-0.9471664428710938
150,158.48222,-8.482223510742188
250,259.94897,-9.948974609375
44,151.00601,-107.00601196289062
300,174.16681,125.83319091796875
35,35.82008,-0.8200798034667969
80,118.46775,-38.467750549316406
60,84.37316,-24.37316131591797
300,310.1157,-10.115692138671875
129,174.1994,-45.19940185546875
100,93.58535,6.414649963378906
108,132.5869,-24.586898803710938
460,218.16339,241.83660888671875
80,69.8212,10.178802490234375
150,174.90288,-24.902877807617188
159,201.09663,-42.09663391113281
45,60.555473,-15.555473327636719
31,45.45057,-14.450569152832031
150,88.091644,61.908355712890625
69,76.51193,-7.511932373046875
190,112.242584,77.75741577148438
175,1886.3215,-1711.321533203125
93,186.334,-93.33399963378906
47,74.12547,-27.125473022460938
120,170.50455,-50.504547119140625
40,65.095345,-25.09534454345703
230,355.22598,-125.22598266601562
301,203.65231,97.34768676757812
80,80.371216,-0.3712158203125
150,199.24988,-49.2498779296875
250,174.07097,75.92903137207031
250,198.39249,51.607513427734375
90,75.27791,14.722091674804688
80,85.42323,-5.4232330322265625
500,171.68312,328.31687927246094
199,138.88596,60.114044189453125
275,321.87283,-46.872833251953125
60,70.40609,-10.406089782714844
175,258.95316,-83.95315551757812
80,57.230576,22.769424438476562
50,93.83635,-43.83634948730469
100,85.67365,14.326347351074219
140,181.65633,-41.65632629394531
55,60.688038,-5.688037872314453
105,186.38461,-81.38461303710938
50,59.186626,-9.186626434326172
79,65.73158,13.268417358398438
200,225.88252,-25.882522583007812
170,186.42838,-16.428375244140625
85,61.94077,23.05923080444336
80,113.47151,-33.47151184082031
60,53.9335,6.066501617431641
250,205.09464,44.905364990234375
48,69.52263,-21.522628784179688
1075,829.1668,245.83319091796875
95,103.52543,-8.525428771972656
175,233.1343,-58.13429260253906
180,190.77713,-10.777130126953125
130,160.3022,-30.302200317382812
69,53.72018,15.27981948852539
165,194.14813,-29.14813232421875
135,164.35107,-29.35107421875
35,53.874565,-18.87456512451172
160,169.45003,-9.450027465820312
50,49.503872,0.4961280822753906
165,112.439186,52.560813903808594
75,148.353,-73.35299682617188
135,227.53734,-92.53733825683594
120,177.13823,-57.13822937011719
76,169.35027,-93.35026550292969
390,293.8694,96.130615234375
135,250.44579,-115.44578552246094
110,151.35648,-41.356475830078125
100,149.6223,-49.62229919433594
149,67.119064,81.88093566894531
90,245.72012,-155.72012329101562
95,86.39954,8.600456237792969
29,41.89031,-12.890308380126953
145,106.13129,38.86871337890625
160,174.70302,-14.703018188476562
130,90.44154,39.55845642089844
44,75.492516,-31.492515563964844
65,53.676792,11.32320785522461
250,315.21252,-65.2125244140625
56,77.70916,-21.70915985107422
90,290.00906,-200.00906372070312
75,88.103065,-13.103065490722656
60,45.482025,14.517974853515625
68,63.16705,4.832950592041016
26,72.92448,-46.924476623535156
230,110.878746,119.12125396728516
110,163.29837,-53.298370361328125
300,153.69485,146.30514526367188
60,83.412636,-23.412635803222656
25,42.295567,-17.29556655883789
155,153.78358,1.2164154052734375
125,265.1467,-140.14669799804688
44,56.09006,-12.09006118774414
175,211.5154,-36.51539611816406
30,62.948666,-32.948665618896484
239,166.35281,72.64718627929688
40,52.785976,-12.78597640991211
135,138.91797,-3.91796875
125,102.02256,22.977439880371094
25,58.389328,-33.38932800292969
37,52.227337,-15.227336883544922
105,235.82172,-130.82171630859375
105,73.455536,31.544464111328125
90,79.251366,10.748634338378906
225,215.7996,9.200393676757812
75,97.51844,-22.51844024658203
56,122.49418,-66.49417877197266
890,242.17404,647.8259582519531
40,49.700012,-9.70001220703125
90,142.29308,-52.29307556152344
350,161.90111,188.09889221191406
65,104.386055,-39.38605499267578
130,259.2485,-129.24850463867188
150,113.604126,36.3958740234375
100,71.79159,28.208412170410156
176,131.75444,44.24555969238281
700,86.94997,613.0500335693359
100,105.74973,-5.749732971191406
79,86.70134,-7.7013397216796875
300,93.93607,206.06392669677734
150,203.0385,-53.03849792480469
130,146.61792,-16.617919921875
200,212.11507,-12.115066528320312
2600,223.17918,2376.820816040039
225,319.67407,-94.674072265625
105,174.55193,-69.55192565917969
38,59.73003,-21.730030059814453
70,89.44445,-19.44445037841797
63,64.03678,-1.0367813110351562
70,61.28057,8.719429016113281
61,109.725494,-48.725494384765625
90,103.28051,-13.280509948730469
50,59.692455,-9.692455291748047
57,82.90128,-25.901283264160156
48,47.695312,0.3046875
239,343.18448,-104.18447875976562
250,211.0014,38.99859619140625
45,77.67032,-32.670318603515625
250,201.40456,48.59544372558594
29,61.360443,-32.360443115234375
100,123.639084,-23.639083862304688
64,121.36859,-57.36859130859375
180,178.81189,1.1881103515625
90,71.000786,18.99921417236328
30,114.15327,-84.15326690673828
42,48.721966,-6.721965789794922
69,118.92793,-49.92793273925781
50,70.85574,-20.855743408203125
120,92.11015,27.889846801757812
55,124.160835,-69.16083526611328
55,86.544914,-31.54491424560547
350,247.8452,102.15480041503906
379,369.3587,9.64129638671875
75,55.701294,19.2987060546875
119,101.57315,17.426849365234375
120,128.23158,-8.231582641601562
130,134.37599,-4.3759918212890625
187,197.19176,-10.191757202148438
170,100.13657,69.8634262084961
65,69.45621,-4.456207275390625
185,294.50674,-109.50674438476562
99,299.04303,-200.04302978515625
100,80.30175,19.69824981689453
45,51.78697,-6.786968231201172
75,61.798996,13.201004028320312
155,143.17108,11.82891845703125
295,226.76135,68.2386474609375
79,66.41653,12.583473205566406
48,58.297325,-10.297325134277344
80,157.426,-77.42599487304688
40,52.67884,-12.678840637207031
85,185.89046,-100.89045715332031
199,235.89255,-36.892547607421875
67,88.06298,-21.06298065185547
45,86.21287,-41.212867736816406
196,199.94536,-3.9453582763671875
135,139.28593,-4.2859344482421875
175,293.68732,-118.68731689453125
45,60.25891,-15.2589111328125
80,66.60378,13.396217346191406
150,234.89368,-84.8936767578125
211,210.52571,0.4742889404296875
70,129.72209,-59.72209167480469
275,399.2138,-124.21380615234375
60,55.49404,4.505958557128906
380,193.1469,186.8531036376953
175,160.84871,14.151290893554688
65,80.047745,-15.047744750976562
45,82.03913,-37.03913116455078
50,63.10064,-13.100639343261719
60,125.54151,-65.54151153564453
150,245.40442,-95.4044189453125
80,43.884872,36.11512756347656
181,174.53004,6.4699554443359375
399,78.82295,320.1770477294922
65,21.617765,43.38223457336426
33,65.78481,-32.784812927246094
30,64.50865,-34.50865173339844
108,219.39453,-111.39453125
40,67.737274,-27.737274169921875
59,97.174034,-38.174034118652344
150,135.94234,14.057662963867188
169,74.6818,94.31819915771484
99,94.54812,4.451881408691406
145,125.02379,19.976211547851562
107,148.32544,-41.325439453125
217,164.77243,52.227569580078125
36,73.72233,-37.722328186035156
260,219.7831,40.21690368652344
45,63.842293,-18.84229278564453
125,189.7961,-64.79609680175781
300,146.57167,153.42832946777344
229,309.74112,-80.74111938476562
300,166.57458,133.4254150390625
60,75.812584,-15.812583923339844
99,195.93643,-96.93643188476562
151,170.74068,-19.740676879882812
35,64.751854,-29.751853942871094
87,82.97728,4.0227203369140625
60,61.0896,-1.089599609375
58,60.75136,-2.751361846923828
425,277.60236,147.39764404296875
75,137.50978,-62.50978088378906
250,210.5526,39.44740295410156
69,70.35465,-1.3546524047851562
200,174.45076,25.549240112304688
70,128.68988,-58.68988037109375
115,94.339676,20.660324096679688
175,190.30199,-15.301986694335938
1500,265.9657,1234.0343017578125
45,81.51437,-36.514373779296875
58,107.66556,-49.665557861328125
70,58.547153,11.45284652709961
200,272.11072,-72.1107177734375
60,74.77099,-14.770988464355469
200,256.0588,-56.058807373046875
59,59.887604,-0.887603759765625
84,60.34573,23.65427017211914
120,102.55626,17.443740844726562
80,352.27737,-272.2773742675781
70,124.50018,-54.50018310546875
40,57.69615,-17.696151733398438
50,81.927505,-31.927505493164062
500,189.56226,310.437744140625
150,391.03653,-241.03652954101562
165,216.78505,-51.78504943847656
50,66.71951,-16.719512939453125
98,81.59648,16.403518676757812
260,163.10022,96.8997802734375
60,73.75488,-13.7548828125
86,107.2698,-21.269798278808594
75,84.82564,-9.825637817382812
150,193.31638,-43.316375732421875
80,88.11777,-8.117767333984375
99,81.08213,17.917869567871094
125,169.2199,-44.21989440917969
169,166.65562,2.3443756103515625
80,54.61476,25.385238647460938
120,147.36223,-27.362228393554688
65,91.46507,-26.465072631835938
125,122.11064,2.8893585205078125
41,55.480118,-14.480117797851562
110,151.3105,-41.31050109863281
60,63.906002,-3.9060020446777344
45,65.131905,-20.13190460205078
55,99.33776,-44.33776092529297
113,128.43335,-15.433349609375
115,168.8699,-53.869903564453125
49,62.234478,-13.234477996826172
140,135.32082,4.6791839599609375
162,198.39644,-36.39643859863281
120,167.34233,-47.34233093261719
55,92.10592,-37.105918884277344
800,158.39978,641.6002197265625
310,443.27682,-133.27682495117188
500,113.52547,386.4745330810547
135,190.55933,-55.559326171875
120,95.9502,24.04979705810547
737,684.4056,52.59442138671875
90,83.16805,6.831947326660156
129,146.98192,-17.981918334960938
250,291.49475,-41.4947509765625
160,231.7505,-71.75050354003906
59,43.694736,15.30526351928711
110,186.80399,-76.80398559570312
10,330.8697,-320.86968994140625
168,82.23612,85.76387786865234
90,123.45454,-33.45453643798828
79,76.132904,2.867095947265625
59,63.994503,-4.994503021240234
550,309.522,240.47799682617188
249,276.6498,-27.649810791015625
200,193.12296,6.877044677734375
55,73.82775,-18.82775115966797
300,281.11758,18.882415771484375
100,88.437515,11.562484741210938
100,128.10211,-28.10211181640625
180,160.54892,19.451080322265625
53,199.67656,-146.6765594482422
70,153.6661,-83.66610717773438
250,299.40524,-49.405242919921875
300,145.68657,154.3134307861328
90,61.87049,28.12950897216797
150,108.009346,41.99065399169922
147,237.1845,-90.18449401855469
180,167.6667,12.333297729492188
65,66.57088,-1.5708770751953125
99,82.37829,16.62171173095703
50,129.60403,-79.60403442382812
45,63.350746,-18.350746154785156
99,126.69538,-27.69538116455078
225,251.2805,-26.280502319335938
90,59.731064,30.268936157226562
110,201.79973,-91.79972839355469
105,181.24611,-76.24610900878906
53,65.880516,-12.880516052246094
50,81.40758,-31.407577514648438
46,73.541855,-27.541854858398438
140,159.30292,-19.30291748046875
130,175.11969,-45.11968994140625
100,100.194916,-0.194915771484375
275,217.36937,57.63063049316406
62,94.60566,-32.60565948486328
200,145.98552,54.01448059082031
224,267.55005,-43.550048828125
70,79.89131,-9.891311645507812
78,42.509865,35.490135192871094
130,87.6722,42.327796936035156
95,188.24345,-93.24345397949219
80,76.06367,3.9363327026367188
65,71.272705,-6.272705078125
49,82.09638,-33.09638214111328
75,65.33734,9.66265869140625
190,203.56488,-13.56488037109375
80,98.50066,-18.50066375732422
135,110.2975,24.702499389648438
225,263.47098,-38.470977783203125
99,71.40962,27.590377807617188
219,118.357666,100.642333984375
158,170.44226,-12.4422607421875
130,188.61357,-58.61357116699219
200,351.366,-151.36599731445312
175,207.12138,-32.12138366699219
124,164.40268,-40.402679443359375
248,203.12755,44.87245178222656
150,170.90932,-20.909317016601562
220,257.2987,-37.2987060546875
299,301.2679,-2.267913818359375
260,214.27153,45.72846984863281
50,99.39492,-49.394920349121094
75,78.15914,-3.1591415405273438
60,62.883724,-2.8837242126464844
130,85.89601,44.10398864746094
320,271.75824,48.24176025390625
41,71.72205,-30.72205352783203
370,2255.4958,-1885.495849609375
50,63.414318,-13.414318084716797
30,32.7696,-2.7695999145507812
50,67.91954,-17.919540405273438
53,67.72291,-14.722908020019531
100,103.84069,-3.8406906127929688
90,140.24895,-50.24894714355469
175,181.79153,-6.791534423828125
150,229.0918,-79.091796875
600,185.82257,414.17742919921875
145,152.1191,-7.1190948486328125
150,95.256035,54.74396514892578
275,103.07587,171.92413330078125
140,273.0765,-133.07650756835938
45,68.10303,-23.10302734375
95,50.61364,44.38636016845703
530,93.36508,436.6349182128906
95,152.44156,-57.441558837890625
96,99.810394,-3.810394287109375
198,186.72752,11.272476196289062
139,212.22649,-73.22648620605469
229,136.97562,92.02438354492188
35,126.68973,-91.68972778320312
46,83.10812,-37.108123779296875
84,95.82808,-11.828079223632812
267,322.99228,-55.992279052734375
160,128.43611,31.563888549804688
130,248.14319,-118.1431884765625
119,131.24948,-12.249481201171875
95,148.86078,-53.86077880859375
118,105.57406,12.425941467285156
200,178.18443,21.815567016601562
112,119.66692,-7.666923522949219
495,305.73102,189.26898193359375
65,65.88889,-0.8888931274414062
149,198.19371,-49.19371032714844
119,112.693825,6.306175231933594
1000,203.00417,796.9958343505859
850,378.82764,471.17236328125
54,81.54184,-27.541839599609375
137,218.934,-81.93400573730469
55,76.14284,-21.142837524414062
100,65.75095,34.249046325683594
60,56.417206,3.582794189453125
75,101.422554,-26.42255401611328
230,206.91786,23.082138061523438
125,90.678894,34.32110595703125
53,49.277725,3.7222747802734375
80,99.22193,-19.22193145751953
118,405.63083,-287.6308288574219
30,34.798683,-4.798683166503906
49,48.386208,0.6137924194335938
165,306.2667,-141.26669311523438
89,131.24744,-42.2474365234375
45,67.65238,-22.652381896972656
75,74.96378,0.03621673583984375
105,62.57435,42.42565155029297
499,205.64536,293.3546447753906
210,131.81735,78.18264770507812
49,159.94592,-110.9459228515625
99,81.00111,17.99889373779297
50,63.66482,-13.66482162475586
159,155.98438,3.015625
100,143.90982,-43.909820556640625
55,57.091198,-2.091197967529297
100,97.34231,2.6576919555664062
100,119.80317,-19.80316925048828
60,62.403305,-2.4033050537109375
55,59.886803,-4.886802673339844
85,126.488075,-41.488075256347656
89,151.13493,-62.13493347167969
67,72.46127,-5.461273193359375
225,461.30573,-236.30572509765625
55,80.130585,-25.130584716796875
300,225.03789,74.96211242675781
40,50.24795,-10.24795150756836
225,386.20486,-161.20486450195312
199,220.48451,-21.484512329101562
89,113.22951,-24.229507446289062
35,50.73997,-15.739971160888672
108,121.97369,-13.973686218261719
60,59.95062,0.049381256103515625
175,269.31183,-94.31182861328125
50,61.2878,-11.287799835205078
70,113.71665,-43.716651916503906
200,140.18272,59.81727600097656
75,86.27853,-11.278526306152344
36,71.88682,-35.886817932128906
80,87.5616,-7.5615997314453125
55,98.7079,-43.70790100097656
70,84.9807,-14.980697631835938
25,37.146553,-12.146553039550781
260,237.65138,22.348617553710938
239,260.80844,-21.808441162109375
89,69.3574,19.642601013183594
85,112.893845,-27.893844604492188
120,79.921486,40.078514099121094
90,86.12944,3.8705596923828125
75,60.958115,14.041885375976562
85,147.69229,-62.692291259765625
3000,460.95752,2539.04248046875
85,148.88852,-63.888519287109375
75,54.157124,20.842876434326172
99,83.17201,15.827987670898438
249,103.50147,145.49852752685547
150,107.237144,42.762855529785156
49,74.14173,-25.14173126220703
38,34.85063,3.1493682861328125
85,72.661896,12.338104248046875
79,73.498955,5.501045227050781
199,215.95311,-16.953109741210938
50,79.03612,-29.036117553710938
323,350.4752,-27.475189208984375
75,64.721344,10.278656005859375
55,90.32805,-35.32804870605469
41,63.185654,-22.185653686523438
499,635.6183,-136.6182861328125
155,111.0249,43.97509765625
80,77.155685,2.8443145751953125
55,101.45874,-46.458740234375
112,110.02491,1.9750900268554688
85,106.367294,-21.367294311523438
38,88.53286,-50.532859802246094
99,113.89357,-14.893569946289062
85,58.94748,26.052520751953125
157,279.6464,-122.64639282226562
220,177.1425,42.85749816894531
75,96.68158,-21.68157958984375
65,71.292305,-6.292304992675781
120,247.42514,-127.42514038085938
108,96.16933,11.830673217773438
140,215.67235,-75.67234802246094
179,195.85396,-16.853958129882812
180,475.44928,-295.44927978515625
100,100.58213,-0.5821304321289062
150,143.38026,6.6197357177734375
235,871.6842,-636.6842041015625
100,189.15263,-89.15263366699219
55,44.967922,10.03207778930664
75,86.58812,-11.588119506835938
69,105.05571,-36.05570983886719
1000,854.3558,145.64422607421875
198,203.21532,-5.2153167724609375
220,300.90634,-80.90634155273438
38,53.385624,-15.385623931884766
95,138.77829,-43.778289794921875
200,404.58154,-204.58154296875
135,157.02303,-22.023025512695312
213,254.15648,-41.15647888183594
78,92.917625,-14.917625427246094
147,175.22307,-28.223068237304688
250,112.98763,137.01236724853516
52,56.205265,-4.205265045166016
48,61.40693,-13.406929016113281
65,96.88004,-31.880043029785156
100,83.840866,16.159133911132812
33,64.28481,-31.284812927246094
75,69.158714,5.841285705566406
110,144.44476,-34.44476318359375
43,93.5004,-50.500396728515625
125,155.7815,-30.781494140625
222,240.48886,-18.488861083984375
101,75.334755,25.665245056152344
135,53.204937,81.79506301879883
115,71.96968,43.03031921386719
100,141.6118,-41.61180114746094
55,73.12942,-18.129417419433594
42,53.864136,-11.8641357421875
123,132.91127,-9.911270141601562
52,69.0251,-17.025100708007812
50,62.587032,-12.587032318115234
269,332.87057,-63.870574951171875
299,268.921,30.079010009765625
105,270.7131,-165.71310424804688
170,194.22066,-24.220657348632812
67,129.0458,-62.045806884765625
128,150.10034,-22.100341796875
180,166.96022,13.039779663085938
50,61.085682,-11.085681915283203
100,60.333057,39.66694259643555
135,87.688324,47.311676025390625
70,76.4657,-6.4656982421875
45,66.88211,-21.882110595703125
36,43.5426,-7.542598724365234
194,448.963,-254.9630126953125
225,215.83899,9.1610107421875
175,258.3711,-83.37109375
180,304.62262,-124.62261962890625
39,62.906487,-23.90648651123047
169,151.58621,17.413787841796875
110,124.034164,-14.034164428710938
150,97.07988,52.92012023925781
179,140.9254,38.07460021972656
150,148.76164,1.2383575439453125
37,52.142902,-15.142902374267578
125,198.8397,-73.83970642089844
60,55.11066,4.889339447021484
164,234.01677,-70.01676940917969
355,131.21037,223.7896270751953
88,141.78786,-53.78785705566406
395,198.87956,196.1204376220703
55,61.579906,-6.579906463623047
120,89.322716,30.677284240722656
80,63.580257,16.419742584228516
20,72.283676,-52.28367614746094
165,336.35922,-171.35922241210938
140,200.28418,-60.2841796875
135,170.11893,-35.118927001953125
28,39.60009,-11.600090026855469
215,1023.1311,-808.131103515625
59,56.901443,2.0985565185546875
260,144.96196,115.03804016113281
155,168.70816,-13.708160400390625
60,69.24266,-9.242660522460938
169,74.924126,94.07587432861328
75,122.19048,-47.19048309326172
450,152.5114,297.4886016845703
75,79.20882,-4.2088165283203125
45,88.80237,-43.8023681640625
240,261.92654,-21.926544189453125
288,414.13782,-126.1378173828125
175,252.37692,-77.37692260742188
105,137.16814,-32.16813659667969
199,116.27586,82.72413635253906
60,62.84843,-2.848430633544922
50,63.131493,-13.131492614746094
175,192.11327,-17.113265991210938
30,57.60815,-27.608150482177734
100,163.27563,-63.275634765625
115,116.88259,-1.8825912475585938
39,54.073578,-15.073577880859375
170,158.63226,11.36773681640625
60,50.02617,9.973831176757812
550,213.24298,336.75701904296875
250,186.36719,63.6328125
99,112.98711,-13.987106323242188
110,181.2151,-71.21510314941406
40,56.099316,-16.099315643310547
165,134.55975,30.44024658203125
40,65.69178,-25.69178009033203
80,92.21715,-12.217147827148438
150,162.99113,-12.991134643554688
159,198.65292,-39.652923583984375
125,76.31903,48.68096923828125
150,140.58833,9.411666870117188
100,127.72365,-27.723648071289062
90,88.61408,1.3859176635742188
20,61.507755,-41.507755279541016
179,308.3335,-129.33349609375
210,196.19983,13.8001708984375
225,174.39235,50.60765075683594
449,315.47437,133.525634765625
450,438.59433,11.405670166015625
75,58.573708,16.426292419433594
130,287.8822,-157.8822021484375
55,129.85895,-74.85894775390625
37,69.68731,-32.68730926513672
125,98.663216,26.33678436279297
129,157.32005,-28.320053100585938
183,155.4366,27.563400268554688
125,148.23903,-23.239028930664062
85,192.77379,-107.77378845214844
199,137.29985,61.70014953613281
90,196.60329,-106.60328674316406
50,67.59024,-17.590240478515625
145,127.85924,17.140762329101562
35,88.15386,-53.15386199951172
150,94.14489,55.85511016845703
175,176.68683,-1.68682861328125
350,202.8191,147.18089294433594
80,60.372078,19.62792205810547
135,144.7848,-9.784805297851562
116,112.388985,3.6110153198242188
210,220.40611,-10.406112670898438
105,341.9724,-236.972412109375
60,66.973076,-6.973075866699219
100,84.990776,15.009223937988281
700,257.896,442.10400390625
260,182.19043,77.8095703125
1500,328.6988,1171.3012084960938
550,544.9812,5.018798828125
320,265.12656,54.873443603515625
110,137.25107,-27.251068115234375
250,168.97893,81.02107238769531
37,47.853394,-10.8533935546875
49,69.17963,-20.17962646484375
150,178.44478,-28.444778442382812
135,242.38329,-107.38328552246094
242,327.45877,-85.45877075195312
325,282.668,42.332000732421875
248,222.14082,25.859176635742188
54,57.619785,-3.6197853088378906
70,112.231125,-42.23112487792969
50,139.58238,-89.58238220214844
270,238.88489,31.1151123046875
50,47.366543,2.6334571838378906
165,231.33653,-66.33653259277344
750,185.91942,564.0805816650391
269,305.08386,-36.0838623046875
80,120.09482,-40.094818115234375
37,67.75458,-30.75457763671875
48,57.000275,-9.000274658203125
90,208.27385,-118.27384948730469
50,52.29806,-2.2980613708496094
350,234.05296,115.94703674316406
699,679.0009,19.99908447265625
43,56.656277,-13.65627670288086
75,81.01437,-6.014373779296875
475,230.93922,244.06077575683594
86,103.52899,-17.52899169921875
45,55.805866,-10.805866241455078
135,179.39723,-44.39723205566406
157,225.18439,-68.18438720703125
72,103.04578,-31.0457763671875
150,311.11023,-161.1102294921875
60,62.623962,-2.62396240234375
150,160.89862,-10.89862060546875
60,118.7255,-58.725502014160156
75,92.731,-17.731002807617188
60,61.62979,-1.629791259765625
350,320.55658,29.44342041015625
250,352.7954,-102.79541015625
47,67.41597,-20.415969848632812
45,74.78183,-29.781829833984375
185,132.64009,52.35990905761719
250,142.55113,107.44886779785156
156,259.98557,-103.98556518554688
141,209.00597,-68.00596618652344
110,145.99661,-35.996612548828125
165,182.87773,-17.877731323242188
150,156.08524,-6.085235595703125
111,617.93195,-506.93194580078125
100,150.21173,-50.21173095703125
65,97.035614,-32.035614013671875
99,122.085594,-23.085594177246094
200,211.32787,-11.327865600585938
50,59.244514,-9.244514465332031
399,344.3038,54.696197509765625
100,97.956604,2.04339599609375
65,87.6014,-22.601402282714844
65,107.2932,-42.29319763183594
35,19.987423,15.012577056884766
70,83.056244,-13.056243896484375
100,63.67817,36.32183074951172
200,219.99362,-19.993621826171875
105,98.42013,6.579872131347656
50,65.40019,-15.400192260742188
100,126.08742,-26.087417602539062
97,207.16785,-110.1678466796875
67,43.59304,23.406959533691406
64,72.15671,-8.156707763671875
125,186.04985,-61.04985046386719
78,94.72568,-16.725677490234375
89,183.00989,-94.0098876953125
100,72.69555,27.30445098876953
47,67.95382,-20.953819274902344
79,73.617905,5.3820953369140625
123,170.13953,-47.1395263671875
4100,256.41476,3843.585235595703
65,112.711365,-47.71136474609375
39,81.990555,-42.99055480957031
29,70.81385,-41.81385040283203
233,728.3573,-495.3572998046875
29,41.032646,-12.032646179199219
200,186.2178,13.782196044921875
130,170.9084,-40.90840148925781
65,98.00936,-33.009361267089844
120,78.345634,41.65436553955078
69,123.15167,-54.15167236328125
80,88.08621,-8.086212158203125
174,178.3709,-4.3708953857421875
200,142.78316,57.21684265136719
45,66.20844,-21.20844268798828
130,166.48407,-36.48406982421875
153,142.19763,10.8023681640625
200,166.42766,33.57234191894531
31,74.508125,-43.50812530517578
125,119.49465,5.505348205566406
1000,206.7416,793.2584075927734
50,60.448414,-10.448413848876953
89,90.87296,-1.8729629516601562
80,82.40186,-2.4018630981445312
60,57.16076,2.8392410278320312
50,75.806496,-25.806495666503906
146,149.41223,-3.4122314453125
65,62.78081,2.219188690185547
200,250.20863,-50.20863342285156
65,107.36888,-42.36888122558594
50,103.8254,-53.825401306152344
160,173.11635,-13.116348266601562
60,70.12921,-10.12921142578125
37,57.63036,-20.630359649658203
160,186.51381,-26.513809204101562
219,200.96815,18.031845092773438
1200,520.6614,679.338623046875
90,111.26012,-21.260116577148438
84,77.09702,6.902976989746094
205,291.32602,-86.32601928710938
239,333.5491,-94.54910278320312
100,107.13823,-7.1382293701171875
35,67.77732,-32.777320861816406
95,177.79648,-82.79647827148438
73,60.84557,12.154430389404297
38,47.065437,-9.065437316894531
350,337.1631,12.8369140625
25,36.52421,-11.524211883544922
129,126.000595,2.9994049072265625
80,58.525845,21.47415542602539
69,75.52288,-6.522880554199219
40,55.452396,-15.452396392822266
295,393.9954,-98.99539184570312
350,181.24644,168.75355529785156
200,174.09547,25.904525756835938
89,82.30889,6.691108703613281
148,220.42532,-72.42532348632812
115,125.88626,-10.886260986328125
500,214.32756,285.6724395751953
77,183.80539,-106.80538940429688
70,125.49646,-55.4964599609375
70,87.39968,-17.399681091308594
280,261.68204,18.317962646484375
58,82.88472,-24.884719848632812
125,200.52922,-75.52922058105469
150,97.95338,52.04662322998047
250,201.9344,48.06559753417969
220,159.09032,60.90968322753906
55,271.72565,-216.72564697265625
199,130.0057,68.99429321289062
175,157.187,17.813003540039062
129,191.57382,-62.573822021484375
84,91.60145,-7.601448059082031
105,134.0325,-29.032501220703125
200,228.7294,-28.729400634765625
60,84.55115,-24.5511474609375
390,217.27585,172.72415161132812
50,148.92683,-98.92683410644531
475,187.02397,287.9760284423828
89,81.857056,7.1429443359375
100,125.07044,-25.07044219970703
164,213.05972,-49.059722900390625
110,152.82791,-42.827911376953125
106,166.60114,-60.60113525390625
56,117.43265,-61.432647705078125
129,70.1173,58.88269805908203
150,190.02483,-40.02482604980469
94,140.65814,-46.65814208984375
49,60.171093,-11.171092987060547
90,126.08593,-36.08592987060547
71,91.21712,-20.217117309570312
480,236.65584,243.3441619873047
165,124.13841,40.86158752441406
55,68.97965,-13.979652404785156
80,78.61397,1.3860321044921875
34,68.99065,-34.99064636230469
75,70.23469,4.765312194824219
55,81.69881,-26.698806762695312
150,186.9133,-36.913299560546875
240,293.173,-53.173004150390625
124,210.65427,-86.65426635742188
186,261.32678,-75.3267822265625
130,208.60431,-78.60430908203125
95,266.0423,-171.04229736328125
72,82.67514,-10.675140380859375
49,68.93814,-19.938140869140625
112,134.78297,-22.782974243164062
190,179.40883,10.591171264648438
320,306.7365,13.26348876953125
125,159.41469,-34.41468811035156
110,143.55472,-33.554718017578125
149,156.97713,-7.9771270751953125
100,64.57953,35.42047119140625
165,196.85733,-31.857330322265625
200,184.01526,15.9847412109375
250,228.88681,21.113189697265625
80,142.72385,-62.723846435546875
120,92.62292,27.37708282470703
249,517.2185,-268.218505859375
75,128.19923,-53.19923400878906
250,273.52643,-23.52642822265625
60,76.68453,-16.684532165527344
42,95.82354,-53.82353973388672
100,81.064926,18.935073852539062
1170,319.70413,850.2958679199219
215,232.3976,-17.397598266601562
45,72.13645,-27.136451721191406
239,428.01645,-189.01644897460938
48,37.289406,10.710594177246094
115,152.39241,-37.39241027832031
40,48.429947,-8.429946899414062
125,268.01495,-143.01495361328125
62,66.54085,-4.5408477783203125
85,264.5923,-179.59228515625
129,159.03384,-30.033843994140625
75,114.20125,-39.20124816894531
105,136.32198,-31.321975708007812
105,72.296585,32.70341491699219
70,71.70166,-1.70166015625
100,148.5641,-48.56410217285156
250,263.44495,-13.4449462890625
135,205.94905,-70.94905090332031
160,107.02971,52.97029113769531
87,79.13923,7.860771179199219
41,66.07744,-25.077438354492188
150,83.58313,66.4168701171875
60,84.460075,-24.46007537841797
225,65.674286,159.32571411132812
33,50.475613,-17.47561264038086
120,109.79113,10.208869934082031
70,69.66053,0.33946990966796875
100,158.0423,-58.04229736328125
200,142.65588,57.3441162109375
200,131.46156,68.53843688964844
90,119.273254,-29.27325439453125
39,49.46989,-10.469890594482422
158,170.96255,-12.962554931640625
113,146.29008,-33.29008483886719
110,153.1441,-43.14410400390625
400,245.58818,154.4118194580078
180,177.94398,2.0560150146484375
60,62.21821,-2.2182083129882812
75,70.44868,4.551322937011719
48,70.91134,-22.911338806152344
64,57.163376,6.8366241455078125
35,49.274784,-14.274784088134766
200,192.64174,7.3582611083984375
85,52.41128,32.58871841430664
105,143.41122,-38.411224365234375
300,169.65851,130.34149169921875
249,191.72853,57.27146911621094
70,80.503365,-10.503364562988281
165,996.0604,-831.0604248046875
160,182.65909,-22.659088134765625
155,145.80238,9.197616577148438
60,87.522354,-27.522354125976562
236,230.62732,5.3726806640625
199,222.595,-23.595001220703125
120,156.56995,-36.5699462890625
325,215.38206,109.61793518066406
250,135.52853,114.47146606445312
100,105.87138,-5.8713836669921875
75,71.02631,3.9736862182617188
67,73.02775,-6.027748107910156
40,40.258896,-0.2588958740234375
100,124.8873,-24.887298583984375
115,138.76823,-23.768234252929688
57,84.88567,-27.88567352294922
188,158.6928,29.307205200195312
50,77.42825,-27.428253173828125
110,147.94254,-37.942535400390625
250,211.81232,38.18768310546875
186,219.27757,-33.27757263183594
85,132.43521,-47.435211181640625
125,131.35121,-6.3512115478515625
43,77.53533,-34.53533172607422
199,171.3272,27.672805786132812
275,185.71767,89.28233337402344
3518,918.93414,2599.0658569335938
41,46.289238,-5.289237976074219
200,257.575,-57.57501220703125
190,190.97473,-0.9747314453125
120,106.01732,13.982681274414062
88,81.67777,6.322227478027344
75,49.97587,25.024131774902344
80,69.31679,10.683212280273438
319,230.65987,88.34013366699219
32,56.904377,-24.904376983642578
85,68.22253,16.77747344970703
75,63.399883,11.600116729736328
140,211.71556,-71.71556091308594
110,144.00739,-34.00738525390625
87,85.69044,1.3095626831054688
150,140.24977,9.750228881835938
85,212.4511,-127.45109558105469
175,366.28592,-191.28591918945312
128,160.06197,-32.06196594238281
125,186.83815,-61.83815002441406
45,67.13693,-22.136932373046875
128,305.4858,-177.48580932617188
80,67.9072,12.092796325683594
95,127.65727,-32.65727233886719
340,212.10973,127.89027404785156
150,164.1342,-14.134201049804688
48,77.46533,-29.46533203125
110,101.23787,8.762130737304688
29,77.80537,-48.80536651611328
150,155.5783,-5.5782928466796875
130,161.85495,-31.854949951171875
100,160.39143,-60.39143371582031
49,64.15319,-15.153190612792969
60,60.930454,-0.9304542541503906
48,46.990047,1.0099525451660156
99,122.006996,-23.006996154785156
120,130.84909,-10.849090576171875
31,63.297436,-32.29743576049805
100,123.95744,-23.957443237304688
300,366.273,-66.27301025390625
300,194.84181,105.15818786621094
39,34.805065,4.194934844970703
100,202.05025,-102.05024719238281
71,72.58914,-1.589141845703125
59,114.74809,-55.74809265136719
100,140.05289,-40.052886962890625
65,59.25918,5.740821838378906
113,177.00485,-64.00485229492188
90,169.01688,-79.01687622070312
1700,467.5836,1232.4164123535156
200,162.30678,37.69322204589844
70,65.593765,4.4062347412109375
150,191.41716,-41.41716003417969
90,99.74596,-9.745956420898438
67,62.44995,4.550048828125
40,35.836952,4.163047790527344
340,482.8333,-142.83331298828125
298,282.0971,15.90289306640625
150,151.13469,-1.1346893310546875
350,406.9339,-56.93389892578125
39,55.264256,-16.26425552368164
70,80.31499,-10.314987182617188
90,137.38689,-47.38688659667969
60,67.95448,-7.9544830322265625
45,60.40377,-15.403770446777344
499,205.43466,293.5653381347656
80,179.19185,-99.19184875488281
175,203.81903,-28.81903076171875
35,53.629852,-18.629852294921875
70,69.48372,0.5162811279296875
82,114.55075,-32.550750732421875
55,70.49644,-15.496437072753906
89,83.0493,5.9506988525390625
105,143.67549,-38.67549133300781
108,129.9986,-21.99859619140625
130,270.87122,-140.8712158203125
419,374.94858,44.051422119140625
150,152.89467,-2.8946685791015625
108,100.878456,7.121543884277344
50,184.27138,-134.27137756347656
260,193.89427,66.10572814941406
100,82.364334,17.635665893554688
237,170.75945,66.24055480957031
54,59.527725,-5.5277252197265625
86,75.667786,10.33221435546875
125,139.51013,-14.5101318359375
225,159.94333,65.05667114257812
52,54.677135,-2.677135467529297
70,83.97218,-13.972183227539062
75,126.110886,-51.11088562011719
65,69.8284,-4.828399658203125
68,63.63658,4.3634185791015625
