unique_key,created_date,agency,agency_name,complaint_type,descriptor,location_type,incident_zip,incident_address,street_name,cross_street_1,cross_street_2,intersection_street_1,intersection_street_2,address_type,city,landmark,status,community_board,bbl,borough,x_coordinate_state_plane,y_coordinate_state_plane,open_data_channel_type,park_facility_name,park_borough,latitude,longitude,location,vehicle_type,closed_date,resolution_description,resolution_action_updated_date,bridge_highway_name,bridge_highway_segment,taxi_pick_up_location,facility_type,due_date,taxi_company_borough,data_source,extraction_timestamp
66778147,2025-11-10T01:50:51.000,NYPD,New York City Police Department,Illegal Parking,Commercial Overnight Parking,Street/Sidewalk,10465,3286 RADIO DRIVE,RADIO DRIVE,GRISWOLD AVENUE,BEND,GRISWOLD AVENUE,BEND,ADDRESS,BRONX,RADIO DRIVE,In Progress,10 BRONX,2054140113,BRONX,1034564,246662,ONLINE,Unspecified,BRONX,40.84356202395745,-73.81815325101906,"{'latitude': '40.84356202395745', 'longitude': '-73.81815325101906', 'human_address': '{""address"": """", ""city"": """", ""state"": """", ""zip"": """"}'}",,,,,,,,,,,nyc_opendata_311,2025-11-12 02:39:01.699840
66780206,2025-11-10T01:49:45.000,NYPD,New York City Police Department,Noise - Vehicle,Engine Idling,Street/Sidewalk,10025,2680 BROADWAY,BROADWAY,WEST  102 STREET,WEST  103 STREET,WEST  102 STREET,WEST  103 STREET,ADDRESS,NEW YORK,BROADWAY,In Progress,07 MANHATTAN,1018740022,MANHATTAN,992863,230234,ONLINE,Unspecified,MANHATTAN,40.7986109485515,-73.96889161417334,"{'latitude': '40.7986109485515', 'longitude': '-73.96889161417334', 'human_address': '{""address"": """", ""city"": """", ""state"": """", ""zip"": """"}'}",Truck,,,,,,,,,,nyc_opendata_311,2025-11-12 02:39:01.699840
66777208,2025-11-10T01:47:32.000,NYPD,New York City Police Department,Noise - Street/Sidewalk,Loud Music/Party,Street/Sidewalk,10040,157 NAGLE AVENUE,NAGLE AVENUE,ARDEN STREET,THAYER STREET,ARDEN STREET,THAYER STREET,ADDRESS,NEW YORK,NAGLE AVENUE,In Progress,12 MANHATTAN,1021730029,MANHATTAN,1004751,253034,MOBILE,Unspecified,MANHATTAN,40.86117080770446,-73.92588494147341,"{'latitude': '40.86117080770446', 'longitude': '-73.92588494147341', 'human_address': '{""address"": """", ""city"": """", ""state"": """", ""zip"": """"}'}",,,,,,,,,,,nyc_opendata_311,2025-11-12 02:39:01.699840
66779171,2025-11-10T01:47:12.000,NYPD,New York City Police Department,Illegal Parking,Posted Parking Sign Violation,Street/Sidewalk,11204,1358 DAHILL ROAD,DAHILL ROAD,60 STREET,61 STREET,60 STREET,61 STREET,ADDRESS,BROOKLYN,DAHILL ROAD,In Progress,12 BROOKLYN,,BROOKLYN,991152,163157,MOBILE,Unspecified,BROOKLYN,40.61450200215088,-73.97514014922876,"{'latitude': '40.61450200215088', 'longitude': '-73.97514014922876', 'human_address': '{""address"": """", ""city"": """", ""state"": """", ""zip"": """"}'}",,,,,,,,,,,nyc_opendata_311,2025-11-12 02:39:01.699840
66779189,2025-11-10T01:47:09.000,NYPD,New York City Police Department,Noise - Residential,Banging/Pounding,Residential Building/House,11221,1108 GATES AVENUE,GATES AVENUE,BROADWAY,BUSHWICK AVENUE,BROADWAY,BUSHWICK AVENUE,ADDRESS,BROOKLYN,GATES AVENUE,In Progress,04 BROOKLYN,3033390011,BROOKLYN,1006077,190769,ONLINE,Unspecified,BROOKLYN,40.690266694713586,-73.92129345228891,"{'latitude': '40.690266694713586', 'longitude': '-73.92129345228891', 'human_address': '{""address"": """", ""city"": """", ""state"": """", ""zip"": """"}'}",,,,,,,,,,,nyc_opendata_311,2025-11-12 02:39:01.699840
66773327,2025-11-10T01:46:55.000,NYPD,New York City Police Department,Illegal Parking,Posted Parking Sign Violation,Street/Sidewalk,10036,653 11 AVENUE,11 AVENUE,WEST   47 STREET,WEST   48 STREET,WEST   47 STREET,WEST   48 STREET,ADDRESS,NEW YORK,11 AVENUE,In Progress,04 MANHATTAN,1010950035,MANHATTAN,985418,217738,ONLINE,Unspecified,MANHATTAN,40.76431686260587,-73.9957835963077,"{'latitude': '40.76431686260587', 'longitude': '-73.9957835963077', 'human_address': '{""address"": """", ""city"": """", ""state"": """", ""zip"": """"}'}",,,,,,,,,,,nyc_opendata_311,2025-11-12 02:39:01.699840
66774252,2025-11-10T01:46:01.000,NYPD,New York City Police Department,Illegal Parking,Blocked Hydrant,Street/Sidewalk,11420,130-99 132 STREET,132 STREET,SUTTER AVENUE,131 AVENUE,SUTTER AVENUE,131 AVENUE,ADDRESS,SOUTH OZONE PARK,132 STREET,In Progress,10 QUEENS,,QUEENS,1037954,183780,MOBILE,Unspecified,QUEENS,40.67094750245155,-73.80640330903259,"{'latitude': '40.67094750245155', 'longitude': '-73.80640330903259', 'human_address': '{""address"": """", ""city"": """", ""state"": """", ""zip"": """"}'}",,,,,,,,,,,nyc_opendata_311,2025-11-12 02:39:01.699840
66773255,2025-11-10T01:45:49.000,NYPD,New York City Police Department,Blocked Driveway,Partial Access,Street/Sidewalk,10465,2705 HARDING AVENUE,HARDING AVENUE,GRAFF AVENUE,BALCOM AVENUE,GRAFF AVENUE,BALCOM AVENUE,ADDRESS,BRONX,HARDING AVENUE,In Progress,10 BRONX,2055960008,BRONX,1033320,236070,PHONE,Unspecified,BRONX,40.81449707417731,-73.82272682246642,"{'latitude': '40.81449707417731', 'longitude': '-73.82272682246642', 'human_address': '{""address"": """", ""city"": """", ""state"": """", ""zip"": """"}'}",,,,,,,,,,,nyc_opendata_311,2025-11-12 02:39:01.699840
66777122,2025-11-10T01:45:40.000,NYPD,New York City Police Department,Blocked Driveway,No Access,Street/Sidewalk,11203,532 EAST   39 STREET,EAST   39 STREET,CORTELYOU ROAD,CLARENDON ROAD,CORTELYOU ROAD,CLARENDON ROAD,ADDRESS,BROOKLYN,EAST   39 STREET,In Progress,17 BROOKLYN,3049380010,BROOKLYN,1000838,174015,PHONE,Unspecified,BROOKLYN,40.64429207582377,-73.94022611661715,"{'latitude': '40.64429207582377', 'longitude': '-73.94022611661715', 'human_address': '{""address"": """", ""city"": """", ""state"": """", ""zip"": """"}'}",,,,,,,,,,,nyc_opendata_311,2025-11-12 02:39:01.699840
66774366,2025-11-10T01:44:28.000,NYPD,New York City Police Department,Encampment,N/A,Park/Playground,10009,401 EAST   11 STREET,EAST   11 STREET,1 AVENUE,AVENUE A,1 AVENUE,AVENUE A,ADDRESS,NEW YORK,EAST   11 STREET,In Progress,03 MANHATTAN,1004390001,MANHATTAN,988778,204958,MOBILE,N/A,MANHATTAN,40.72923788984309,-73.98366282032691,"{'latitude': '40.72923788984309', 'longitude': '-73.98366282032691', 'human_address': '{""address"": """", ""city"": """", ""state"": """", ""zip"": """"}'}",,,,,,,,,,,nyc_opendata_311,2025-11-12 02:39:01.699840
66775230,2025-11-10T01:43:44.000,NYPD,New York City Police Department,Illegal Parking,Blocked Hydrant,Street/Sidewalk,10467,610 WARING AVENUE,WARING AVENUE,BRONX PARK EAST,BARKER AVENUE,BRONX PARK EAST,BARKER AVENUE,ADDRESS,BRONX,WARING AVENUE,In Progress,11 BRONX,2043407501,BRONX,1020142,253132,ONLINE,Unspecified,BRONX,40.86139062950333,-73.87024305503223,"{'latitude': '40.86139062950333', 'longitude': '-73.87024305503223', 'human_address': '{""address"": """", ""city"": """", ""state"": """", ""zip"": """"}'}",,,,,,,,,,,nyc_opendata_311,2025-11-12 02:39:01.699840
66779204,2025-11-10T01:43:27.000,NYPD,New York City Police Department,Noise - Vehicle,Car/Truck Music,Street/Sidewalk,10454,190 WILLOW AVENUE,WILLOW AVENUE,EAST  136 STREET,EAST  137 STREET,EAST  136 STREET,EAST  137 STREET,ADDRESS,BRONX,WILLOW AVENUE,In Progress,01 BRONX,2025880001,BRONX,1008555,231853,PHONE,Unspecified,BRONX,40.803025429705365,-73.91220950055042,"{'latitude': '40.803025429705365', 'longitude': '-73.91220950055042', 'human_address': '{""address"": """", ""city"": """", ""state"": """", ""zip"": """"}'}",Other,,,,,,,,,,nyc_opendata_311,2025-11-12 02:39:01.699840
66780159,2025-11-10T01:42:09.000,NYPD,New York City Police Department,Illegal Parking,Blocked Hydrant,Street/Sidewalk,11378,66-15 JAY AVENUE,JAY AVENUE,66 STREET,68 STREET,66 STREET,68 STREET,ADDRESS,MASPETH,JAY AVENUE,In Progress,05 QUEENS,4023990068,QUEENS,1012471,204447,MOBILE,Unspecified,QUEENS,40.72779146016181,-73.89817984949896,"{'latitude': '40.72779146016181', 'longitude': '-73.89817984949896', 'human_address': '{""address"": """", ""city"": """", ""state"": """", ""zip"": """"}'}",,,,,,,,,,,nyc_opendata_311,2025-11-12 02:39:01.699840
66780173,2025-11-10T01:38:07.000,NYPD,New York City Police Department,Illegal Parking,Posted Parking Sign Violation,Street/Sidewalk,11207,14 BARBEY STREET,BARBEY STREET,HIGHLAND BOULEVARD,SUNNYSIDE AVENUE,HIGHLAND BOULEVARD,SUNNYSIDE AVENUE,ADDRESS,BROOKLYN,BARBEY STREET,In Progress,05 BROOKLYN,3038860064,BROOKLYN,1014600,188173,MOBILE,Unspecified,BROOKLYN,40.68311615177059,-73.89057186603726,"{'latitude': '40.68311615177059', 'longitude': '-73.89057186603726', 'human_address': '{""address"": """", ""city"": """", ""state"": """", ""zip"": """"}'}",,,,,,,,,,,nyc_opendata_311,2025-11-12 02:39:01.699840
66780182,2025-11-10T01:36:32.000,NYPD,New York City Police Department,Noise - Commercial,Loud Talking,Club/Bar/Restaurant,11372,79-11 NORTHERN BOULEVARD,NORTHERN BOULEVARD,79 STREET,80 STREET,79 STREET,80 STREET,ADDRESS,JACKSON HEIGHTS,NORTHERN BOULEVARD,In Progress,03 QUEENS,4011750036,QUEENS,1015293,214471,ONLINE,Unspecified,QUEENS,40.75529536774556,-73.88795194472522,"{'latitude': '40.75529536774556', 'longitude': '-73.88795194472522', 'human_address': '{""address"": """", ""city"": """", ""state"": """", ""zip"": """"}'}",,,,,,,,,,,nyc_opendata_311,2025-11-12 02:39:01.699840
66775335,2025-11-10T01:35:14.000,DHS,Department of Homeless Services,Homeless Person Assistance,Chronic,Residential Building/House,10456,1230 WEBSTER AVENUE,WEBSTER AVENUE,EAST 168 STREET,EAST 169 STREET,EAST  168 STREET,EAST  169 STREET,ADDRESS,BRONX,WEBSTER AVENUE,Closed,03 BRONX,2023950001,BRONX,1009294,242584,MOBILE,Unspecified,BRONX,40.832476930422466,-73.90950016379995,"{'latitude': '40.832476930422466', 'longitude': '-73.90950016379995', 'human_address': '{""address"": """", ""city"": """", ""state"": """", ""zip"": """"}'}",,2025-11-10T02:03:59.000,"Based on the nature of this issue, the Department of Homeless Services (DHS) worked with the New York City Police Department (NYPD) and determined that the best course of action was to transfer this issue to the NYPD. Your service request has been closed.",2025-11-10T02:03:59.000,,,,,,,nyc_opendata_311,2025-11-12 02:39:01.699840
66780207,2025-11-10T01:34:36.000,NYPD,New York City Police Department,Noise - Vehicle,Engine Idling,Street/Sidewalk,10025,211 WEST  102 STREET,WEST  102 STREET,AMSTERDAM AVENUE,BROADWAY,AMSTERDAM AVENUE,BROADWAY,ADDRESS,NEW YORK,WEST  102 STREET,In Progress,07 MANHATTAN,1018740022,MANHATTAN,993045,230067,ONLINE,Unspecified,MANHATTAN,40.79815239978816,-73.96823448636394,"{'latitude': '40.79815239978816', 'longitude': '-73.96823448636394', 'human_address': '{""address"": """", ""city"": """", ""state"": """", ""zip"": """"}'}",Truck,,,,,,,,,,nyc_opendata_311,2025-11-12 02:39:01.699840
66779188,2025-11-10T01:34:29.000,NYPD,New York City Police Department,Noise - Park,Loud Music/Party,Park/Playground,10026,48 ST NICHOLAS AVENUE,ST NICHOLAS AVENUE,WEST  112 STREET,WEST  113 STREET,WEST  112 STREET,WEST  113 STREET,ADDRESS,NEW YORK,ST NICHOLAS AVENUE,In Progress,10 MANHATTAN,1018220024,MANHATTAN,997408,230850,ONLINE,St. Nicholas Park,MANHATTAN,40.80029610120122,-73.95247480385893,"{'latitude': '40.80029610120122', 'longitude': '-73.95247480385893', 'human_address': '{""address"": """", ""city"": """", ""state"": """", ""zip"": """"}'}",,,,,,,,,,,nyc_opendata_311,2025-11-12 02:39:01.699840
66776428,2025-11-10T01:32:31.000,DOHMH,Department of Health and Mental Hygiene,Smoking or Vaping,Allowed in Smoke Free Area,Residential Building,10455,377 EAST  153 STREET,EAST  153 STREET,COURTLANDT AVENUE,MELROSE AVENUE,COURTLANDT AVENUE,MELROSE AVENUE,ADDRESS,BRONX,EAST  153 STREET,In Progress,01 BRONX,2024000033,BRONX,1007105,237721,PHONE,Unspecified,BRONX,40.81913532124685,-73.91742696769519,"{'latitude': '40.81913532124685', 'longitude': '-73.91742696769519', 'human_address': '{""address"": """", ""city"": """", ""state"": """", ""zip"": """"}'}",,,,,,,,,,,nyc_opendata_311,2025-11-12 02:39:01.699840
66773336,2025-11-10T01:32:30.000,NYPD,New York City Police Department,Noise - Commercial,Loud Music/Party,Store/Commercial,10002,317 EAST HOUSTON STREET,EAST HOUSTON STREET,AVENUE B,ATTORNEY STREET,AVENUE B,ATTORNEY STREET,ADDRESS,NEW YORK,EAST HOUSTON STREET,In Progress,03 MANHATTAN,1003500062,MANHATTAN,988926,202049,MOBILE,Unspecified,MANHATTAN,40.72125331438082,-73.98313085248822,"{'latitude': '40.72125331438082', 'longitude': '-73.98313085248822', 'human_address': '{""address"": """", ""city"": """", ""state"": """", ""zip"": """"}'}",,,,,,,,,,,nyc_opendata_311,2025-11-12 02:39:01.699840
66778168,2025-11-10T01:32:04.000,NYPD,New York City Police Department,Noise - Residential,Banging/Pounding,Residential Building/House,10451,705 GERARD AVENUE,GERARD AVENUE,EAST  153 STREET,JEROME AVENUE LINE,EAST  153 STREET,JEROME AVENUE LINE,ADDRESS,BRONX,GERARD AVENUE,In Progress,04 BRONX,2024820053,BRONX,1004456,239502,PHONE,Unspecified,BRONX,40.82403011769693,-73.92699219567847,"{'latitude': '40.82403011769693', 'longitude': '-73.92699219567847', 'human_address': '{""address"": """", ""city"": """", ""state"": """", ""zip"": """"}'}",,,,,,,,,,,nyc_opendata_311,2025-11-12 02:39:01.699840
66774312,2025-11-10T01:32:01.000,NYPD,New York City Police Department,Noise - Vehicle,Engine Idling,Street/Sidewalk,11414,81-15 156 AVENUE,156 AVENUE,81 STREET,SHORE PARKWAY,81 STREET,SHORE PARKWAY,ADDRESS,HOWARD BEACH,156 AVENUE,In Progress,10 QUEENS,4114610002,QUEENS,1025390,180743,MOBILE,Unspecified,QUEENS,40.662678925071454,-73.85171350505479,"{'latitude': '40.662678925071454', 'longitude': '-73.85171350505479', 'human_address': '{""address"": """", ""city"": """", ""state"": """", ""zip"": """"}'}",Car,,,,,,,,,,nyc_opendata_311,2025-11-12 02:39:01.699840
66776329,2025-11-10T01:29:45.000,DSNY,Department of Sanitation,Illegal Dumping,Removal Request,Street,11434,145-40 155 STREET,155 STREET,145 AVENUE,145 DRIVE,145 AVENUE,145 DRIVE,ADDRESS,JAMAICA,155 STREET,In Progress,13 QUEENS,4150060070,QUEENS,1044536,181633,MOBILE,Unspecified,QUEENS,40.665012109727414,-73.78269525450914,"{'latitude': '40.665012109727414', 'longitude': '-73.78269525450914', 'human_address': '{""address"": """", ""city"": """", ""state"": """", ""zip"": """"}'}",,,,,,,,,,,nyc_opendata_311,2025-11-12 02:39:01.699840
66774860,2025-11-10T01:29:37.000,NYPD,New York City Police Department,Noise - Residential,Banging/Pounding,Residential Building/House,10009,734 EAST    5 STREET,EAST    5 STREET,AVENUE C,AVENUE D,AVENUE C,AVENUE D,ADDRESS,NEW YORK,EAST    5 STREET,Closed,03 MANHATTAN,1003740025,MANHATTAN,990260,202426,ONLINE,Unspecified,MANHATTAN,40.722287282590315,-73.97831797479238,"{'latitude': '40.722287282590315', 'longitude': '-73.97831797479238', 'human_address': '{""address"": """", ""city"": """", ""state"": """", ""zip"": """"}'}",,2025-11-10T01:36:00.000,The Police Department responded to the complaint and with the information available observed no evidence of the violation at that time.,2025-11-10T01:36:06.000,,,,,,,nyc_opendata_311,2025-11-12 02:39:01.699840
66774302,2025-11-10T01:29:14.000,NYPD,New York City Police Department,Noise - Residential,Loud Music/Party,Residential Building/House,11368,108-32 43 AVENUE,43 AVENUE,108 STREET,111 STREET,108 STREET,111 STREET,ADDRESS,CORONA,43 AVENUE,In Progress,04 QUEENS,,QUEENS,1023805,212125,PHONE,Unspecified,QUEENS,40.74882221835263,-73.8572421825503,"{'latitude': '40.74882221835263', 'longitude': '-73.8572421825503', 'human_address': '{""address"": """", ""city"": """", ""state"": """", ""zip"": """"}'}",,,,,,,,,,,nyc_opendata_311,2025-11-12 02:39:01.699840
66778166,2025-11-10T01:29:11.000,NYPD,New York City Police Department,Noise - Residential,Banging/Pounding,Residential Building/House,11367,72-21 153 STREET,153 STREET,72 ROAD,72 DRIVE,72 ROAD,72 DRIVE,ADDRESS,FLUSHING,153 STREET,In Progress,08 QUEENS,4068030002,QUEENS,1035591,204434,MOBILE,Unspecified,QUEENS,40.727651801278654,-73.81476417879685,"{'latitude': '40.727651801278654', 'longitude': '-73.81476417879685', 'human_address': '{""address"": """", ""city"": """", ""state"": """", ""zip"": """"}'}",,,,,,,,,,,nyc_opendata_311,2025-11-12 02:39:01.699840
66774262,2025-11-10T01:27:42.000,NYPD,New York City Police Department,Illegal Parking,Blocked Hydrant,Street/Sidewalk,10475,100 ERSKINE PLACE,ERSKINE PLACE,EARHART LANE,BEND,EARHART LANE,BEND,ADDRESS,BRONX,ERSKINE PLACE,In Progress,10 BRONX,2051350051,BRONX,1033410,253033,MOBILE,Unspecified,BRONX,40.86105499075877,-73.82227735247066,"{'latitude': '40.86105499075877', 'longitude': '-73.82227735247066', 'human_address': '{""address"": """", ""city"": """", ""state"": """", ""zip"": """"}'}",,,,,,,,,,,nyc_opendata_311,2025-11-12 02:39:01.699840
66775277,2025-11-10T01:27:39.000,NYPD,New York City Police Department,Noise - Vehicle,Engine Idling,Street/Sidewalk,10025,211 WEST  102 STREET,WEST  102 STREET,AMSTERDAM AVENUE,BROADWAY,AMSTERDAM AVENUE,BROADWAY,ADDRESS,NEW YORK,WEST  102 STREET,In Progress,07 MANHATTAN,1018740022,MANHATTAN,993045,230067,ONLINE,Unspecified,MANHATTAN,40.79815239978816,-73.96823448636394,"{'latitude': '40.79815239978816', 'longitude': '-73.96823448636394', 'human_address': '{""address"": """", ""city"": """", ""state"": """", ""zip"": """"}'}",Truck,,,,,,,,,,nyc_opendata_311,2025-11-12 02:39:01.699840
66776269,2025-11-10T01:27:29.000,NYPD,New York City Police Department,Noise - Vehicle,Car/Truck Music,Street/Sidewalk,10454,EAST  136 STREET,EAST  136 STREET,EAST  136 STREET,WILLOW AVENUE,EAST  136 STREET,WILLOW AVENUE,INTERSECTION,,,In Progress,01 BRONX,,BRONX,1008533,231820,PHONE,Unspecified,BRONX,40.80293491429431,-73.91228908460891,"{'latitude': '40.80293491429431', 'longitude': '-73.91228908460891', 'human_address': '{""address"": """", ""city"": """", ""state"": """", ""zip"": """"}'}",Other,,,,,,,,,,nyc_opendata_311,2025-11-12 02:39:01.699840
66777172,2025-11-10T01:26:56.000,NYPD,New York City Police Department,Illegal Parking,Blocked Hydrant,Street/Sidewalk,11416,81-12 101 AVENUE,101 AVENUE,81 STREET,82 STREET,81 STREET,82 STREET,ADDRESS,OZONE PARK,101 AVENUE,In Progress,09 QUEENS,4090810016,QUEENS,1023718,187390,PHONE,Unspecified,QUEENS,40.68093103744175,-73.85770119107772,"{'latitude': '40.68093103744175', 'longitude': '-73.85770119107772', 'human_address': '{""address"": """", ""city"": """", ""state"": """", ""zip"": """"}'}",,,,,,,,,,,nyc_opendata_311,2025-11-12 02:39:01.699840
66776719,2025-11-10T01:26:44.000,NYPD,New York City Police Department,Noise - Commercial,Loud Music/Party,Club/Bar/Restaurant,10018,508 9 AVENUE,9 AVENUE,WEST   38 STREET,WEST   39 STREET,WEST   38 STREET,WEST   39 STREET,ADDRESS,NEW YORK,9 AVENUE,Closed,04 MANHATTAN,1007620003,MANHATTAN,985830,214755,ONLINE,Unspecified,MANHATTAN,40.7561292284094,-73.99429700430439,"{'latitude': '40.7561292284094', 'longitude': '-73.99429700430439', 'human_address': '{""address"": """", ""city"": """", ""state"": """", ""zip"": """"}'}",,2025-11-10T01:49:03.000,The Police Department responded to the complaint and with the information available observed no evidence of the violation at that time.,2025-11-10T01:49:06.000,,,,,,,nyc_opendata_311,2025-11-12 02:39:01.699840
66779101,2025-11-10T01:25:28.000,NYPD,New York City Police Department,Blocked Driveway,No Access,Street/Sidewalk,11355,42-43 157 STREET,157 STREET,SANFORD AVENUE,43 AVENUE,SANFORD AVENUE,43 AVENUE,ADDRESS,FLUSHING,157 STREET,In Progress,07 QUEENS,4053880011,QUEENS,1037244,216305,MOBILE,Unspecified,QUEENS,40.76022490237493,-73.80870672294297,"{'latitude': '40.76022490237493', 'longitude': '-73.80870672294297', 'human_address': '{""address"": """", ""city"": """", ""state"": """", ""zip"": """"}'}",,,,,,,,,,,nyc_opendata_311,2025-11-12 02:39:01.699840
66773820,2025-11-10T01:25:20.000,NYPD,New York City Police Department,Noise - Park,Loud Music/Party,Park/Playground,10027,18 MT MORRIS PARK WEST,MT MORRIS PARK WEST,WEST  121 STREET,WEST  122 STREET,WEST  121 STREET,WEST  122 STREET,ADDRESS,NEW YORK,MOUNT MORRIS PARK WEST,Closed,11 MANHATTAN,1017190001,MANHATTAN,999341,232509,ONLINE,Marcus Garvey Park,MANHATTAN,40.80484651053699,-73.94548930106254,"{'latitude': '40.80484651053699', 'longitude': '-73.94548930106254', 'human_address': '{""address"": """", ""city"": """", ""state"": """", ""zip"": """"}'}",,2025-11-10T01:37:31.000,The Police Department responded to the complaint and with the information available observed no evidence of the violation at that time.,2025-11-10T01:37:36.000,,,,,,,nyc_opendata_311,2025-11-12 02:39:01.699840
66777681,2025-11-10T01:24:09.000,NYPD,New York City Police Department,Noise - Commercial,Loud Talking,Store/Commercial,11237,254 IRVING AVENUE,IRVING AVENUE,BLEECKER STREET,MENAHAN STREET,BLEECKER STREET,MENAHAN STREET,ADDRESS,BROOKLYN,IRVING AVENUE,Closed,04 BROOKLYN,3033090022,BROOKLYN,1007504,194320,MOBILE,Unspecified,BROOKLYN,40.70000972722279,-73.91613553987794,"{'latitude': '40.70000972722279', 'longitude': '-73.91613553987794', 'human_address': '{""address"": """", ""city"": """", ""state"": """", ""zip"": """"}'}",,2025-11-10T01:44:10.000,The Police Department responded to the complaint and took action to fix the condition.,2025-11-10T01:44:16.000,,,,,,,nyc_opendata_311,2025-11-12 02:39:01.699840
66778177,2025-11-10T01:22:57.000,NYPD,New York City Police Department,Noise - Street/Sidewalk,Loud Music/Party,Street/Sidewalk,10454,EAST  136 STREET,EAST  136 STREET,EAST  136 STREET,WILLOW AVENUE,EAST  136 STREET,WILLOW AVENUE,INTERSECTION,,,In Progress,01 BRONX,,BRONX,1008533,231820,PHONE,Unspecified,BRONX,40.80293491429431,-73.91228908460891,"{'latitude': '40.80293491429431', 'longitude': '-73.91228908460891', 'human_address': '{""address"": """", ""city"": """", ""state"": """", ""zip"": """"}'}",,,,,,,,,,,nyc_opendata_311,2025-11-12 02:39:01.699840
66774659,2025-11-10T01:22:47.000,NYPD,New York City Police Department,Illegal Parking,Posted Parking Sign Violation,Street/Sidewalk,10001,383 WEST   31 STREET,WEST   31 STREET,8 AVENUE,9 AVENUE,8 AVENUE,9 AVENUE,ADDRESS,NEW YORK,WEST   31 STREET,Closed,04 MANHATTAN,1007557501,MANHATTAN,985102,212952,MOBILE,Unspecified,MANHATTAN,40.75118055107299,-73.99692494216747,"{'latitude': '40.75118055107299', 'longitude': '-73.99692494216747', 'human_address': '{""address"": """", ""city"": """", ""state"": """", ""zip"": """"}'}",,2025-11-10T01:34:58.000,The Police Department responded to the complaint and with the information available observed no evidence of the violation at that time.,2025-11-10T01:35:02.000,,,,,,,nyc_opendata_311,2025-11-12 02:39:01.699840
66774215,2025-11-10T01:22:25.000,NYPD,New York City Police Department,Blocked Driveway,Partial Access,Street/Sidewalk,11204,1671 55 STREET,55 STREET,16 AVENUE,17 AVENUE,16 AVENUE,17 AVENUE,ADDRESS,BROOKLYN,55 STREET,In Progress,12 BROOKLYN,3054850061,BROOKLYN,987745,167607,ONLINE,Unspecified,BROOKLYN,40.626718323789106,-73.98740928992201,"{'latitude': '40.626718323789106', 'longitude': '-73.98740928992201', 'human_address': '{""address"": """", ""city"": """", ""state"": """", ""zip"": """"}'}",,,,,,,,,,,nyc_opendata_311,2025-11-12 02:39:01.699840
66775242,2025-11-10T01:21:45.000,NYPD,New York City Police Department,Illegal Parking,Posted Parking Sign Violation,Street/Sidewalk,11214,BATH AVENUE,BATH AVENUE,BATH AVENUE,BAY   28 STREET,BATH AVENUE,BAY   28 STREET,INTERSECTION,,,In Progress,11 BROOKLYN,,BROOKLYN,984597,157698,PHONE,Unspecified,BROOKLYN,40.59952084513581,-73.99875044442541,"{'latitude': '40.59952084513581', 'longitude': '-73.99875044442541', 'human_address': '{""address"": """", ""city"": """", ""state"": """", ""zip"": """"}'}",,,,,,,,,,,nyc_opendata_311,2025-11-12 02:39:01.699840
66774310,2025-11-10T01:21:32.000,NYPD,New York City Police Department,Noise - Street/Sidewalk,Loud Music/Party,Street/Sidewalk,11211,236 GRAND STREET,GRAND STREET,DRIGGS AVENUE,ROEBLING STREET,DRIGGS AVENUE,ROEBLING STREET,ADDRESS,BROOKLYN,GRAND STREET,In Progress,01 BROOKLYN,3023940011,BROOKLYN,995557,199279,MOBILE,Unspecified,BROOKLYN,40.71364433967072,-73.95921349818421,"{'latitude': '40.71364433967072', 'longitude': '-73.95921349818421', 'human_address': '{""address"": """", ""city"": """", ""state"": """", ""zip"": """"}'}",,,,,,,,,,,nyc_opendata_311,2025-11-12 02:39:01.699840
66772731,2025-11-10T01:21:12.000,NYPD,New York City Police Department,Noise - Vehicle,Engine Idling,Street/Sidewalk,10012,160 BLEECKER STREET,BLEECKER STREET,THOMPSON STREET,SULLIVAN STREET,THOMPSON STREET,SULLIVAN STREET,ADDRESS,NEW YORK,BLEECKER STREET,Closed,02 MANHATTAN,1005257501,MANHATTAN,984257,204710,ONLINE,Unspecified,MANHATTAN,40.72855834935655,-73.99997474401702,"{'latitude': '40.72855834935655', 'longitude': '-73.99997474401702', 'human_address': '{""address"": """", ""city"": """", ""state"": """", ""zip"": """"}'}",Other,2025-11-10T01:45:20.000,The Police Department responded to the complaint and with the information available observed no evidence of the violation at that time.,2025-11-10T01:45:25.000,,,,,,,nyc_opendata_311,2025-11-12 02:39:01.699840
66777194,2025-11-10T01:20:17.000,NYPD,New York City Police Department,Noise - Residential,Banging/Pounding,Residential Building/House,10457,4215 PARK AVENUE,PARK AVENUE,EAST TREMONT AVENUE,EAST  178 STREET,EAST TREMONT AVENUE,EAST  178 STREET,ADDRESS,BRONX,PARK AVENUE,In Progress,06 BRONX,2030277501,BRONX,1012131,248193,MOBILE,Unspecified,BRONX,40.847863491304004,-73.89922497624548,"{'latitude': '40.847863491304004', 'longitude': '-73.89922497624548', 'human_address': '{""address"": """", ""city"": """", ""state"": """", ""zip"": """"}'}",,,,,,,,,,,nyc_opendata_311,2025-11-12 02:39:01.699840
66778096,2025-11-10T01:20:03.000,NYPD,New York City Police Department,Blocked Driveway,No Access,Street/Sidewalk,11208,216 MILFORD STREET,MILFORD STREET,PITKIN AVENUE,BELMONT AVENUE,PITKIN AVENUE,BELMONT AVENUE,ADDRESS,BROOKLYN,MILFORD STREET,In Progress,05 BROOKLYN,3040240026,BROOKLYN,1018369,184907,PHONE,Unspecified,BROOKLYN,40.674138004166636,-73.8769991382723,"{'latitude': '40.674138004166636', 'longitude': '-73.8769991382723', 'human_address': '{""address"": """", ""city"": """", ""state"": """", ""zip"": """"}'}",,,,,,,,,,,nyc_opendata_311,2025-11-12 02:39:01.699840
66780107,2025-11-10T01:20:00.000,NYPD,New York City Police Department,Blocked Driveway,No Access,Street/Sidewalk,11230,840 EAST    8 STREET,EAST    8 STREET,AVENUE H,DEAD END,AVENUE H,DEAD END,ADDRESS,BROOKLYN,EAST    8 STREET,In Progress,14 BROOKLYN,3065100001,BROOKLYN,992889,168403,PHONE,Unspecified,BROOKLYN,40.62889965328475,-73.9688770525363,"{'latitude': '40.62889965328475', 'longitude': '-73.9688770525363', 'human_address': '{""address"": """", ""city"": """", ""state"": """", ""zip"": """"}'}",,,,,,,,,,,nyc_opendata_311,2025-11-12 02:39:01.699840
66777211,2025-11-10T01:19:49.000,NYPD,New York City Police Department,Noise - Street/Sidewalk,Loud Talking,Street/Sidewalk,11375,117-10 QUEENS BOULEVARD,QUEENS BOULEVARD,77 AVENUE,78 AVENUE,77 AVENUE,78 AVENUE,ADDRESS,FOREST HILLS,QUEENS BOULEVARD,In Progress,06 QUEENS,,QUEENS,1030679,199933,ONLINE,Unspecified,QUEENS,40.71532481171219,-73.83251743853093,"{'latitude': '40.71532481171219', 'longitude': '-73.83251743853093', 'human_address': '{""address"": """", ""city"": """", ""state"": """", ""zip"": """"}'}",,,,,,,,,,,nyc_opendata_311,2025-11-12 02:39:01.699840
66779153,2025-11-10T01:18:16.000,NYPD,New York City Police Department,Illegal Parking,Blocked Hydrant,Street/Sidewalk,10470,4619 RICHARDSON AVENUE,RICHARDSON AVENUE,EAST  240 STREET,EAST  241 STREET,EAST  240 STREET,EAST  241 STREET,ADDRESS,BRONX,RICHARDSON AVENUE,In Progress,12 BRONX,2050820055,BRONX,1025107,268256,MOBILE,Unspecified,BRONX,40.90287965396204,-73.85220134044813,"{'latitude': '40.90287965396204', 'longitude': '-73.85220134044813', 'human_address': '{""address"": """", ""city"": """", ""state"": """", ""zip"": """"}'}",,,,,,,,,,,nyc_opendata_311,2025-11-12 02:39:01.699840
66777204,2025-11-10T01:18:14.000,NYPD,New York City Police Department,Noise - Residential,Loud Music/Party,Residential Building/House,10465,2860 LAMPORT PLACE,LAMPORT PLACE,REVERE AVENUE,EAST TREMONT AVENUE,REVERE AVENUE,EAST TREMONT AVENUE,ADDRESS,BRONX,LAMPORT PLACE,In Progress,10 BRONX,2055620226,BRONX,1033692,239812,MOBILE,Unspecified,BRONX,40.82476571431192,-73.82135534746935,"{'latitude': '40.82476571431192', 'longitude': '-73.82135534746935', 'human_address': '{""address"": """", ""city"": """", ""state"": """", ""zip"": """"}'}",,,,,,,,,,,nyc_opendata_311,2025-11-12 02:39:01.699840
66777864,2025-11-10T01:18:06.000,NYPD,New York City Police Department,Noise - Street/Sidewalk,Loud Talking,Street/Sidewalk,10023,152 WEST   73 STREET,WEST   73 STREET,COLUMBUS AVENUE,AMSTERDAM AVENUE,COLUMBUS AVENUE,AMSTERDAM AVENUE,ADDRESS,NEW YORK,WEST   73 STREET,Closed,07 MANHATTAN,1011440153,MANHATTAN,989850,222983,PHONE,Unspecified,MANHATTAN,40.778711321866936,-73.97977999565617,"{'latitude': '40.778711321866936', 'longitude': '-73.97977999565617', 'human_address': '{""address"": """", ""city"": """", ""state"": """", ""zip"": """"}'}",,2025-11-10T01:36:07.000,The Police Department responded and upon arrival those responsible for the condition were gone.,2025-11-10T01:36:12.000,,,,,,,nyc_opendata_311,2025-11-12 02:39:01.699840
66776261,2025-11-10T01:17:42.000,NYPD,New York City Police Department,Noise - Residential,Loud Music/Party,Residential Building/House,10471,5570 NETHERLAND AVENUE,NETHERLAND AVENUE,BEND,WEST  256 STREET,BEND,WEST  256 STREET,ADDRESS,BRONX,NETHERLAND AVENUE,In Progress,08 BRONX,2059500429,BRONX,1010145,268620,MOBILE,Unspecified,BRONX,40.90393531760179,-73.90632435093436,"{'latitude': '40.90393531760179', 'longitude': '-73.90632435093436', 'human_address': '{""address"": """", ""city"": """", ""state"": """", ""zip"": """"}'}",,,,,,,,,,,nyc_opendata_311,2025-11-12 02:39:01.699840
66780373,2025-11-10T01:17:32.000,NYPD,New York City Police Department,Illegal Parking,Blocked Crosswalk,Street/Sidewalk,11207,119 JEROME STREET,JEROME STREET,ARLINGTON AVENUE,FULTON STREET,ARLINGTON AVENUE,FULTON STREET,ADDRESS,BROOKLYN,JEROME STREET,In Progress,05 BROOKLYN,3039370047,BROOKLYN,1015239,186797,MOBILE,Unspecified,BROOKLYN,40.679337133398974,-73.88827425633642,"{'latitude': '40.679337133398974', 'longitude': '-73.88827425633642', 'human_address': '{""address"": """", ""city"": """", ""state"": """", ""zip"": """"}'}",,,,,,,,,,,nyc_opendata_311,2025-11-12 02:39:01.699840
66777203,2025-11-10T01:17:07.000,NYPD,New York City Police Department,Noise - Residential,Loud Music/Party,Residential Building/House,11232,869 43 STREET,43 STREET,8 AVENUE,9 AVENUE,8 AVENUE,9 AVENUE,ADDRESS,BROOKLYN,43 STREET,In Progress,12 BROOKLYN,3009250048,BROOKLYN,984742,173976,MOBILE,Unspecified,BROOKLYN,40.64420054991813,-73.9982271094765,"{'latitude': '40.64420054991813', 'longitude': '-73.9982271094765', 'human_address': '{""address"": """", ""city"": """", ""state"": """", ""zip"": """"}'}",,,,,,,,,,,nyc_opendata_311,2025-11-12 02:39:01.699840
66780179,2025-11-10T01:16:54.000,NYPD,New York City Police Department,Noise - Commercial,Loud Music/Party,Club/Bar/Restaurant,11372,78-11 ROOSEVELT AVENUE,ROOSEVELT AVENUE,78 STREET,79 STREET,78 STREET,79 STREET,ADDRESS,JACKSON HEIGHTS,ROOSEVELT AVENUE,In Progress,03 QUEENS,4012890042,QUEENS,1015438,211549,PHONE,Unspecified,QUEENS,40.74727471286751,-73.88744212760699,"{'latitude': '40.74727471286751', 'longitude': '-73.88744212760699', 'human_address': '{""address"": """", ""city"": """", ""state"": """", ""zip"": """"}'}",,,,,,,,,,,nyc_opendata_311,2025-11-12 02:39:01.699840
66778229,2025-11-10T01:16:49.000,NYPD,New York City Police Department,Encampment,N/A,Subway,,,,,,,,,,,Closed,Unspecified MANHATTAN,,MANHATTAN,997602,222687,MOBILE,Unspecified,MANHATTAN,40.77789056928608,-73.95179032471655,"{'latitude': '40.77789056928608', 'longitude': '-73.95179032471655', 'human_address': '{""address"": """", ""city"": """", ""state"": """", ""zip"": """"}'}",,2025-11-10T01:47:32.000,The Police Department visited the location and no Encampment was found.,2025-11-10T01:47:37.000,Q,Stairway,,,,,nyc_opendata_311,2025-11-12 02:39:01.699840
66779152,2025-11-10T01:16:48.000,NYPD,New York City Police Department,Illegal Parking,Blocked Hydrant,Street/Sidewalk,11228,66 BATTERY AVENUE,BATTERY AVENUE,88 STREET,90 STREET,88 STREET,90 STREET,ADDRESS,BROOKLYN,BATTERY AVENUE,In Progress,10 BROOKLYN,3060710032,BROOKLYN,977778,164223,ONLINE,Unspecified,BROOKLYN,40.61742827588212,-74.02331208450701,"{'latitude': '40.61742827588212', 'longitude': '-74.02331208450701', 'human_address': '{""address"": """", ""city"": """", ""state"": """", ""zip"": """"}'}",,,,,,,,,,,nyc_opendata_311,2025-11-12 02:39:01.699840
66779198,2025-11-10T01:16:31.000,NYPD,New York City Police Department,Noise - Residential,Loud Music/Party,Residential Building/House,11232,869 43 STREET,43 STREET,8 AVENUE,9 AVENUE,8 AVENUE,9 AVENUE,ADDRESS,BROOKLYN,43 STREET,In Progress,12 BROOKLYN,3009250048,BROOKLYN,984742,173976,MOBILE,Unspecified,BROOKLYN,40.64420054991813,-73.9982271094765,"{'latitude': '40.64420054991813', 'longitude': '-73.9982271094765', 'human_address': '{""address"": """", ""city"": """", ""state"": """", ""zip"": """"}'}",,,,,,,,,,,nyc_opendata_311,2025-11-12 02:39:01.699840
66774283,2025-11-10T01:15:52.000,NYPD,New York City Police Department,Illegal Parking,Posted Parking Sign Violation,Street/Sidewalk,11354,25 ROAD,25 ROAD,25 ROAD,WHITESTONE EXPRESSWAY,25 ROAD,WHITESTONE EXPRESSWAY,INTERSECTION,,,In Progress,07 QUEENS,,QUEENS,1031949,222033,MOBILE,Unspecified,QUEENS,40.77597689723576,-73.82777946503842,"{'latitude': '40.77597689723576', 'longitude': '-73.82777946503842', 'human_address': '{""address"": """", ""city"": """", ""state"": """", ""zip"": """"}'}",,,,,,,,,,,nyc_opendata_311,2025-11-12 02:39:01.699840
66777189,2025-11-10T01:15:22.000,NYPD,New York City Police Department,Noise - Commercial,Car/Truck Horn,Store/Commercial,11223,2099 MCDONALD AVENUE,MCDONALD AVENUE,AVENUE S,AVENUE T,AVENUE S,AVENUE T,ADDRESS,BROOKLYN,MCDONALD AVENUE,In Progress,15 BROOKLYN,3071040017,BROOKLYN,991846,158287,MOBILE,Unspecified,BROOKLYN,40.60113428219098,-73.97264595485817,"{'latitude': '40.60113428219098', 'longitude': '-73.97264595485817', 'human_address': '{""address"": """", ""city"": """", ""state"": """", ""zip"": """"}'}",,,,,,,,,,,nyc_opendata_311,2025-11-12 02:39:01.699840
66777221,2025-11-10T01:15:15.000,DOT,Department of Transportation,Street Condition,Line/Marking - Faded,Street,10309,VETERANS ROAD WEST,VETERANS ROAD WEST,VETERANS ROAD WEST,TYRELLAN AVENUE,VETERANS ROAD WEST,TYRELLAN AVENUE,INTERSECTION,,,In Progress,03 STATEN ISLAND,,STATEN ISLAND,920247,131604,PHONE,Unspecified,STATEN ISLAND,40.52766701124552,-74.23022888842462,"{'latitude': '40.52766701124552', 'longitude': '-74.23022888842462', 'human_address': '{""address"": """", ""city"": """", ""state"": """", ""zip"": """"}'}",,,,,,,,,,,nyc_opendata_311,2025-11-12 02:39:01.699840
66774304,2025-11-10T01:15:03.000,NYPD,New York City Police Department,Noise - Residential,Loud Music/Party,Residential Building/House,10460,770 GARDEN STREET,GARDEN STREET,PROSPECT AVENUE,CROTONA PARKWAY,PROSPECT AVENUE,CROTONA PARKWAY,ADDRESS,BRONX,GARDEN STREET,In Progress,06 BRONX,2031120025,BRONX,1016295,248921,PHONE,Unspecified,BRONX,40.84984750444299,-73.88417086231655,"{'latitude': '40.84984750444299', 'longitude': '-73.88417086231655', 'human_address': '{""address"": """", ""city"": """", ""state"": """", ""zip"": """"}'}",,,,,,,,,,,nyc_opendata_311,2025-11-12 02:39:01.699840
66778156,2025-11-10T01:15:02.000,NYPD,New York City Police Department,Illegal Parking,Posted Parking Sign Violation,Street/Sidewalk,10463,WEST  238 STREET,WEST  238 STREET,FORT INDEPENDENCE STREET,WEST  238 STREET,FORT INDEPENDENCE STREET,WEST  238 STREET,INTERSECTION,,,In Progress,08 BRONX,,BRONX,1012470,260848,MOBILE,Unspecified,BRONX,40.88259652776681,-73.89794638233509,"{'latitude': '40.88259652776681', 'longitude': '-73.89794638233509', 'human_address': '{""address"": """", ""city"": """", ""state"": """", ""zip"": """"}'}",,,,,,,,,,,nyc_opendata_311,2025-11-12 02:39:01.699840
66776902,2025-11-10T01:14:48.000,NYPD,New York City Police Department,Noise - Vehicle,Car/Truck Music,Street/Sidewalk,10031,3505 BROADWAY,BROADWAY,WEST  143 STREET,WEST  144 STREET,WEST  143 STREET,WEST  144 STREET,ADDRESS,NEW YORK,BROADWAY,Closed,09 MANHATTAN,1020900029,MANHATTAN,997744,239982,PHONE,Unspecified,MANHATTAN,40.825360385205165,-73.95124285145732,"{'latitude': '40.825360385205165', 'longitude': '-73.95124285145732', 'human_address': '{""address"": """", ""city"": """", ""state"": """", ""zip"": """"}'}",Car,2025-11-10T01:36:55.000,The Police Department responded to the complaint and with the information available observed no evidence of the violation at that time.,2025-11-10T01:37:00.000,,,,,,,nyc_opendata_311,2025-11-12 02:39:01.699840
66772837,2025-11-10T01:14:37.000,NYPD,New York City Police Department,Noise - Park,Loud Music/Party,Park/Playground,10027,18 MT MORRIS PARK WEST,MT MORRIS PARK WEST,WEST  121 STREET,WEST  122 STREET,WEST  121 STREET,WEST  122 STREET,ADDRESS,NEW YORK,MOUNT MORRIS PARK WEST,Closed,11 MANHATTAN,1017190001,MANHATTAN,999341,232509,ONLINE,Marcus Garvey Park,MANHATTAN,40.80484651053699,-73.94548930106254,"{'latitude': '40.80484651053699', 'longitude': '-73.94548930106254', 'human_address': '{""address"": """", ""city"": """", ""state"": """", ""zip"": """"}'}",,2025-11-10T01:36:59.000,The Police Department responded to the complaint and with the information available observed no evidence of the violation at that time.,2025-11-10T01:37:02.000,,,,,,,nyc_opendata_311,2025-11-12 02:39:01.699840
66777113,2025-11-10T01:14:33.000,NYPD,New York City Police Department,Abandoned Vehicle,With License Plate,Street/Sidewalk,11354,25 ROAD,25 ROAD,25 ROAD,WHITESTONE EXPRESSWAY,25 ROAD,WHITESTONE EXPRESSWAY,INTERSECTION,,,In Progress,07 QUEENS,,QUEENS,1031949,222033,MOBILE,Unspecified,QUEENS,40.77597689723576,-73.82777946503842,"{'latitude': '40.77597689723576', 'longitude': '-73.82777946503842', 'human_address': '{""address"": """", ""city"": """", ""state"": """", ""zip"": """"}'}",Car,,,,,,,,,,nyc_opendata_311,2025-11-12 02:39:01.699840
66773357,2025-11-10T01:14:09.000,NYPD,New York City Police Department,Noise - Vehicle,Car/Truck Horn,Street/Sidewalk,11354,40-27 147 STREET,147 STREET,LIRR PORT WASHINGTON LINE,41 AVENUE,LIRR PORT WASHINGTON LINE,41 AVENUE,ADDRESS,FLUSHING,147 STREET,In Progress,07 QUEENS,4050270026,QUEENS,1034605,216878,ONLINE,Unspecified,QUEENS,40.761813060990654,-73.81822844274727,"{'latitude': '40.761813060990654', 'longitude': '-73.81822844274727', 'human_address': '{""address"": """", ""city"": """", ""state"": """", ""zip"": """"}'}",Other,,,,,,,,,,nyc_opendata_311,2025-11-12 02:39:01.699840
66772992,2025-11-10T01:14:09.000,NYPD,New York City Police Department,Noise - Street/Sidewalk,Loud Music/Party,Street/Sidewalk,10031,3495 BROADWAY,BROADWAY,WEST  142 STREET,WEST  143 STREET,WEST  142 STREET,WEST  143 STREET,ADDRESS,NEW YORK,BROADWAY,Closed,09 MANHATTAN,1020890033,MANHATTAN,997661,239832,MOBILE,Unspecified,MANHATTAN,40.82494880432053,-73.95154305067291,"{'latitude': '40.82494880432053', 'longitude': '-73.95154305067291', 'human_address': '{""address"": """", ""city"": """", ""state"": """", ""zip"": """"}'}",,2025-11-10T01:36:22.000,The Police Department responded to the complaint and with the information available observed no evidence of the violation at that time.,2025-11-10T01:36:27.000,,,,,,,nyc_opendata_311,2025-11-12 02:39:01.699840
66775904,2025-11-10T01:13:39.000,NYPD,New York City Police Department,Noise - Residential,Loud Talking,Residential Building/House,11375,66-25 103 STREET,103 STREET,66 AVENUE,66 ROAD,66 AVENUE,66 ROAD,ADDRESS,FOREST HILLS,103 STREET,Closed,06 QUEENS,4021320045,QUEENS,1025479,205076,PHONE,Unspecified,QUEENS,40.729466843681784,-73.85124376881488,"{'latitude': '40.729466843681784', 'longitude': '-73.85124376881488', 'human_address': '{""address"": """", ""city"": """", ""state"": """", ""zip"": """"}'}",,2025-11-10T01:44:44.000,The Police Department responded to the complaint and took action to fix the condition.,2025-11-10T01:44:47.000,,,,,,,nyc_opendata_311,2025-11-12 02:39:01.699840
66780216,2025-11-10T01:13:02.000,DOT,Department of Transportation,Street Condition,Line/Marking - Faded,Crosswalk,10309,MARCY AVENUE,MARCY AVENUE,MARCY AVENUE,WOODROW ROAD,MARCY AVENUE,WOODROW ROAD,INTERSECTION,,,In Progress,03 STATEN ISLAND,,STATEN ISLAND,928056,136946,PHONE,Unspecified,STATEN ISLAND,40.54238266183521,-74.20218314251503,"{'latitude': '40.54238266183521', 'longitude': '-74.20218314251503', 'human_address': '{""address"": """", ""city"": """", ""state"": """", ""zip"": """"}'}",,,,,,,,,,,nyc_opendata_311,2025-11-12 02:39:01.699840
66776501,2025-11-10T01:12:50.000,NYPD,New York City Police Department,Illegal Parking,Blocked Hydrant,Street/Sidewalk,11238,124 ST JAMES PLACE,ST JAMES PLACE,GREENE AVENUE,GATES AVENUE,GREENE AVENUE,GATES AVENUE,ADDRESS,BROOKLYN,ST JAMES PLACE,Closed,02 BROOKLYN,3019630052,BROOKLYN,994139,189268,ONLINE,Unspecified,BROOKLYN,40.686168184738676,-73.96434319292621,"{'latitude': '40.686168184738676', 'longitude': '-73.96434319292621', 'human_address': '{""address"": """", ""city"": """", ""state"": """", ""zip"": """"}'}",,2025-11-10T01:42:29.000,The Police Department issued a summons in response to the complaint.,2025-11-10T01:42:32.000,,,,,,,nyc_opendata_311,2025-11-12 02:39:01.699840
66773439,2025-11-10T01:12:36.000,DSNY,Department of Sanitation,Illegal Dumping,Removal Request,Sidewalk,11225,991 NOSTRAND AVENUE,NOSTRAND AVENUE,SULLIVAN PLACE,EMPIRE BOULEVARD,SULLIVAN PLACE,EMPIRE BOULEVARD,ADDRESS,BROOKLYN,NOSTRAND AVENUE,In Progress,09 BROOKLYN,3013090001,BROOKLYN,997850,181307,MOBILE,Unspecified,BROOKLYN,40.66431211201971,-73.95097849172319,"{'latitude': '40.66431211201971', 'longitude': '-73.95097849172319', 'human_address': '{""address"": """", ""city"": """", ""state"": """", ""zip"": """"}'}",,,,,,,,,,,nyc_opendata_311,2025-11-12 02:39:01.699840
66777186,2025-11-10T01:12:00.000,NYPD,New York City Police Department,Illegal Parking,Unauthorized Bus Layover,Street/Sidewalk,10463,3399 FORT INDEPENDENCE STREET,FORT INDEPENDENCE STREET,HEATH AVENUE,BAILEY PLACE,HEATH AVENUE,BAILEY PLACE,ADDRESS,BRONX,FORT INDEPENDENCE STREET,In Progress,08 BRONX,2032610135,BRONX,1012113,260097,MOBILE,Unspecified,BRONX,40.88053640230051,-73.89924054489855,"{'latitude': '40.88053640230051', 'longitude': '-73.89924054489855', 'human_address': '{""address"": """", ""city"": """", ""state"": """", ""zip"": """"}'}",,,,,,,,,,,nyc_opendata_311,2025-11-12 02:39:01.699840
66780184,2025-11-10T01:11:40.000,NYPD,New York City Police Department,Noise - Residential,Banging/Pounding,Residential Building/House,11223,49 NIXON COURT,NIXON COURT,WEST STREET,OCEAN PARKWAY,WEST STREET,OCEAN PARKWAY,ADDRESS,BROOKLYN,NIXON COURT,In Progress,13 BROOKLYN,3072380082,BROOKLYN,993124,152407,ONLINE,Unspecified,BROOKLYN,40.58499367635253,-73.9680514571684,"{'latitude': '40.58499367635253', 'longitude': '-73.9680514571684', 'human_address': '{""address"": """", ""city"": """", ""state"": """", ""zip"": """"}'}",,,,,,,,,,,nyc_opendata_311,2025-11-12 02:39:01.699840
66777212,2025-11-10T01:11:24.000,NYPD,New York City Police Department,Noise - Street/Sidewalk,Loud Talking,Street/Sidewalk,11211,244 GRAND STREET,GRAND STREET,DRIGGS AVENUE,ROEBLING STREET,DRIGGS AVENUE,ROEBLING STREET,ADDRESS,BROOKLYN,GRAND STREET,In Progress,01 BROOKLYN,3023940014,BROOKLYN,995609,199252,MOBILE,Unspecified,BROOKLYN,40.71357016451062,-73.95902596986745,"{'latitude': '40.71357016451062', 'longitude': '-73.95902596986745', 'human_address': '{""address"": """", ""city"": """", ""state"": """", ""zip"": """"}'}",,,,,,,,,,,nyc_opendata_311,2025-11-12 02:39:01.699840
66778341,2025-11-10T01:10:45.000,NYPD,New York City Police Department,Illegal Parking,Blocked Crosswalk,Street/Sidewalk,10463,FORT INDEPENDENCE STREET,FORT INDEPENDENCE STREET,BAILEY PLACE,FORT INDEPENDENCE STREET,BAILEY PLACE,FORT INDEPENDENCE STREET,INTERSECTION,,,In Progress,08 BRONX,,BRONX,1012154,260375,MOBILE,Unspecified,BRONX,40.88129929579129,-73.89909112086623,"{'latitude': '40.88129929579129', 'longitude': '-73.89909112086623', 'human_address': '{""address"": """", ""city"": """", ""state"": """", ""zip"": """"}'}",,,,,,,,,,,nyc_opendata_311,2025-11-12 02:39:01.699840
66773350,2025-11-10T01:09:45.000,NYPD,New York City Police Department,Noise - Residential,Loud Talking,Residential Building/House,11436,145-44 130 AVENUE,130 AVENUE,INWOOD STREET,146 STREET,INWOOD STREET,146 STREET,ADDRESS,JAMAICA,130 AVENUE,In Progress,12 QUEENS,4120820063,QUEENS,1041661,183590,MOBILE,Unspecified,QUEENS,40.67040273303542,-73.79304167034113,"{'latitude': '40.67040273303542', 'longitude': '-73.79304167034113', 'human_address': '{""address"": """", ""city"": """", ""state"": """", ""zip"": """"}'}",,,,,,,,,,,nyc_opendata_311,2025-11-12 02:39:01.699840
66780170,2025-11-10T01:09:43.000,NYPD,New York City Police Department,Illegal Parking,Posted Parking Sign Violation,Street/Sidewalk,10463,3030 HEATH AVENUE,HEATH AVENUE,ALBANY CRESCENT,SUMMIT PLACE,ALBANY CRESCENT,SUMMIT PLACE,ADDRESS,BRONX,HEATH AVENUE,In Progress,08 BRONX,2032570001,BRONX,1011233,258738,MOBILE,Unspecified,BRONX,40.876809105151196,-73.90242831254987,"{'latitude': '40.876809105151196', 'longitude': '-73.90242831254987', 'human_address': '{""address"": """", ""city"": """", ""state"": """", ""zip"": """"}'}",,,,,,,,,,,nyc_opendata_311,2025-11-12 02:39:01.699840
66777184,2025-11-10T01:09:11.000,NYPD,New York City Police Department,Illegal Parking,Posted Parking Sign Violation,Street/Sidewalk,11205,431 DEKALB AVENUE,DEKALB AVENUE,CLASSON AVENUE,TAAFFE PLACE,CLASSON AVENUE,TAAFFE PLACE,ADDRESS,BROOKLYN,DEKALB AVENUE,In Progress,03 BROOKLYN,3019240061,BROOKLYN,995283,190797,ONLINE,Unspecified,BROOKLYN,40.690363586163286,-73.9602157641559,"{'latitude': '40.690363586163286', 'longitude': '-73.9602157641559', 'human_address': '{""address"": """", ""city"": """", ""state"": """", ""zip"": """"}'}",,,,,,,,,,,nyc_opendata_311,2025-11-12 02:39:01.699840
66778095,2025-11-10T01:09:05.000,NYPD,New York City Police Department,Blocked Driveway,No Access,Street/Sidewalk,11236,1329 EAST   98 STREET,EAST   98 STREET,AVENUE K,AVENUE L,AVENUE K,AVENUE L,ADDRESS,BROOKLYN,EAST   98 STREET,In Progress,18 BROOKLYN,3082440016,BROOKLYN,1013345,172496,MOBILE,Unspecified,BROOKLYN,40.6400904937608,-73.89516446152707,"{'latitude': '40.6400904937608', 'longitude': '-73.89516446152707', 'human_address': '{""address"": """", ""city"": """", ""state"": """", ""zip"": """"}'}",,,,,,,,,,,nyc_opendata_311,2025-11-12 02:39:01.699840
66779702,2025-11-10T01:09:01.000,NYPD,New York City Police Department,Noise - Residential,Banging/Pounding,Residential Building/House,10009,734 EAST    5 STREET,EAST    5 STREET,AVENUE C,AVENUE D,AVENUE C,AVENUE D,ADDRESS,NEW YORK,EAST    5 STREET,Closed,03 MANHATTAN,1003740025,MANHATTAN,990260,202426,ONLINE,Unspecified,MANHATTAN,40.722287282590315,-73.97831797479238,"{'latitude': '40.722287282590315', 'longitude': '-73.97831797479238', 'human_address': '{""address"": """", ""city"": """", ""state"": """", ""zip"": """"}'}",,2025-11-10T01:36:20.000,The Police Department responded to the complaint and with the information available observed no evidence of the violation at that time.,2025-11-10T01:36:25.000,,,,,,,nyc_opendata_311,2025-11-12 02:39:01.699840
66774306,2025-11-10T01:08:23.000,NYPD,New York City Police Department,Noise - Residential,Loud Music/Party,Residential Building/House,11385,90-16 UNION TURNPIKE,UNION TURNPIKE,MARGARET PLACE,LIRR MONTAUK LINE,MARGARET PLACE,LIRR MONTAUK LINE,ADDRESS,RIDGEWOOD,UNION TURNPIKE,In Progress,06 QUEENS,4038800067,QUEENS,1024014,196588,ONLINE,Unspecified,QUEENS,40.70617606007303,-73.85657969176388,"{'latitude': '40.70617606007303', 'longitude': '-73.85657969176388', 'human_address': '{""address"": """", ""city"": """", ""state"": """", ""zip"": """"}'}",,,,,,,,,,,nyc_opendata_311,2025-11-12 02:39:01.699840
66777263,2025-11-10T01:07:50.000,DHS,Department of Homeless Services,Homeless Person Assistance,Non-Chronic,Residential Building/House,10024,WEST 80 STREET,WEST 80 STREET,COLUMBUS AVENUE,AMSTERDAM AVENUE,COLUMBUS AVENUE,AMSTERDAM AVENUE,BLOCKFACE,,,Assigned,Unspecified MANHATTAN,,MANHATTAN,990784,224629,PHONE,Unspecified,MANHATTAN,40.78322851455114,-73.97640598714986,"{'latitude': '40.78322851455114', 'longitude': '-73.97640598714986', 'human_address': '{""address"": """", ""city"": """", ""state"": """", ""zip"": """"}'}",,,The Department of Homeless Services has sent a mobile outreach response team to the location.,2025-11-10T01:10:38.000,,,,,,,nyc_opendata_311,2025-11-12 02:39:01.699840
66772717,2025-11-10T01:07:28.000,NYPD,New York City Police Department,Noise - Vehicle,Car/Truck Horn,Street/Sidewalk,11220,620 55 STREET,55 STREET,6 AVENUE,7 AVENUE,6 AVENUE,7 AVENUE,ADDRESS,BROOKLYN,55 STREET,Closed,07 BROOKLYN,3008330014,BROOKLYN,981334,172683,PHONE,Unspecified,BROOKLYN,40.64065107627654,-74.01050706053111,"{'latitude': '40.64065107627654', 'longitude': '-74.01050706053111', 'human_address': '{""address"": """", ""city"": """", ""state"": """", ""zip"": """"}'}",Other,2025-11-10T01:49:42.000,The Police Department responded to the complaint and with the information available observed no evidence of the violation at that time.,2025-11-10T01:49:47.000,,,,,,,nyc_opendata_311,2025-11-12 02:39:01.699840
66778704,2025-11-10T01:06:25.000,NYPD,New York City Police Department,Noise - Residential,Banging/Pounding,Residential Building/House,10474,621 MANIDA STREET,MANIDA STREET,RANDALL AVENUE,SPOFFORD AVENUE,RANDALL AVENUE,SPOFFORD AVENUE,ADDRESS,BRONX,MANIDA STREET,Closed,02 BRONX,2027650226,BRONX,1015279,235344,ONLINE,Unspecified,BRONX,40.81258619692701,-73.887906068052,"{'latitude': '40.81258619692701', 'longitude': '-73.887906068052', 'human_address': '{""address"": """", ""city"": """", ""state"": """", ""zip"": """"}'}",,2025-11-10T01:41:58.000,The Police Department responded to the complaint but officers were unable to gain entry into the premises.,2025-11-10T01:42:06.000,,,,,,,nyc_opendata_311,2025-11-12 02:39:01.699840
66774989,2025-11-10T01:05:13.000,NYPD,New York City Police Department,Noise - Street/Sidewalk,Loud Talking,Street/Sidewalk,10012,245 ELIZABETH STREET,ELIZABETH STREET,PRINCE STREET,EAST HOUSTON STREET,PRINCE STREET,EAST HOUSTON STREET,ADDRESS,NEW YORK,ELIZABETH STREET,Closed,02 MANHATTAN,1005080039,MANHATTAN,985942,202824,PHONE,Unspecified,MANHATTAN,40.723381576028636,-73.99389574231473,"{'latitude': '40.723381576028636', 'longitude': '-73.99389574231473', 'human_address': '{""address"": """", ""city"": """", ""state"": """", ""zip"": """"}'}",,2025-11-10T01:16:58.000,The Police Department responded to the complaint and took action to fix the condition.,2025-11-10T01:17:04.000,,,,,,,nyc_opendata_311,2025-11-12 02:39:01.699840
66774294,2025-11-10T01:05:10.000,NYPD,New York City Police Department,Noise - Residential,Banging/Pounding,Residential Building/House,11691,14-15 MOTT AVENUE,MOTT AVENUE,CAFFREY AVENUE,GATEWAY BOULEVARD,CAFFREY AVENUE,GATEWAY BOULEVARD,ADDRESS,FAR ROCKAWAY,MOTT AVENUE,In Progress,14 QUEENS,4155740048,QUEENS,1054244,158445,PHONE,Unspecified,QUEENS,40.601294807830634,-73.74794283176844,"{'latitude': '40.601294807830634', 'longitude': '-73.74794283176844', 'human_address': '{""address"": """", ""city"": """", ""state"": """", ""zip"": """"}'}",,,,,,,,,,,nyc_opendata_311,2025-11-12 02:39:01.699840
66774236,2025-11-10T01:05:01.000,TLC,Taxi and Limousine Commission,Taxi Complaint,Driver Complaint - Passenger,Street,11430,JOHN F KENNEDY AIRPORT,JOHN F KENNEDY AIRPORT,BEND,AIRTRAIN-HOWARD BCH/JAMAICA LINE,BEND,AIRTRAIN-HOWARD BCH/JAMAICA LINE,PLACE,JAMAICA,JOHN F KENNEDY AIRPORT,In Progress,83 QUEENS,4142600001,QUEENS,1043001,175548,PHONE,Unspecified,QUEENS,40.64832048620134,-73.78828125130184,"{'latitude': '40.64832048620134', 'longitude': '-73.78828125130184', 'human_address': '{""address"": """", ""city"": """", ""state"": """", ""zip"": """"}'}",,,,,,,"JOHN F KENNEDY AIRPORT, QUEENS (JAMAICA) ,NY, 11430",,,,nyc_opendata_311,2025-11-12 02:39:01.699840
66780252,2025-11-10T01:03:44.000,DHS,Department of Homeless Services,Homeless Person Assistance,Non-Chronic,Street/Sidewalk,11220,5598 2 AVENUE,2 AVENUE,55 STREET,56 STREET,55 STREET,56 STREET,ADDRESS,BROOKLYN,2 AVENUE,Assigned,07 BROOKLYN,,BROOKLYN,978606,174567,MOBILE,Unspecified,BROOKLYN,40.64582093277096,-74.02033828700998,"{'latitude': '40.64582093277096', 'longitude': '-74.02033828700998', 'human_address': '{""address"": """", ""city"": """", ""state"": """", ""zip"": """"}'}",,,The Department of Homeless Services has sent a mobile outreach response team to the location.,2025-11-10T01:11:25.000,,,,,,,nyc_opendata_311,2025-11-12 02:39:01.699840
66779094,2025-11-10T01:03:27.000,NYPD,New York City Police Department,Animal-Abuse,No Shelter,Residential Building,11385,1816 HIMROD STREET,HIMROD STREET,SENECA AVENUE,ONDERDONK AVENUE,SENECA AVENUE,ONDERDONK AVENUE,ADDRESS,RIDGEWOOD,HIMROD STREET,In Progress,05 QUEENS,4034300021,QUEENS,1008297,196740,PHONE,Unspecified,QUEENS,40.70664993625108,-73.91326698290776,"{'latitude': '40.70664993625108', 'longitude': '-73.91326698290776', 'human_address': '{""address"": """", ""city"": """", ""state"": """", ""zip"": """"}'}",,,,,,,,,,,nyc_opendata_311,2025-11-12 02:39:01.699840
66773313,2025-11-10T01:03:16.000,NYPD,New York City Police Department,Illegal Parking,Blocked Sidewalk,Street/Sidewalk,11233,117 SARATOGA AVENUE,SARATOGA AVENUE,DECATUR STREET,BAINBRIDGE STREET,DECATUR STREET,BAINBRIDGE STREET,ADDRESS,BROOKLYN,SARATOGA AVENUE,In Progress,16 BROOKLYN,3015060072,BROOKLYN,1007230,188029,MOBILE,Unspecified,BROOKLYN,40.68274310691006,-73.91714516731237,"{'latitude': '40.68274310691006', 'longitude': '-73.91714516731237', 'human_address': '{""address"": """", ""city"": """", ""state"": """", ""zip"": """"}'}",,,,,,,,,,,nyc_opendata_311,2025-11-12 02:39:01.699840
66775256,2025-11-10T01:03:00.000,NYPD,New York City Police Department,Noise - Residential,Banging/Pounding,Residential Building/House,10451,635 MORRIS AVENUE,MORRIS AVENUE,EAST  151 STREET,EAST  153 STREET,EAST  151 STREET,EAST  153 STREET,ADDRESS,BRONX,MORRIS AVENUE,In Progress,01 BRONX,2024410001,BRONX,1005851,237735,ONLINE,Unspecified,BRONX,40.819176902747174,-73.92195750789203,"{'latitude': '40.819176902747174', 'longitude': '-73.92195750789203', 'human_address': '{""address"": """", ""city"": """", ""state"": """", ""zip"": """"}'}",,,,,,,,,,,nyc_opendata_311,2025-11-12 02:39:01.699840
66778135,2025-11-10T01:02:55.000,NYPD,New York City Police Department,Illegal Parking,Blocked Hydrant,Street/Sidewalk,11230,855 EAST   19 STREET,EAST   19 STREET,AVENUE H,DEAD END,AVENUE H,DEAD END,ADDRESS,BROOKLYN,EAST   19 STREET,In Progress,14 BROOKLYN,3067030035,BROOKLYN,995795,168783,MOBILE,Unspecified,BROOKLYN,40.629939362412614,-73.95840721933905,"{'latitude': '40.629939362412614', 'longitude': '-73.95840721933905', 'human_address': '{""address"": """", ""city"": """", ""state"": """", ""zip"": """"}'}",,,,,,,,,,,nyc_opendata_311,2025-11-12 02:39:01.699840
66780253,2025-11-10T01:02:21.000,DHS,Department of Homeless Services,Homeless Person Assistance,Non-Chronic,Street/Sidewalk,10013,125 WORTH STREET,WORTH STREET,LAFAYETTE STREET,CENTRE STREET,LAFAYETTE STREET,CENTRE STREET,ADDRESS,NEW YORK,WORTH STREET,Assigned,01 MANHATTAN,1001680032,MANHATTAN,983509,199926,MOBILE,Unspecified,MANHATTAN,40.71542739425466,-74.00267299949302,"{'latitude': '40.71542739425466', 'longitude': '-74.00267299949302', 'human_address': '{""address"": """", ""city"": """", ""state"": """", ""zip"": """"}'}",,,The Department of Homeless Services has sent a mobile outreach response team to the location.,2025-11-10T01:10:13.000,,,,,,,nyc_opendata_311,2025-11-12 02:39:01.699840
66780154,2025-11-10T01:02:03.000,NYPD,New York City Police Department,Illegal Parking,Blocked Hydrant,Street/Sidewalk,10034,535 WEST  217 STREET,WEST  217 STREET,PARK TERRACE EAST,PARK TERRACE WEST,PARK TERRACE EAST,PARK TERRACE WEST,ADDRESS,NEW YORK,WEST  217 STREET,In Progress,12 MANHATTAN,1022430301,MANHATTAN,1007416,256714,MOBILE,Unspecified,MANHATTAN,40.87126469429701,-73.91623773790946,"{'latitude': '40.87126469429701', 'longitude': '-73.91623773790946', 'human_address': '{""address"": """", ""city"": """", ""state"": """", ""zip"": """"}'}",,,,,,,,,,,nyc_opendata_311,2025-11-12 02:39:01.699840
66775183,2025-11-10T01:01:51.000,NYPD,New York City Police Department,Blocked Driveway,No Access,Street/Sidewalk,10469,2527 RADCLIFF AVENUE,RADCLIFF AVENUE,MACE AVENUE,ALLERTON AVENUE,MACE AVENUE,ALLERTON AVENUE,ADDRESS,BRONX,RADCLIFF AVENUE,In Progress,11 BRONX,2044450060,BRONX,1022802,253970,MOBILE,Unspecified,BRONX,40.863679468088776,-73.86062180449782,"{'latitude': '40.863679468088776', 'longitude': '-73.86062180449782', 'human_address': '{""address"": """", ""city"": """", ""state"": """", ""zip"": """"}'}",,,,,,,,,,,nyc_opendata_311,2025-11-12 02:39:01.699840
66774301,2025-11-10T01:00:52.000,NYPD,New York City Police Department,Noise - Residential,Loud Music/Party,Residential Building/House,10029,1365 5 AVENUE,5 AVENUE,EAST  112 STREET,EAST  115 STREET,EAST  112 STREET,EAST  115 STREET,ADDRESS,NEW YORK,5 AVENUE,In Progress,11 MANHATTAN,1016180001,MANHATTAN,998703,230311,ONLINE,Unspecified,MANHATTAN,40.79881467021513,-73.94779857268328,"{'latitude': '40.79881467021513', 'longitude': '-73.94779857268328', 'human_address': '{""address"": """", ""city"": """", ""state"": """", ""zip"": """"}'}",,,,,,,,,,,nyc_opendata_311,2025-11-12 02:39:01.699840
66775189,2025-11-10T01:00:39.000,NYPD,New York City Police Department,Blocked Driveway,No Access,Street/Sidewalk,11208,1021 ELTON STREET,ELTON STREET,COZINE AVENUE,FLATLANDS AVENUE,COZINE AVENUE,FLATLANDS AVENUE,ADDRESS,BROOKLYN,ELTON STREET,In Progress,05 BROOKLYN,3044270001,BROOKLYN,1018791,179215,PHONE,Unspecified,BROOKLYN,40.65851310875436,-73.87550697014794,"{'latitude': '40.65851310875436', 'longitude': '-73.87550697014794', 'human_address': '{""address"": """", ""city"": """", ""state"": """", ""zip"": """"}'}",,,,,,,,,,,nyc_opendata_311,2025-11-12 02:39:01.699840
66779099,2025-11-10T01:00:34.000,NYPD,New York City Police Department,Blocked Driveway,No Access,Street/Sidewalk,11239,175 ARDSLEY LOOP,ARDSLEY LOOP,BEND,BEND,BEND,BEND,ADDRESS,BROOKLYN,ARDSLEY LOOP,In Progress,05 BROOKLYN,3044350001,BROOKLYN,1016510,176984,MOBILE,Unspecified,BROOKLYN,40.652398111425946,-73.88373883616423,"{'latitude': '40.652398111425946', 'longitude': '-73.88373883616423', 'human_address': '{""address"": """", ""city"": """", ""state"": """", ""zip"": """"}'}",,,,,,,,,,,nyc_opendata_311,2025-11-12 02:39:01.699840
66774938,2025-11-10T01:00:32.000,NYPD,New York City Police Department,Noise - Residential,Loud Talking,Residential Building/House,11691,2918 MARTIN COURT,MARTIN COURT,BEND,BEND,BEND,BEND,ADDRESS,FAR ROCKAWAY,MARTIN COURT,Closed,14 QUEENS,4157380104,QUEENS,1049073,159051,ONLINE,Unspecified,QUEENS,40.60299748085235,-73.76655834366564,"{'latitude': '40.60299748085235', 'longitude': '-73.76655834366564', 'human_address': '{""address"": """", ""city"": """", ""state"": """", ""zip"": """"}'}",,2025-11-10T01:18:30.000,The Police Department responded to the complaint but officers were unable to gain entry into the premises.,2025-11-10T01:18:39.000,,,,,,,nyc_opendata_311,2025-11-12 02:39:01.699840
66775251,2025-11-10T01:00:27.000,NYPD,New York City Police Department,Noise - Commercial,Loud Music/Party,Club/Bar/Restaurant,11385,341 ST NICHOLAS AVENUE,ST NICHOLAS AVENUE,PALMETTO STREET,WOODBINE STREET,PALMETTO STREET,WOODBINE STREET,ADDRESS,RIDGEWOOD,ST NICHOLAS AVENUE,In Progress,05 QUEENS,4034490006,QUEENS,1009255,194517,ONLINE,Unspecified,QUEENS,40.700545671364274,-73.90981991340574,"{'latitude': '40.700545671364274', 'longitude': '-73.90981991340574', 'human_address': '{""address"": """", ""city"": """", ""state"": """", ""zip"": """"}'}",,,,,,,,,,,nyc_opendata_311,2025-11-12 02:39:01.699840
66779185,2025-11-10T00:59:29.000,NYPD,New York City Police Department,Noise - Commercial,Loud Music/Party,Store/Commercial,10002,317 EAST HOUSTON STREET,EAST HOUSTON STREET,AVENUE B,ATTORNEY STREET,AVENUE B,ATTORNEY STREET,ADDRESS,NEW YORK,EAST HOUSTON STREET,In Progress,03 MANHATTAN,1003500062,MANHATTAN,988926,202049,MOBILE,Unspecified,MANHATTAN,40.72125331438082,-73.98313085248822,"{'latitude': '40.72125331438082', 'longitude': '-73.98313085248822', 'human_address': '{""address"": """", ""city"": """", ""state"": """", ""zip"": """"}'}",,,,,,,,,,,nyc_opendata_311,2025-11-12 02:39:01.699840
66780189,2025-11-10T00:59:28.000,NYPD,New York City Police Department,Noise - Residential,Banging/Pounding,Residential Building/House,11417,95-16 150 ROAD,150 ROAD,95 STREET,CENTREVILLE STREET,95 STREET,CENTREVILLE STREET,ADDRESS,OZONE PARK,150 ROAD,In Progress,10 QUEENS,4115470049,QUEENS,1028616,183123,PHONE,Unspecified,QUEENS,40.66919590840294,-73.84006995735572,"{'latitude': '40.66919590840294', 'longitude': '-73.84006995735572', 'human_address': '{""address"": """", ""city"": """", ""state"": """", ""zip"": """"}'}",,,,,,,,,,,nyc_opendata_311,2025-11-12 02:39:01.699840
66778868,2025-11-10T00:59:17.000,NYPD,New York City Police Department,Noise - Street/Sidewalk,Loud Talking,Street/Sidewalk,11220,620 55 STREET,55 STREET,6 AVENUE,7 AVENUE,6 AVENUE,7 AVENUE,ADDRESS,BROOKLYN,55 STREET,Closed,07 BROOKLYN,3008330014,BROOKLYN,981334,172683,PHONE,Unspecified,BROOKLYN,40.64065107627654,-74.01050706053111,"{'latitude': '40.64065107627654', 'longitude': '-74.01050706053111', 'human_address': '{""address"": """", ""city"": """", ""state"": """", ""zip"": """"}'}",,2025-11-10T01:50:10.000,The Police Department responded to the complaint and with the information available observed no evidence of the violation at that time.,2025-11-10T01:50:16.000,,,,,,,nyc_opendata_311,2025-11-12 02:39:01.699840
66777125,2025-11-10T00:58:40.000,NYPD,New York City Police Department,Blocked Driveway,No Access,Street/Sidewalk,10461,1714 HONE AVENUE,HONE AVENUE,VAN NEST AVENUE,MORRIS PARK AVENUE,VAN NEST AVENUE,MORRIS PARK AVENUE,ADDRESS,BRONX,HONE AVENUE,In Progress,11 BRONX,2041040032,BRONX,1024675,248203,PHONE,Unspecified,BRONX,40.84784241901637,-73.85388508176776,"{'latitude': '40.84784241901637', 'longitude': '-73.85388508176776', 'human_address': '{""address"": """", ""city"": """", ""state"": """", ""zip"": """"}'}",,,,,,,,,,,nyc_opendata_311,2025-11-12 02:39:01.699840
66774874,2025-11-10T00:57:49.000,NYPD,New York City Police Department,Noise - Residential,Banging/Pounding,Residential Building/House,10001,426 WEST   27 STREET,WEST   27 STREET,9 AVENUE,10 AVENUE,9 AVENUE,10 AVENUE,ADDRESS,NEW YORK,WEST   27 STREET,Closed,04 MANHATTAN,1007240015,MANHATTAN,983985,212397,PHONE,Unspecified,MANHATTAN,40.74965725327792,-74.00095642217364,"{'latitude': '40.74965725327792', 'longitude': '-74.00095642217364', 'human_address': '{""address"": """", ""city"": """", ""state"": """", ""zip"": """"}'}",,2025-11-10T01:38:28.000,The Police Department responded to the complaint and with the information available observed no evidence of the violation at that time.,2025-11-10T01:38:32.000,,,,,,,nyc_opendata_311,2025-11-12 02:39:01.699840
66775255,2025-11-10T00:57:40.000,NYPD,New York City Police Department,Noise - Residential,Banging/Pounding,Residential Building/House,10030,2714 8 AVENUE,8 AVENUE,WEST  144 STREET,WEST  145 STREET,WEST  144 STREET,WEST  145 STREET,ADDRESS,NEW YORK,8 AVENUE,In Progress,10 MANHATTAN,1020300002,MANHATTAN,1000240,238907,PHONE,Unspecified,MANHATTAN,40.822405649949346,-73.94222675233773,"{'latitude': '40.822405649949346', 'longitude': '-73.94222675233773', 'human_address': '{""address"": """", ""city"": """", ""state"": """", ""zip"": """"}'}",,,,,,,,,,,nyc_opendata_311,2025-11-12 02:39:01.699840
66776738,2025-11-10T00:56:56.000,NYPD,New York City Police Department,Noise - Residential,Banging/Pounding,Residential Building/House,11207,830 ASHFORD STREET,ASHFORD STREET,LINDEN BOULEVARD,STANLEY AVENUE,LINDEN BOULEVARD,STANLEY AVENUE,ADDRESS,BROOKLYN,ASHFORD STREET,Closed,05 BROOKLYN,3043550001,BROOKLYN,1017465,180474,ONLINE,Unspecified,BROOKLYN,40.661973856405325,-73.88027994528854,"{'latitude': '40.661973856405325', 'longitude': '-73.88027994528854', 'human_address': '{""address"": """", ""city"": """", ""state"": """", ""zip"": """"}'}",,2025-11-10T01:28:15.000,The Police Department responded to the complaint and with the information available observed no evidence of the violation at that time.,2025-11-10T01:28:21.000,,,,,,,nyc_opendata_311,2025-11-12 02:39:01.699840
66779205,2025-11-10T00:56:54.000,NYPD,New York City Police Department,Noise - Vehicle,Engine Idling,Street/Sidewalk,10024,BROADWAY,BROADWAY,WEST   84 STREET,WEST   85 STREET,WEST   84 STREET,WEST   85 STREET,BLOCKFACE,,,In Progress,Unspecified MANHATTAN,,MANHATTAN,,,PHONE,Unspecified,MANHATTAN,,,,Truck,,,,,,,,,,nyc_opendata_311,2025-11-12 02:39:01.699840
66773340,2025-11-10T00:56:01.000,NYPD,New York City Police Department,Noise - Residential,Banging/Pounding,Residential Building/House,10454,626 EAST  140 STREET,EAST  140 STREET,ST ANNS AVENUE,CYPRESS AVENUE,ST ANNS AVENUE,CYPRESS AVENUE,ADDRESS,BRONX,EAST  140 STREET,In Progress,01 BRONX,2025520027,BRONX,1007834,233438,PHONE,Unspecified,BRONX,40.80737777014281,-73.91480820792404,"{'latitude': '40.80737777014281', 'longitude': '-73.91480820792404', 'human_address': '{""address"": """", ""city"": """", ""state"": """", ""zip"": """"}'}",,,,,,,,,,,nyc_opendata_311,2025-11-12 02:39:01.699840
66774868,2025-11-10T00:55:30.000,NYPD,New York City Police Department,Noise - Residential,Banging/Pounding,Residential Building/House,11201,190 YORK STREET,YORK STREET,BRIDGE STREET,GOLD STREET,BRIDGE STREET,GOLD STREET,ADDRESS,BROOKLYN,YORK STREET,Closed,02 BROOKLYN,3000680001,BROOKLYN,988838,194807,MOBILE,Unspecified,BROOKLYN,40.70137579240106,-73.98345325660519,"{'latitude': '40.70137579240106', 'longitude': '-73.98345325660519', 'human_address': '{""address"": """", ""city"": """", ""state"": """", ""zip"": """"}'}",,2025-11-10T01:33:13.000,The Police Department responded to the complaint and with the information available observed no evidence of the violation at that time.,2025-11-10T01:33:20.000,,,,,,,nyc_opendata_311,2025-11-12 02:39:01.699840
66776748,2025-11-10T00:55:26.000,NYPD,New York City Police Department,Noise - Residential,Banging/Pounding,Residential Building/House,10314,791 MANOR ROAD,MANOR ROAD,SCHMIDTS LANE,WESTWOOD AVENUE,SCHMIDTS LANE,WESTWOOD AVENUE,ADDRESS,STATEN ISLAND,MANOR ROAD,Closed,02 STATEN ISLAND,5007060001,STATEN ISLAND,950647,160605,MOBILE,Unspecified,STATEN ISLAND,40.607436262804384,-74.12101961864539,"{'latitude': '40.607436262804384', 'longitude': '-74.12101961864539', 'human_address': '{""address"": """", ""city"": """", ""state"": """", ""zip"": """"}'}",,2025-11-10T01:47:03.000,The Police Department responded to the complaint and determined that police action was not necessary.,2025-11-10T01:47:11.000,,,,,,,nyc_opendata_311,2025-11-12 02:39:01.699840
66778203,2025-11-10T00:55:10.000,NYPD,New York City Police Department,Drug Activity,Use Indoor,Hallway,10034,30 PARK TERRACE EAST,PARK TERRACE EAST,DEAD END,WEST  215 STREET,DEAD END,WEST  215 STREET,ADDRESS,NEW YORK,PARK TERRACE EAST,In Progress,12 MANHATTAN,1022430335,MANHATTAN,1007121,256241,ONLINE,Unspecified,MANHATTAN,40.86996722386988,-73.9173059954588,"{'latitude': '40.86996722386988', 'longitude': '-73.9173059954588', 'human_address': '{""address"": """", ""city"": """", ""state"": """", ""zip"": """"}'}",,,,,,,,,,,nyc_opendata_311,2025-11-12 02:39:01.699840
66775239,2025-11-10T00:54:16.000,NYPD,New York City Police Department,Illegal Parking,Commercial Overnight Parking,Street/Sidewalk,10469,2561 HONE AVENUE,HONE AVENUE,MACE AVENUE,ALLERTON AVENUE,MACE AVENUE,ALLERTON AVENUE,ADDRESS,BRONX,HONE AVENUE,In Progress,11 BRONX,2044500046,BRONX,1023589,254252,MOBILE,Unspecified,BRONX,40.86444999968263,-73.85777488955176,"{'latitude': '40.86444999968263', 'longitude': '-73.85777488955176', 'human_address': '{""address"": """", ""city"": """", ""state"": """", ""zip"": """"}'}",,,,,,,,,,,nyc_opendata_311,2025-11-12 02:39:01.699840
66774558,2025-11-10T00:53:39.000,NYPD,New York City Police Department,Illegal Parking,Blocked Hydrant,Street/Sidewalk,10457,1450 MORRIS AVENUE,MORRIS AVENUE,EAST  171 STREET,EAST  172 STREET,EAST  171 STREET,EAST  172 STREET,ADDRESS,BRONX,MORRIS AVENUE,Closed,04 BRONX,2027870001,BRONX,1008981,245015,ONLINE,Unspecified,BRONX,40.839150200945056,-73.9106222669822,"{'latitude': '40.839150200945056', 'longitude': '-73.9106222669822', 'human_address': '{""address"": """", ""city"": """", ""state"": """", ""zip"": """"}'}",,2025-11-10T01:42:22.000,The Police Department responded to the complaint and with the information available observed no evidence of the violation at that time.,2025-11-10T01:42:27.000,,,,,,,nyc_opendata_311,2025-11-12 02:39:01.699840
66775252,2025-11-10T00:53:06.000,NYPD,New York City Police Department,Noise - Commercial,Loud Music/Party,Club/Bar/Restaurant,11434,126-19 MERRICK BOULEVARD,MERRICK BOULEVARD,126 AVENUE,127 AVENUE,126 AVENUE,127 AVENUE,ADDRESS,JAMAICA,MERRICK BOULEVARD,In Progress,12 QUEENS,4124860001,QUEENS,1049134,187787,PHONE,Unspecified,QUEENS,40.68187089534303,-73.7660623046722,"{'latitude': '40.68187089534303', 'longitude': '-73.7660623046722', 'human_address': '{""address"": """", ""city"": """", ""state"": """", ""zip"": """"}'}",,,,,,,,,,,nyc_opendata_311,2025-11-12 02:39:01.699840
66777156,2025-11-10T00:52:30.000,NYPD,New York City Police Department,Drinking,In Public,Street/Sidewalk,11432,150-40 84 AVENUE,84 AVENUE,150 STREET,152 STREET,150 STREET,152 STREET,ADDRESS,JAMAICA,84 AVENUE,In Progress,08 QUEENS,4097500001,QUEENS,1036967,199299,PHONE,Unspecified,QUEENS,40.71354940406169,-73.80983987221545,"{'latitude': '40.71354940406169', 'longitude': '-73.80983987221545', 'human_address': '{""address"": """", ""city"": """", ""state"": """", ""zip"": """"}'}",,,,,,,,,,,nyc_opendata_311,2025-11-12 02:39:01.699840
66777192,2025-11-10T00:52:13.000,NYPD,New York City Police Department,Noise - Residential,Banging/Pounding,Residential Building/House,10040,11 HILLSIDE AVENUE,HILLSIDE AVENUE,BROADWAY,BOGARDUS PLACE,BROADWAY,BOGARDUS PLACE,ADDRESS,NEW YORK,HILLSIDE AVENUE,In Progress,12 MANHATTAN,1021700105,MANHATTAN,1003426,252226,ONLINE,Unspecified,MANHATTAN,40.858956068940735,-73.93067738095593,"{'latitude': '40.858956068940735', 'longitude': '-73.93067738095593', 'human_address': '{""address"": """", ""city"": """", ""state"": """", ""zip"": """"}'}",,,,,,,,,,,nyc_opendata_311,2025-11-12 02:39:01.699840
66772847,2025-11-10T00:52:04.000,NYPD,New York City Police Department,Noise - Residential,Banging/Pounding,Residential Building/House,10467,3315 CRUGER AVENUE,CRUGER AVENUE,NORTH OAK DRIVE,BARTHOLDI STREET,NORTH OAK DRIVE,BARTHOLDI STREET,ADDRESS,BRONX,CRUGER AVENUE,Closed,12 BRONX,2046000019,BRONX,1021266,257600,ONLINE,Unspecified,BRONX,40.87364927387362,-73.86615488989199,"{'latitude': '40.87364927387362', 'longitude': '-73.86615488989199', 'human_address': '{""address"": """", ""city"": """", ""state"": """", ""zip"": """"}'}",,2025-11-10T01:42:51.000,The Police Department responded to the complaint but officers were unable to gain entry into the premises.,2025-11-10T01:42:56.000,,,,,,,nyc_opendata_311,2025-11-12 02:39:01.699840
66775776,2025-11-10T00:51:43.000,NYPD,New York City Police Department,Noise - Commercial,Loud Music/Party,Club/Bar/Restaurant,10030,2271 7 AVENUE,7 AVENUE,WEST  133 STREET,WEST  134 STREET,WEST  133 STREET,WEST  134 STREET,ADDRESS,NEW YORK,7 AVENUE,Closed,10 MANHATTAN,1019180061,MANHATTAN,999649,235980,ONLINE,Unspecified,MANHATTAN,40.814372909738026,-73.94436880195522,"{'latitude': '40.814372909738026', 'longitude': '-73.94436880195522', 'human_address': '{""address"": """", ""city"": """", ""state"": """", ""zip"": """"}'}",,2025-11-10T01:43:28.000,The Police Department responded to the complaint but officers were unable to gain entry into the premises.,2025-11-10T01:43:33.000,,,,,,,nyc_opendata_311,2025-11-12 02:39:01.699840
66780201,2025-11-10T00:51:34.000,NYPD,New York City Police Department,Noise - Street/Sidewalk,Loud Music/Party,Street/Sidewalk,11368,95-15 57 AVENUE,57 AVENUE,JUNCTION BOULEVARD,96 STREET,JUNCTION BOULEVARD,96 STREET,ADDRESS,CORONA,57 AVENUE,In Progress,04 QUEENS,4019030056,QUEENS,1021493,207710,ONLINE,Unspecified,QUEENS,40.736714198805146,-73.86561084618533,"{'latitude': '40.736714198805146', 'longitude': '-73.86561084618533', 'human_address': '{""address"": """", ""city"": """", ""state"": """", ""zip"": """"}'}",,,,,,,,,,,nyc_opendata_311,2025-11-12 02:39:01.699840
66779792,2025-11-10T00:51:32.000,NYPD,New York City Police Department,Noise - Residential,Loud Music/Party,Residential Building/House,10467,2206 HOLLAND AVENUE,HOLLAND AVENUE,PELHAM PARKWAY NORTH,ASTOR AVENUE,PELHAM PARKWAY NORTH,ASTOR AVENUE,ADDRESS,BRONX,HOLLAND AVENUE,Closed,11 BRONX,2043450005,BRONX,1021423,251975,ONLINE,Unspecified,BRONX,40.85820971492959,-73.86561840106879,"{'latitude': '40.85820971492959', 'longitude': '-73.86561840106879', 'human_address': '{""address"": """", ""city"": """", ""state"": """", ""zip"": """"}'}",,2025-11-10T01:14:12.000,The Police Department responded to the complaint and took action to fix the condition.,2025-11-10T01:14:19.000,,,,,,,nyc_opendata_311,2025-11-12 02:39:01.699840
66777169,2025-11-10T00:51:06.000,NYPD,New York City Police Department,Illegal Parking,Blocked Hydrant,Street/Sidewalk,11365,61-22 162 STREET,162 STREET,HORACE HARDING EXPRESSWAY,65 AVENUE,HORACE HARDING EXPRESSWAY,65 AVENUE,ADDRESS,FRESH MEADOWS,162 STREET,In Progress,08 QUEENS,4067570043,QUEENS,1037836,208204,ONLINE,Unspecified,QUEENS,40.737986184676444,-73.80663432866614,"{'latitude': '40.737986184676444', 'longitude': '-73.80663432866614', 'human_address': '{""address"": """", ""city"": """", ""state"": """", ""zip"": """"}'}",,,,,,,,,,,nyc_opendata_311,2025-11-12 02:39:01.699840
66773419,2025-11-10T00:50:54.000,DHS,Department of Homeless Services,Homeless Person Assistance,Non-Chronic,Street/Sidewalk,10451,851 GRAND CONCOURSE,GRAND CONCOURSE,EAST 158 STREET,EAST 159 STREET,EAST  158 STREET,EAST  159 STREET,ADDRESS,BRONX,GRAND CONCOURSE,Assigned,04 BRONX,2024680001,BRONX,1005532,240238,PHONE,Unspecified,BRONX,40.826047700758245,-73.92310208735978,"{'latitude': '40.826047700758245', 'longitude': '-73.92310208735978', 'human_address': '{""address"": """", ""city"": """", ""state"": """", ""zip"": """"}'}",,,The Department of Homeless Services has sent a mobile outreach response team to the location.,2025-11-10T00:54:11.000,,,,,,,nyc_opendata_311,2025-11-12 02:39:01.699840
66778128,2025-11-10T00:50:49.000,TLC,Taxi and Limousine Commission,For Hire Vehicle Complaint,Car Service Company Complaint,Street,11430,JOHN F KENNEDY AIRPORT,JOHN F KENNEDY AIRPORT,BEND,AIRTRAIN-HOWARD BCH/JAMAICA LINE,BEND,AIRTRAIN-HOWARD BCH/JAMAICA LINE,PLACE,JAMAICA,JOHN F KENNEDY AIRPORT,In Progress,83 QUEENS,4142600001,QUEENS,1043001,175548,ONLINE,Unspecified,QUEENS,40.64832048620134,-73.78828125130184,"{'latitude': '40.64832048620134', 'longitude': '-73.78828125130184', 'human_address': '{""address"": """", ""city"": """", ""state"": """", ""zip"": """"}'}",Car Service,,,,,,"JOHN F KENNEDY AIRPORT, QUEENS (JAMAICA) ,NY, 11430",,,,nyc_opendata_311,2025-11-12 02:39:01.699840
66780247,2025-11-10T00:50:48.000,DOHMH,Department of Health and Mental Hygiene,Indoor Air Quality,Sewage Odor,3+ Family Apt. Building,11239,1305 DELMAR LOOP,DELMAR LOOP,BEND,PENNSYLVANIA AVENUE,BEND,PENNSYLVANIA AVENUE,ADDRESS,BROOKLYN,DELMAR LOOP,In Progress,05 BROOKLYN,3044520085,BROOKLYN,1016752,175821,PHONE,Unspecified,BROOKLYN,40.649205047166504,-73.88287230254639,"{'latitude': '40.649205047166504', 'longitude': '-73.88287230254639', 'human_address': '{""address"": """", ""city"": """", ""state"": """", ""zip"": """"}'}",,,,,,,,,,,nyc_opendata_311,2025-11-12 02:39:01.699840
66776233,2025-11-10T00:50:34.000,NYPD,New York City Police Department,Illegal Parking,Commercial Overnight Parking,Street/Sidewalk,10312,HUGUENOT AVENUE,HUGUENOT AVENUE,HUGUENOT AVENUE,AVON GREEN,HUGUENOT AVENUE,AVON GREEN,INTERSECTION,,,In Progress,03 STATEN ISLAND,,STATEN ISLAND,928627,139287,PHONE,Unspecified,STATEN ISLAND,40.5488118461459,-74.20014796579427,"{'latitude': '40.5488118461459', 'longitude': '-74.20014796579427', 'human_address': '{""address"": """", ""city"": """", ""state"": """", ""zip"": """"}'}",,,,,,,,,,,nyc_opendata_311,2025-11-12 02:39:01.699840
66775268,2025-11-10T00:50:25.000,NYPD,New York City Police Department,Noise - Residential,Loud Talking,Residential Building/House,10034,235 SEAMAN AVENUE,SEAMAN AVENUE,WEST  214 STREET,WEST  215 STREET,WEST  214 STREET,WEST  215 STREET,ADDRESS,NEW YORK,SEAMAN AVENUE,In Progress,12 MANHATTAN,1022430358,MANHATTAN,1006730,256749,MOBILE,Unspecified,MANHATTAN,40.87136253230875,-73.91871801754282,"{'latitude': '40.87136253230875', 'longitude': '-73.91871801754282', 'human_address': '{""address"": """", ""city"": """", ""state"": """", ""zip"": """"}'}",,,,,,,,,,,nyc_opendata_311,2025-11-12 02:39:01.699840
66779798,2025-11-10T00:49:51.000,NYPD,New York City Police Department,Noise - Residential,Loud Music/Party,Residential Building/House,10038,85 SOUTH STREET,SOUTH STREET,FLETCHER STREET,JOHN STREET,FLETCHER STREET,JOHN STREET,ADDRESS,NEW YORK,SOUTH STREET,Closed,01 MANHATTAN,1000720027,MANHATTAN,983096,196352,MOBILE,Unspecified,MANHATTAN,40.70561756859655,-74.00416219633873,"{'latitude': '40.70561756859655', 'longitude': '-74.00416219633873', 'human_address': '{""address"": """", ""city"": """", ""state"": """", ""zip"": """"}'}",,2025-11-10T01:44:39.000,The Police Department responded to the complaint but officers were unable to gain entry into the premises.,2025-11-10T01:44:43.000,,,,,,,nyc_opendata_311,2025-11-12 02:39:01.699840
66779253,2025-11-10T00:49:40.000,DHS,Department of Homeless Services,Homeless Person Assistance,Non-Chronic,Street/Sidewalk,10013,60 LAFAYETTE STREET,LAFAYETTE STREET,LEONARD STREET,FRANKLIN STREET,LEONARD STREET,FRANKLIN STREET,ADDRESS,NEW YORK,LAFAYETTE STREET,Assigned,01 MANHATTAN,1001710031,MANHATTAN,983605,200302,PHONE,Unspecified,MANHATTAN,40.716459431762694,-74.0023267359905,"{'latitude': '40.716459431762694', 'longitude': '-74.0023267359905', 'human_address': '{""address"": """", ""city"": """", ""state"": """", ""zip"": """"}'}",,,The Department of Homeless Services has sent a mobile outreach response team to the location.,2025-11-10T00:52:07.000,,,,,,,nyc_opendata_311,2025-11-12 02:39:01.699840
66775809,2025-11-10T00:49:12.000,NYPD,New York City Police Department,Noise - Residential,Banging/Pounding,Residential Building/House,10029,50 EAST  102 STREET,EAST  102 STREET,MADISON AVENUE,PARK AVENUE,MADISON AVENUE,PARK AVENUE,ADDRESS,NEW YORK,EAST  102 STREET,Closed,11 MANHATTAN,1016050024,MANHATTAN,997725,227472,ONLINE,Unspecified,MANHATTAN,40.79102393091951,-73.9513366142888,"{'latitude': '40.79102393091951', 'longitude': '-73.9513366142888', 'human_address': '{""address"": """", ""city"": """", ""state"": """", ""zip"": """"}'}",,2025-11-10T00:53:05.000,The Police Department responded to the complaint and with the information available observed no evidence of the violation at that time.,2025-11-10T00:53:08.000,,,,,,,nyc_opendata_311,2025-11-12 02:39:01.699840
66776406,2025-11-10T00:49:11.000,DOHMH,Department of Health and Mental Hygiene,Food Establishment,Food Contaminated,Restaurant/Bar/Deli/Bakery,11214,2008 86 STREET,86 STREET,20 AVENUE,BAY   25 STREET,20 AVENUE,BAY   25 STREET,ADDRESS,BROOKLYN,86 STREET,In Progress,11 BROOKLYN,3063750033,BROOKLYN,984802,159495,ONLINE,Unspecified,BROOKLYN,40.6044532346572,-73.99801208750753,"{'latitude': '40.6044532346572', 'longitude': '-73.99801208750753', 'human_address': '{""address"": """", ""city"": """", ""state"": """", ""zip"": """"}'}",,,,,,,,,,,nyc_opendata_311,2025-11-12 02:39:01.699840
66777166,2025-11-10T00:48:52.000,NYPD,New York City Police Department,Illegal Parking,Blocked Hydrant,Street/Sidewalk,11208,163 CLEVELAND STREET,CLEVELAND STREET,RIDGEWOOD AVENUE,ARLINGTON AVENUE,RIDGEWOOD AVENUE,ARLINGTON AVENUE,ADDRESS,BROOKLYN,CLEVELAND STREET,In Progress,05 BROOKLYN,3039250004,BROOKLYN,1015875,187531,MOBILE,Unspecified,BROOKLYN,40.6813495457732,-73.88597782087102,"{'latitude': '40.6813495457732', 'longitude': '-73.88597782087102', 'human_address': '{""address"": """", ""city"": """", ""state"": """", ""zip"": """"}'}",,,,,,,,,,,nyc_opendata_311,2025-11-12 02:39:01.699840
66776307,2025-11-10T00:48:20.000,DHS,Department of Homeless Services,Homeless Person Assistance,Non-Chronic,Street/Sidewalk,10013,60 LAFAYETTE STREET,LAFAYETTE STREET,LEONARD STREET,FRANKLIN STREET,LEONARD STREET,FRANKLIN STREET,ADDRESS,NEW YORK,LAFAYETTE STREET,Assigned,01 MANHATTAN,1001710031,MANHATTAN,983605,200302,PHONE,Unspecified,MANHATTAN,40.716459431762694,-74.0023267359905,"{'latitude': '40.716459431762694', 'longitude': '-74.0023267359905', 'human_address': '{""address"": """", ""city"": """", ""state"": """", ""zip"": """"}'}",,,The Department of Homeless Services has sent a mobile outreach response team to the location.,2025-11-10T00:51:53.000,,,,,,,nyc_opendata_311,2025-11-12 02:39:01.699840
66778181,2025-11-10T00:47:29.000,NYPD,New York City Police Department,Noise - Street/Sidewalk,Loud Music/Party,Street/Sidewalk,10454,856 EAST  136 STREET,EAST  136 STREET,AMTRAK-HELLGATE LINE,WALNUT AVENUE,AMTRAK-HELLGATE LINE,WALNUT AVENUE,ADDRESS,BRONX,EAST  136 STREET,In Progress,01 BRONX,2025870030,BRONX,1009080,231475,MOBILE,Unspecified,BRONX,40.8019864641198,-73.91031458162557,"{'latitude': '40.8019864641198', 'longitude': '-73.91031458162557', 'human_address': '{""address"": """", ""city"": """", ""state"": """", ""zip"": """"}'}",,,,,,,,,,,nyc_opendata_311,2025-11-12 02:39:01.699840
66778098,2025-11-10T00:47:27.000,NYPD,New York City Police Department,Blocked Driveway,No Access,Street/Sidewalk,10456,996 TINTON AVENUE,TINTON AVENUE,EAST  163 STREET,EAST  165 STREET,EAST  163 STREET,EAST  165 STREET,ADDRESS,BRONX,TINTON AVENUE,In Progress,03 BRONX,2026690020,BRONX,1011209,239498,PHONE,Unspecified,BRONX,40.824001109387815,-73.90259246182093,"{'latitude': '40.824001109387815', 'longitude': '-73.90259246182093', 'human_address': '{""address"": """", ""city"": """", ""state"": """", ""zip"": """"}'}",,,,,,,,,,,nyc_opendata_311,2025-11-12 02:39:01.699840
66778730,2025-11-10T00:47:25.000,NYPD,New York City Police Department,Noise - Residential,Banging/Pounding,Residential Building/House,11226,181 LENOX ROAD,LENOX ROAD,BEDFORD AVENUE,ROGERS AVENUE,BEDFORD AVENUE,ROGERS AVENUE,ADDRESS,BROOKLYN,LENOX ROAD,Closed,17 BROOKLYN,3050650075,BROOKLYN,997081,177524,MOBILE,Unspecified,BROOKLYN,40.65392975846175,-73.95375756749715,"{'latitude': '40.65392975846175', 'longitude': '-73.95375756749715', 'human_address': '{""address"": """", ""city"": """", ""state"": """", ""zip"": """"}'}",,2025-11-10T01:24:08.000,The Police Department responded to the complaint but officers were unable to gain entry into the premises.,2025-11-10T01:24:15.000,,,,,,,nyc_opendata_311,2025-11-12 02:39:01.699840
66776781,2025-11-10T00:47:24.000,NYPD,New York City Police Department,Noise - Residential,Banging/Pounding,Residential Building/House,10030,2680 8 AVENUE,8 AVENUE,WEST  142 STREET,WEST  143 STREET,WEST  142 STREET,WEST  143 STREET,ADDRESS,NEW YORK,8 AVENUE,Closed,10 MANHATTAN,1020280001,MANHATTAN,999992,238457,MOBILE,Unspecified,MANHATTAN,40.82117097289946,-73.9431238531268,"{'latitude': '40.82117097289946', 'longitude': '-73.9431238531268', 'human_address': '{""address"": """", ""city"": """", ""state"": """", ""zip"": """"}'}",,2025-11-10T01:12:02.000,The Police Department responded to the complaint and took action to fix the condition.,2025-11-10T01:12:09.000,,,,,,,nyc_opendata_311,2025-11-12 02:39:01.699840
66775837,2025-11-10T00:47:23.000,NYPD,New York City Police Department,Noise - Residential,Banging/Pounding,Residential Building/House,10467,3574 DEKALB AVENUE,DEKALB AVENUE,EAST  212 STREET,EAST  213 STREET,EAST  212 STREET,EAST  213 STREET,ADDRESS,BRONX,DEKALB AVENUE,Closed,07 BRONX,2033290010,BRONX,1017747,261480,PHONE,Unspecified,BRONX,40.88431271705718,-73.87885972381333,"{'latitude': '40.88431271705718', 'longitude': '-73.87885972381333', 'human_address': '{""address"": """", ""city"": """", ""state"": """", ""zip"": """"}'}",,2025-11-10T01:28:22.000,The Police Department responded to the complaint and took action to fix the condition.,2025-11-10T01:28:26.000,,,,,,,nyc_opendata_311,2025-11-12 02:39:01.699840
66778756,2025-11-10T00:46:35.000,NYPD,New York City Police Department,Noise - Residential,Loud Music/Party,Residential Building/House,11226,349 EAST   19 STREET,EAST   19 STREET,CORTELYOU ROAD,DORCHESTER ROAD,CORTELYOU ROAD,DORCHESTER ROAD,ADDRESS,BROOKLYN,EAST   19 STREET,Closed,14 BROOKLYN,3051620052,BROOKLYN,995165,173139,ONLINE,Unspecified,BROOKLYN,40.641896452815885,-73.9606698526258,"{'latitude': '40.641896452815885', 'longitude': '-73.9606698526258', 'human_address': '{""address"": """", ""city"": """", ""state"": """", ""zip"": """"}'}",,2025-11-10T01:29:30.000,The Police Department responded to the complaint and with the information available observed no evidence of the violation at that time.,2025-11-10T01:29:35.000,,,,,,,nyc_opendata_311,2025-11-12 02:39:01.699840
66778101,2025-11-10T00:45:05.000,NYPD,New York City Police Department,Blocked Driveway,Partial Access,Street/Sidewalk,11435,139-18 97 AVENUE,97 AVENUE,CRESSKILL PLACE,BRISBIN STREET,CRESSKILL PLACE,BRISBIN STREET,ADDRESS,JAMAICA,97 AVENUE,In Progress,12 QUEENS,4100120007,QUEENS,1036990,192884,ONLINE,Unspecified,QUEENS,40.69594164335303,-73.80980714934346,"{'latitude': '40.69594164335303', 'longitude': '-73.80980714934346', 'human_address': '{""address"": """", ""city"": """", ""state"": """", ""zip"": """"}'}",,,,,,,,,,,nyc_opendata_311,2025-11-12 02:39:01.699840
66780191,2025-11-10T00:44:15.000,NYPD,New York City Police Department,Noise - Residential,Loud Music/Party,Residential Building/House,11224,2926 WEST   19 STREET,WEST   19 STREET,MERMAID AVENUE,SURF AVENUE,MERMAID AVENUE,SURF AVENUE,ADDRESS,BROOKLYN,WEST   19 STREET,In Progress,13 BROOKLYN,3070607501,BROOKLYN,988207,149148,ONLINE,Unspecified,BROOKLYN,40.576051923913255,-73.98575575192712,"{'latitude': '40.576051923913255', 'longitude': '-73.98575575192712', 'human_address': '{""address"": """", ""city"": """", ""state"": """", ""zip"": """"}'}",,,,,,,,,,,nyc_opendata_311,2025-11-12 02:39:01.699840
66773415,2025-11-10T00:43:59.000,DHS,Department of Homeless Services,Homeless Person Assistance,Non-Chronic,Store/Commercial,10019,252 WEST 57 STREET,WEST 57 STREET,BROADWAY,8 AVENUE,BROADWAY,8 AVENUE,ADDRESS,NEW YORK,WEST   57 STREET,Assigned,05 MANHATTAN,1010280056,MANHATTAN,989167,218514,ONLINE,Unspecified,MANHATTAN,40.76644549178615,-73.98224938381182,"{'latitude': '40.76644549178615', 'longitude': '-73.98224938381182', 'human_address': '{""address"": """", ""city"": """", ""state"": """", ""zip"": """"}'}",,,The Department of Homeless Services has sent a mobile outreach response team to the location.,2025-11-10T00:51:39.000,,,,,,,nyc_opendata_311,2025-11-12 02:39:01.699840
66780186,2025-11-10T00:42:17.000,NYPD,New York City Police Department,Noise - Residential,Banging/Pounding,Residential Building/House,11214,1461 SHORE PARKWAY,SHORE PARKWAY,19 AVENUE,20 AVENUE,19 AVENUE,20 AVENUE,ADDRESS,BROOKLYN,SHORE PARKWAY,In Progress,11 BROOKLYN,3064680016,BROOKLYN,982774,157266,PHONE,Unspecified,BROOKLYN,40.59833497643007,-74.00531501807711,"{'latitude': '40.59833497643007', 'longitude': '-74.00531501807711', 'human_address': '{""address"": """", ""city"": """", ""state"": """", ""zip"": """"}'}",,,,,,,,,,,nyc_opendata_311,2025-11-12 02:39:01.699840
66777116,2025-11-10T00:42:06.000,NYPD,New York City Police Department,Animal-Abuse,Other (complaint details),Residential Building/House,11385,1816 HIMROD STREET,HIMROD STREET,SENECA AVENUE,ONDERDONK AVENUE,SENECA AVENUE,ONDERDONK AVENUE,ADDRESS,RIDGEWOOD,HIMROD STREET,In Progress,05 QUEENS,4034300021,QUEENS,1008297,196740,PHONE,Unspecified,QUEENS,40.70664993625108,-73.91326698290776,"{'latitude': '40.70664993625108', 'longitude': '-73.91326698290776', 'human_address': '{""address"": """", ""city"": """", ""state"": """", ""zip"": """"}'}",,,,,,,,,,,nyc_opendata_311,2025-11-12 02:39:01.699840
66772827,2025-11-10T00:41:43.000,NYPD,New York City Police Department,Noise - Commercial,Loud Music/Party,Store/Commercial,10011,37 WEST   20 STREET,WEST   20 STREET,5 AVENUE,AVENUE OF THE AMERICAS,5 AVENUE,AVENUE OF THE AMERICAS,ADDRESS,NEW YORK,WEST   20 STREET,Closed,05 MANHATTAN,1008220009,MANHATTAN,986397,208963,MOBILE,Unspecified,MANHATTAN,40.74023152631774,-73.99225227203884,"{'latitude': '40.74023152631774', 'longitude': '-73.99225227203884', 'human_address': '{""address"": """", ""city"": """", ""state"": """", ""zip"": """"}'}",,2025-11-10T00:49:41.000,The Police Department responded to the complaint and took action to fix the condition.,2025-11-10T00:49:47.000,,,,,,,nyc_opendata_311,2025-11-12 02:39:01.699840
66775278,2025-11-10T00:41:12.000,NYPD,New York City Police Department,Noise - Vehicle,Engine Idling,Street/Sidewalk,10128,318 EAST   89 STREET,EAST   89 STREET,2 AVENUE,1 AVENUE,2 AVENUE,1 AVENUE,ADDRESS,NEW YORK,EAST   89 STREET,In Progress,08 MANHATTAN,1015510040,MANHATTAN,998185,223283,ONLINE,Unspecified,MANHATTAN,40.77952553179396,-73.94968406805995,"{'latitude': '40.77952553179396', 'longitude': '-73.94968406805995', 'human_address': '{""address"": """", ""city"": """", ""state"": """", ""zip"": """"}'}",Truck,,,,,,,,,,nyc_opendata_311,2025-11-12 02:39:01.699840
66779896,2025-11-10T00:41:06.000,NYPD,New York City Police Department,Noise - Vehicle,Car/Truck Music,Street/Sidewalk,10011,60 WEST   20 STREET,WEST   20 STREET,5 AVENUE,AVENUE OF THE AMERICAS,5 AVENUE,AVENUE OF THE AMERICAS,ADDRESS,NEW YORK,WEST   20 STREET,Closed,05 MANHATTAN,1008217503,MANHATTAN,986247,209040,PHONE,Unspecified,MANHATTAN,40.74044290732116,-73.99279354363159,"{'latitude': '40.74044290732116', 'longitude': '-73.99279354363159', 'human_address': '{""address"": """", ""city"": """", ""state"": """", ""zip"": """"}'}",Car,2025-11-10T00:49:18.000,The Police Department responded to the complaint and took action to fix the condition.,2025-11-10T00:49:23.000,,,,,,,nyc_opendata_311,2025-11-12 02:39:01.699840
66774256,2025-11-10T00:40:50.000,NYPD,New York City Police Department,Illegal Parking,Blocked Hydrant,Street/Sidewalk,11209,269 BAY RIDGE PARKWAY,BAY RIDGE PARKWAY,RIDGE BOULEVARD,3 AVENUE,RIDGE BOULEVARD,3 AVENUE,ADDRESS,BROOKLYN,BAY RIDGE PARKWAY,In Progress,10 BROOKLYN,3059280049,BROOKLYN,976266,169424,MOBILE,Unspecified,BROOKLYN,40.631702697095854,-74.0287644459528,"{'latitude': '40.631702697095854', 'longitude': '-74.0287644459528', 'human_address': '{""address"": """", ""city"": """", ""state"": """", ""zip"": """"}'}",,,,,,,,,,,nyc_opendata_311,2025-11-12 02:39:01.699840
66779520,2025-11-10T00:39:54.000,NYPD,New York City Police Department,Illegal Parking,Commercial Overnight Parking,Street/Sidewalk,11412,MEXICO STREET,MEXICO STREET,MEXICO STREET,MURDOCK AVENUE,MEXICO STREET,MURDOCK AVENUE,INTERSECTION,,,Closed,12 QUEENS,,QUEENS,1050073,193650,PHONE,Unspecified,QUEENS,40.697956488920816,-73.76261949493323,"{'latitude': '40.697956488920816', 'longitude': '-73.76261949493323', 'human_address': '{""address"": """", ""city"": """", ""state"": """", ""zip"": """"}'}",,2025-11-10T01:36:03.000,The Police Department responded to the complaint and with the information available observed no evidence of the violation at that time.,2025-11-10T01:36:10.000,,,,,,,nyc_opendata_311,2025-11-12 02:39:01.699840
66779865,2025-11-10T00:39:33.000,NYPD,New York City Police Department,Noise - Street/Sidewalk,Loud Music/Party,Street/Sidewalk,10011,47 WEST   20 STREET,WEST   20 STREET,5 AVENUE,AVENUE OF THE AMERICAS,5 AVENUE,AVENUE OF THE AMERICAS,ADDRESS,NEW YORK,WEST   20 STREET,Closed,05 MANHATTAN,1008220008,MANHATTAN,986334,208999,MOBILE,Unspecified,MANHATTAN,40.74033035244007,-73.99247960455558,"{'latitude': '40.74033035244007', 'longitude': '-73.99247960455558', 'human_address': '{""address"": """", ""city"": """", ""state"": """", ""zip"": """"}'}",,2025-11-10T00:48:51.000,The Police Department responded to the complaint and took action to fix the condition.,2025-11-10T00:48:57.000,,,,,,,nyc_opendata_311,2025-11-12 02:39:01.699840
66780251,2025-11-10T00:39:09.000,DHS,Department of Homeless Services,Encampment,N/A,Park/Playground,10002,71 HENRY STREET,HENRY STREET,MANHATTAN BRIDGE LINE,MANHATTAN BRIDGE,MANHATTAN BRIDGE LINE,MANHATTAN BRIDGE,ADDRESS,NEW YORK,HENRY STREET,In Progress,03 MANHATTAN,,MANHATTAN,985919,199068,MOBILE,N/A,MANHATTAN,40.71307226273342,-73.99397965111204,"{'latitude': '40.71307226273342', 'longitude': '-73.99397965111204', 'human_address': '{""address"": """", ""city"": """", ""state"": """", ""zip"": """"}'}",,,,,,,,,,,nyc_opendata_311,2025-11-12 02:39:01.699840
66776304,2025-11-10T00:39:09.000,NYPD,New York City Police Department,Encampment,N/A,Park/Playground,10002,71 HENRY STREET,HENRY STREET,MANHATTAN BRIDGE LINE,MANHATTAN BRIDGE,MANHATTAN BRIDGE LINE,MANHATTAN BRIDGE,ADDRESS,NEW YORK,HENRY STREET,Closed,03 MANHATTAN,,MANHATTAN,985919,199068,MOBILE,N/A,MANHATTAN,40.71307226273342,-73.99397965111204,"{'latitude': '40.71307226273342', 'longitude': '-73.99397965111204', 'human_address': '{""address"": """", ""city"": """", ""state"": """", ""zip"": """"}'}",,2025-11-10T01:03:52.000,The Police Department visited the location and has referred the complaint to the Department of Homeless Services (DHS) for further action. DHS will inspect the condition and update your Service Request with more information.,2025-11-10T01:03:58.000,,,,,,,nyc_opendata_311,2025-11-12 02:39:01.699840
66777264,2025-11-10T00:38:17.000,DCWP,Department of Consumer and Worker Protection,Consumer Complaint,Pedicab,Business,10019,370 WEST   52 STREET,WEST   52 STREET,8 AVENUE,9 AVENUE,8 AVENUE,9 AVENUE,ADDRESS,NEW YORK,WEST   52 STREET,In Progress,04 MANHATTAN,1010420061,MANHATTAN,987758,217781,ONLINE,Unspecified,MANHATTAN,40.764434267678446,-73.98733632682215,"{'latitude': '40.764434267678446', 'longitude': '-73.98733632682215', 'human_address': '{""address"": """", ""city"": """", ""state"": """", ""zip"": """"}'}",,,,,,,,,,,nyc_opendata_311,2025-11-12 02:39:01.699840
66776267,2025-11-10T00:37:50.000,NYPD,New York City Police Department,Noise - Vehicle,Car/Truck Music,Street/Sidewalk,11368,97-02 57 AVENUE,57 AVENUE,97 STREET,97 PLACE,97 STREET,97 PLACE,ADDRESS,CORONA,57 AVENUE,In Progress,04 QUEENS,4019180060,QUEENS,1021976,207891,PHONE,Unspecified,QUEENS,40.73720895138937,-73.86386695714512,"{'latitude': '40.73720895138937', 'longitude': '-73.86386695714512', 'human_address': '{""address"": """", ""city"": """", ""state"": """", ""zip"": """"}'}",Van,,,,,,,,,,nyc_opendata_311,2025-11-12 02:39:01.699840
66774635,2025-11-10T00:37:02.000,NYPD,New York City Police Department,Illegal Parking,Commercial Overnight Parking,Street/Sidewalk,11412,113 AVENUE,113 AVENUE,113 AVENUE,HANNIBAL STREET,113 AVENUE,HANNIBAL STREET,INTERSECTION,,,Closed,12 QUEENS,,QUEENS,1049812,194094,PHONE,Unspecified,QUEENS,40.69917709843943,-73.76355642461121,"{'latitude': '40.69917709843943', 'longitude': '-73.76355642461121', 'human_address': '{""address"": """", ""city"": """", ""state"": """", ""zip"": """"}'}",,2025-11-10T01:34:15.000,This complaint does not fall under the Police Department's jurisdiction.,2025-11-10T01:34:20.000,,,,,,,nyc_opendata_311,2025-11-12 02:39:01.699840
66775260,2025-11-10T00:36:37.000,NYPD,New York City Police Department,Noise - Residential,Banging/Pounding,Residential Building/House,11377,39-77 51 STREET,51 STREET,39 AVENUE,SKILLMAN AVENUE,39 AVENUE,SKILLMAN AVENUE,ADDRESS,WOODSIDE,51 STREET,In Progress,02 QUEENS,4001280001,QUEENS,1008296,211341,PHONE,Unspecified,QUEENS,40.746726110111105,-73.9132184170309,"{'latitude': '40.746726110111105', 'longitude': '-73.9132184170309', 'human_address': '{""address"": """", ""city"": """", ""state"": """", ""zip"": """"}'}",,,,,,,,,,,nyc_opendata_311,2025-11-12 02:39:01.699840
66776787,2025-11-10T00:36:33.000,NYPD,New York City Police Department,Noise - Residential,Loud Music/Party,Residential Building/House,10456,1465 WASHINGTON AVENUE,WASHINGTON AVENUE,ST PAULS PLACE,EAST  171 STREET,ST PAULS PLACE,EAST  171 STREET,ADDRESS,BRONX,WASHINGTON AVENUE,Closed,03 BRONX,2029020036,BRONX,1010885,244212,ONLINE,Unspecified,BRONX,40.83694066292417,-73.90374441298103,"{'latitude': '40.83694066292417', 'longitude': '-73.90374441298103', 'human_address': '{""address"": """", ""city"": """", ""state"": """", ""zip"": """"}'}",,2025-11-10T01:06:37.000,The Police Department responded to the complaint and took action to fix the condition.,2025-11-10T01:06:43.000,,,,,,,nyc_opendata_311,2025-11-12 02:39:01.699840
66774258,2025-11-10T00:36:05.000,NYPD,New York City Police Department,Illegal Parking,Blocked Hydrant,Street/Sidewalk,11208,141 DOSCHER STREET,DOSCHER STREET,BELMONT AVENUE,SUTTER AVENUE,BELMONT AVENUE,SUTTER AVENUE,ADDRESS,BROOKLYN,DOSCHER STREET,In Progress,05 BROOKLYN,3042490065,BROOKLYN,1019700,184658,ONLINE,Unspecified,BROOKLYN,40.67344932596909,-73.87220212674777,"{'latitude': '40.67344932596909', 'longitude': '-73.87220212674777', 'human_address': '{""address"": """", ""city"": """", ""state"": """", ""zip"": """"}'}",,,,,,,,,,,nyc_opendata_311,2025-11-12 02:39:01.699840
66779762,2025-11-10T00:35:04.000,NYPD,New York City Police Department,Noise - Residential,Loud Music/Party,Residential Building/House,10306,79 ISERNIA AVENUE,ISERNIA AVENUE,WEED AVENUE,MANILA AVENUE,WEED AVENUE,MANILA AVENUE,ADDRESS,STATEN ISLAND,ISERNIA AVENUE,Closed,03 STATEN ISLAND,5040550017,STATEN ISLAND,953942,143775,ONLINE,Unspecified,STATEN ISLAND,40.561253173199006,-74.10907736910883,"{'latitude': '40.561253173199006', 'longitude': '-74.10907736910883', 'human_address': '{""address"": """", ""city"": """", ""state"": """", ""zip"": """"}'}",,2025-11-10T00:56:45.000,The Police Department responded to the complaint and took action to fix the condition.,2025-11-10T00:56:49.000,,,,,,,nyc_opendata_311,2025-11-12 02:39:01.699840
66779184,2025-11-10T00:34:42.000,NYPD,New York City Police Department,Noise - Commercial,Loud Music/Party,Club/Bar/Restaurant,11368,102-30 43 AVENUE,43 AVENUE,102 STREET,104 STREET,102 STREET,104 STREET,ADDRESS,CORONA,43 AVENUE,In Progress,04 QUEENS,4019780015,QUEENS,1022355,211554,PHONE,Unspecified,QUEENS,40.747261336081586,-73.86247859920758,"{'latitude': '40.747261336081586', 'longitude': '-73.86247859920758', 'human_address': '{""address"": """", ""city"": """", ""state"": """", ""zip"": """"}'}",,,,,,,,,,,nyc_opendata_311,2025-11-12 02:39:01.699840
66772897,2025-11-10T00:34:32.000,NYPD,New York City Police Department,Noise - Residential,Loud Music/Party,Residential Building/House,11230,1510 OCEAN PARKWAY,OCEAN PARKWAY,AVENUE O,AVENUE P,AVENUE O,AVENUE P,ADDRESS,BROOKLYN,OCEAN PARKWAY,Closed,12 BROOKLYN,3066120001,BROOKLYN,993106,162090,ONLINE,Unspecified,BROOKLYN,40.611571569805285,-73.96810356766163,"{'latitude': '40.611571569805285', 'longitude': '-73.96810356766163', 'human_address': '{""address"": """", ""city"": """", ""state"": """", ""zip"": """"}'}",,2025-11-10T01:04:50.000,The Police Department responded to the complaint and with the information available observed no evidence of the violation at that time.,2025-11-10T01:04:58.000,,,,,,,nyc_opendata_311,2025-11-12 02:39:01.699840
66779167,2025-11-10T00:33:47.000,NYPD,New York City Police Department,Illegal Parking,Commercial Overnight Parking,Street/Sidewalk,11219,1043 42 STREET,42 STREET,NEW UTRECHT AVENUE,FORT HAMILTON PARKWAY,NEW UTRECHT AVENUE,FORT HAMILTON PARKWAY,ADDRESS,BROOKLYN,42 STREET,In Progress,12 BROOKLYN,3055917512,BROOKLYN,986024,173290,PHONE,Unspecified,BROOKLYN,40.64231746343229,-73.99360768489346,"{'latitude': '40.64231746343229', 'longitude': '-73.99360768489346', 'human_address': '{""address"": """", ""city"": """", ""state"": """", ""zip"": """"}'}",,,,,,,,,,,nyc_opendata_311,2025-11-12 02:39:01.699840
66776810,2025-11-10T00:33:35.000,NYPD,New York City Police Department,Noise - Residential,Loud Music/Party,Residential Building/House,11355,136-18 59 AVENUE,59 AVENUE,136 STREET,138 STREET,136 STREET,138 STREET,ADDRESS,FLUSHING,59 AVENUE,Closed,07 QUEENS,4063790008,QUEENS,1031575,210456,ONLINE,Unspecified,QUEENS,40.74420307097581,-73.82921131111206,"{'latitude': '40.74420307097581', 'longitude': '-73.82921131111206', 'human_address': '{""address"": """", ""city"": """", ""state"": """", ""zip"": """"}'}",,2025-11-10T01:11:08.000,The Police Department responded to the complaint and took action to fix the condition.,2025-11-10T01:11:14.000,,,,,,,nyc_opendata_311,2025-11-12 02:39:01.699840
66777348,2025-11-10T00:32:32.000,NYPD,New York City Police Department,Illegal Parking,Blocked Crosswalk,Street/Sidewalk,11379,58-28 74 STREET,74 STREET,58 ROAD,CALDWELL AVENUE,58 ROAD,CALDWELL AVENUE,ADDRESS,MIDDLE VILLAGE,74 STREET,In Progress,05 QUEENS,4028200095,QUEENS,1015541,203513,MOBILE,Unspecified,QUEENS,40.7252175322114,-73.88710777652506,"{'latitude': '40.7252175322114', 'longitude': '-73.88710777652506', 'human_address': '{""address"": """", ""city"": """", ""state"": """", ""zip"": """"}'}",,,,,,,,,,,nyc_opendata_311,2025-11-12 02:39:01.699840
66778508,2025-11-10T00:32:04.000,NYPD,New York City Police Department,Illegal Parking,Commercial Overnight Parking,Street/Sidewalk,11413,144 AVENUE,144 AVENUE,144 AVENUE,224 STREET,144 AVENUE,224 STREET,INTERSECTION,,,Closed,13 QUEENS,,QUEENS,1052494,181660,PHONE,Unspecified,QUEENS,40.66502845575273,-73.75401000288389,"{'latitude': '40.66502845575273', 'longitude': '-73.75401000288389', 'human_address': '{""address"": """", ""city"": """", ""state"": """", ""zip"": """"}'}",,2025-11-10T01:21:35.000,The Police Department responded to the complaint and took action to fix the condition.,2025-11-10T01:21:40.000,,,,,,,nyc_opendata_311,2025-11-12 02:39:01.699840
66779759,2025-11-10T00:31:44.000,NYPD,New York City Police Department,Noise - Residential,Loud Music/Party,Residential Building/House,10456,1465 WASHINGTON AVENUE,WASHINGTON AVENUE,ST PAULS PLACE,EAST  171 STREET,ST PAULS PLACE,EAST  171 STREET,ADDRESS,BRONX,WASHINGTON AVENUE,Closed,03 BRONX,2029020036,BRONX,1010885,244212,ONLINE,Unspecified,BRONX,40.83694066292417,-73.90374441298103,"{'latitude': '40.83694066292417', 'longitude': '-73.90374441298103', 'human_address': '{""address"": """", ""city"": """", ""state"": """", ""zip"": """"}'}",,2025-11-10T01:07:13.000,The Police Department responded to the complaint and took action to fix the condition.,2025-11-10T01:07:23.000,,,,,,,nyc_opendata_311,2025-11-12 02:39:01.699840
66776237,2025-11-10T00:31:33.000,NYPD,New York City Police Department,Illegal Parking,Posted Parking Sign Violation,Street/Sidewalk,11223,1613 WEST    7 STREET,WEST    7 STREET,AVENUE P,QUENTIN ROAD,AVENUE P,QUENTIN ROAD,ADDRESS,BROOKLYN,WEST    7 STREET,In Progress,11 BROOKLYN,3066250072,BROOKLYN,989639,160592,MOBILE,Unspecified,BROOKLYN,40.607462654155995,-73.98059176917052,"{'latitude': '40.607462654155995', 'longitude': '-73.98059176917052', 'human_address': '{""address"": """", ""city"": """", ""state"": """", ""zip"": """"}'}",,,,,,,,,,,nyc_opendata_311,2025-11-12 02:39:01.699840
66779168,2025-11-10T00:31:21.000,NYPD,New York City Police Department,Illegal Parking,Double Parked Blocking Vehicle,Street/Sidewalk,11414,151-26 80 STREET,80 STREET,151 AVENUE,153 AVENUE,151 AVENUE,153 AVENUE,ADDRESS,HOWARD BEACH,80 STREET,In Progress,10 QUEENS,4114260023,QUEENS,1024624,182336,ONLINE,Unspecified,QUEENS,40.66705487670752,-73.85446495826922,"{'latitude': '40.66705487670752', 'longitude': '-73.85446495826922', 'human_address': '{""address"": """", ""city"": """", ""state"": """", ""zip"": """"}'}",SUV,,,,,,,,,,nyc_opendata_311,2025-11-12 02:39:01.699840
66772910,2025-11-10T00:31:09.000,NYPD,New York City Police Department,Noise - Residential,Loud Music/Party,Residential Building/House,11237,184 WYCKOFF AVENUE,WYCKOFF AVENUE,GREENE AVENUE,BLEECKER STREET,GREENE AVENUE,BLEECKER STREET,ADDRESS,BROOKLYN,WYCKOFF AVENUE,Closed,04 BROOKLYN,3033010032,BROOKLYN,1007698,195024,ONLINE,Unspecified,BROOKLYN,40.70194152965504,-73.91543343731115,"{'latitude': '40.70194152965504', 'longitude': '-73.91543343731115', 'human_address': '{""address"": """", ""city"": """", ""state"": """", ""zip"": """"}'}",,2025-11-10T01:07:02.000,The Police Department responded to the complaint and took action to fix the condition.,2025-11-10T01:07:10.000,,,,,,,nyc_opendata_311,2025-11-12 02:39:01.699840
66775891,2025-11-10T00:31:07.000,NYPD,New York City Police Department,Noise - Residential,Loud Music/Party,Residential Building/House,10467,2750 OLINVILLE AVENUE,OLINVILLE AVENUE,ALLERTON AVENUE,BRITTON STREET,ALLERTON AVENUE,BRITTON STREET,ADDRESS,BRONX,OLINVILLE AVENUE,Closed,11 BRONX,2045080010,BRONX,1020667,254814,ONLINE,Unspecified,BRONX,40.86600505539814,-73.86833593536616,"{'latitude': '40.86600505539814', 'longitude': '-73.86833593536616', 'human_address': '{""address"": """", ""city"": """", ""state"": """", ""zip"": """"}'}",,2025-11-10T00:53:49.000,The Police Department responded to the complaint but officers were unable to gain entry into the premises.,2025-11-10T00:53:58.000,,,,,,,nyc_opendata_311,2025-11-12 02:39:01.699840
66780333,2025-11-10T00:30:59.000,DSNY,Department of Sanitation,Dirty Condition,Dog Waste,Sidewalk,10026,1390 5 AVENUE,5 AVENUE,EAST  112 STREET,EAST  115 STREET,EAST  112 STREET,EAST  115 STREET,ADDRESS,NEW YORK,5 AVENUE,In Progress,10 MANHATTAN,1015960001,MANHATTAN,998837,230565,ONLINE,Unspecified,MANHATTAN,40.79951161063224,-73.94731403906428,"{'latitude': '40.79951161063224', 'longitude': '-73.94731403906428', 'human_address': '{""address"": """", ""city"": """", ""state"": """", ""zip"": """"}'}",,,,,,,,,,,nyc_opendata_311,2025-11-12 02:39:01.699840
66772969,2025-11-10T00:30:37.000,NYPD,New York City Police Department,Noise - Street/Sidewalk,Loud Music/Party,Street/Sidewalk,11237,322 KNICKERBOCKER AVENUE,KNICKERBOCKER AVENUE,HART STREET,DEKALB AVENUE,HART STREET,DEKALB AVENUE,ADDRESS,BROOKLYN,KNICKERBOCKER AVENUE,Closed,04 BROOKLYN,3032357503,BROOKLYN,1005646,194807,ONLINE,Unspecified,BROOKLYN,40.70135111519323,-73.92283477892124,"{'latitude': '40.70135111519323', 'longitude': '-73.92283477892124', 'human_address': '{""address"": """", ""city"": """", ""state"": """", ""zip"": """"}'}",,2025-11-10T01:42:01.000,The Police Department responded to the complaint and determined that police action was not necessary.,2025-11-10T01:42:10.000,,,,,,,nyc_opendata_311,2025-11-12 02:39:01.699840
66779201,2025-11-10T00:30:34.000,NYPD,New York City Police Department,Noise - Residential,Loud Music/Party,Residential Building/House,11356,10-29 115 STREET,115 STREET,UNNAMED STREET,14 AVENUE,UNNAMED STREET,14 AVENUE,ADDRESS,COLLEGE POINT,115 STREET,In Progress,07 QUEENS,4040220055,QUEENS,1025133,226447,PHONE,Unspecified,QUEENS,40.78812629179252,-73.8523621929236,"{'latitude': '40.78812629179252', 'longitude': '-73.8523621929236', 'human_address': '{""address"": """", ""city"": """", ""state"": """", ""zip"": """"}'}",,,,,,,,,,,nyc_opendata_311,2025-11-12 02:39:01.699840
66772996,2025-11-10T00:30:10.000,NYPD,New York City Police Department,Noise - Street/Sidewalk,Loud Music/Party,Street/Sidewalk,11237,362 KNICKERBOCKER AVENUE,KNICKERBOCKER AVENUE,STOCKHOLM STREET,STANHOPE STREET,STOCKHOLM STREET,STANHOPE STREET,ADDRESS,BROOKLYN,KNICKERBOCKER AVENUE,Closed,04 BROOKLYN,3032570027,BROOKLYN,1006009,194535,ONLINE,Unspecified,BROOKLYN,40.700603654005825,-73.92152648963516,"{'latitude': '40.700603654005825', 'longitude': '-73.92152648963516', 'human_address': '{""address"": """", ""city"": """", ""state"": """", ""zip"": """"}'}",,2025-11-10T01:43:41.000,The Police Department responded to the complaint and with the information available observed no evidence of the violation at that time.,2025-11-10T01:43:46.000,,,,,,,nyc_opendata_311,2025-11-12 02:39:01.699840
66779277,2025-11-10T00:29:35.000,DSNY,Department of Sanitation,Illegal Dumping,Removal Request,Sidewalk,11234,5300 KINGS HIGHWAY,KINGS HIGHWAY,PRESTON COURT,FOSTER AVENUE,PRESTON COURT,FOSTER AVENUE,ADDRESS,BROOKLYN,KINGS HIGHWAY,In Progress,18 BROOKLYN,3079490010,BROOKLYN,1004814,171549,ONLINE,Unspecified,BROOKLYN,40.63751509736974,-73.92590635664419,"{'latitude': '40.63751509736974', 'longitude': '-73.92590635664419', 'human_address': '{""address"": """", ""city"": """", ""state"": """", ""zip"": """"}'}",,,,,,,,,,,nyc_opendata_311,2025-11-12 02:39:01.699840
66774998,2025-11-10T00:29:34.000,NYPD,New York City Police Department,Noise - Vehicle,Car/Truck Music,Street/Sidewalk,10011,60 WEST   20 STREET,WEST   20 STREET,5 AVENUE,AVENUE OF THE AMERICAS,5 AVENUE,AVENUE OF THE AMERICAS,ADDRESS,NEW YORK,WEST   20 STREET,Closed,05 MANHATTAN,1008217503,MANHATTAN,986247,209040,PHONE,Unspecified,MANHATTAN,40.74044290732116,-73.99279354363159,"{'latitude': '40.74044290732116', 'longitude': '-73.99279354363159', 'human_address': '{""address"": """", ""city"": """", ""state"": """", ""zip"": """"}'}",Other,2025-11-10T00:47:51.000,The Police Department responded to the complaint and took action to fix the condition.,2025-11-10T00:47:57.000,,,,,,,nyc_opendata_311,2025-11-12 02:39:01.699840
66775703,2025-11-10T00:29:30.000,NYPD,New York City Police Department,Blocked Driveway,No Access,Street/Sidewalk,10466,877 EAST  231 STREET,EAST  231 STREET,BARNES AVENUE,BRONXWOOD AVENUE,BARNES AVENUE,BRONXWOOD AVENUE,ADDRESS,BRONX,EAST  231 STREET,Closed,12 BRONX,2048560007,BRONX,1024822,263747,PHONE,Unspecified,BRONX,40.89050522026916,-73.85325963920754,"{'latitude': '40.89050522026916', 'longitude': '-73.85325963920754', 'human_address': '{""address"": """", ""city"": """", ""state"": """", ""zip"": """"}'}",,2025-11-10T01:42:05.000,The Police Department issued a summons in response to the complaint.,2025-11-10T01:42:10.000,,,,,,,nyc_opendata_311,2025-11-12 02:39:01.699840
66772964,2025-11-10T00:29:28.000,NYPD,New York City Police Department,Noise - Residential,Loud Talking,Residential Building/House,10468,2768 WEBB AVENUE,WEBB AVENUE,WEST  195 STREET,WEST  197 STREET,WEST  195 STREET,WEST  197 STREET,ADDRESS,BRONX,WEBB AVENUE,Closed,08 BRONX,2032490128,BRONX,1011548,256660,MOBILE,Unspecified,BRONX,40.87110466921486,-73.90129772670329,"{'latitude': '40.87110466921486', 'longitude': '-73.90129772670329', 'human_address': '{""address"": """", ""city"": """", ""state"": """", ""zip"": """"}'}",,2025-11-10T01:17:22.000,The Police Department responded to the complaint but officers were unable to gain entry into the premises.,2025-11-10T01:17:29.000,,,,,,,nyc_opendata_311,2025-11-12 02:39:01.699840
66779199,2025-11-10T00:29:22.000,NYPD,New York City Police Department,Noise - Residential,Loud Music/Party,Residential Building/House,10032,518 WEST  159 STREET,WEST  159 STREET,AMSTERDAM AVENUE,BROADWAY,AMSTERDAM AVENUE,BROADWAY,ADDRESS,NEW YORK,WEST  159 STREET,In Progress,12 MANHATTAN,1021170026,MANHATTAN,1000352,243275,PHONE,Unspecified,MANHATTAN,40.83439435562678,-73.94181160329215,"{'latitude': '40.83439435562678', 'longitude': '-73.94181160329215', 'human_address': '{""address"": """", ""city"": """", ""state"": """", ""zip"": """"}'}",,,,,,,,,,,nyc_opendata_311,2025-11-12 02:39:01.699840
66774269,2025-11-10T00:29:12.000,NYPD,New York City Police Department,Illegal Parking,Blocked Hydrant,Street/Sidewalk,11218,134 DAHILL ROAD,DAHILL ROAD,CLARA STREET,LOUISA STREET,CLARA STREET,LOUISA STREET,ADDRESS,BROOKLYN,DAHILL ROAD,In Progress,12 BROOKLYN,3053110041,BROOKLYN,989592,173928,MOBILE,Unspecified,BROOKLYN,40.6440672028586,-73.98075048307946,"{'latitude': '40.6440672028586', 'longitude': '-73.98075048307946', 'human_address': '{""address"": """", ""city"": """", ""state"": """", ""zip"": """"}'}",,,,,,,,,,,nyc_opendata_311,2025-11-12 02:39:01.699840
66773880,2025-11-10T00:29:00.000,NYPD,New York City Police Department,Noise - Residential,Loud Music/Party,Residential Building/House,10456,1465 WASHINGTON AVENUE,WASHINGTON AVENUE,ST PAULS PLACE,EAST  171 STREET,ST PAULS PLACE,EAST  171 STREET,ADDRESS,BRONX,WASHINGTON AVENUE,Closed,03 BRONX,2029020036,BRONX,1010885,244212,ONLINE,Unspecified,BRONX,40.83694066292417,-73.90374441298103,"{'latitude': '40.83694066292417', 'longitude': '-73.90374441298103', 'human_address': '{""address"": """", ""city"": """", ""state"": """", ""zip"": """"}'}",,2025-11-10T01:25:29.000,The Police Department responded to the complaint and took action to fix the condition.,2025-11-10T01:25:34.000,,,,,,,nyc_opendata_311,2025-11-12 02:39:01.699840
66776262,2025-11-10T00:28:55.000,NYPD,New York City Police Department,Noise - Residential,Loud Music/Party,Residential Building/House,11372,35-43 84 STREET,84 STREET,35 AVENUE,37 AVENUE,35 AVENUE,37 AVENUE,ADDRESS,JACKSON HEIGHTS,84 STREET,In Progress,03 QUEENS,4014580046,QUEENS,1016737,213135,PHONE,Unspecified,QUEENS,40.751623202335196,-73.88274636451436,"{'latitude': '40.751623202335196', 'longitude': '-73.88274636451436', 'human_address': '{""address"": """", ""city"": """", ""state"": """", ""zip"": """"}'}",,,,,,,,,,,nyc_opendata_311,2025-11-12 02:39:01.699840
66777197,2025-11-10T00:28:45.000,NYPD,New York City Police Department,Noise - Residential,Loud Music/Party,Residential Building/House,10028,119 EAST   83 STREET,EAST   83 STREET,PARK AVENUE,LEXINGTON AVENUE,PARK AVENUE,LEXINGTON AVENUE,ADDRESS,NEW YORK,EAST   83 STREET,In Progress,08 MANHATTAN,1015120010,MANHATTAN,995967,222669,ONLINE,Unspecified,MANHATTAN,40.77784348262136,-73.95769380172965,"{'latitude': '40.77784348262136', 'longitude': '-73.95769380172965', 'human_address': '{""address"": """", ""city"": """", ""state"": """", ""zip"": """"}'}",,,,,,,,,,,nyc_opendata_311,2025-11-12 02:39:01.699840
66774309,2025-11-10T00:27:30.000,NYPD,New York City Police Department,Noise - Street/Sidewalk,Loud Music/Party,Street/Sidewalk,11368,96-02 57 AVENUE,57 AVENUE,JUNCTION BOULEVARD,96 STREET,JUNCTION BOULEVARD,96 STREET,ADDRESS,CORONA,57 AVENUE,In Progress,04 QUEENS,4019180050,QUEENS,1021645,207759,PHONE,Unspecified,QUEENS,40.736848050167545,-73.86506209170804,"{'latitude': '40.736848050167545', 'longitude': '-73.86506209170804', 'human_address': '{""address"": """", ""city"": """", ""state"": """", ""zip"": """"}'}",,,,,,,,,,,nyc_opendata_311,2025-11-12 02:39:01.699840
66775250,2025-11-10T00:26:54.000,NYPD,New York City Police Department,Noise - Commercial,Loud Music/Party,Club/Bar/Restaurant,11237,123 WYCKOFF AVENUE,WYCKOFF AVENUE,DEKALB AVENUE,STOCKHOLM STREET,DEKALB AVENUE,STOCKHOLM STREET,ADDRESS,BROOKLYN,WYCKOFF AVENUE,In Progress,04 BROOKLYN,3032490008,BROOKLYN,1006686,195855,ONLINE,Unspecified,BROOKLYN,40.70422505232693,-73.91908050290607,"{'latitude': '40.70422505232693', 'longitude': '-73.91908050290607', 'human_address': '{""address"": """", ""city"": """", ""state"": """", ""zip"": """"}'}",,,,,,,,,,,nyc_opendata_311,2025-11-12 02:39:01.699840
66774885,2025-11-10T00:26:45.000,NYPD,New York City Police Department,Noise - Residential,Loud Music/Party,Residential Building/House,10456,1465 WASHINGTON AVENUE,WASHINGTON AVENUE,ST PAULS PLACE,EAST  171 STREET,ST PAULS PLACE,EAST  171 STREET,ADDRESS,BRONX,WASHINGTON AVENUE,Closed,03 BRONX,2029020036,BRONX,1010885,244212,ONLINE,Unspecified,BRONX,40.83694066292417,-73.90374441298103,"{'latitude': '40.83694066292417', 'longitude': '-73.90374441298103', 'human_address': '{""address"": """", ""city"": """", ""state"": """", ""zip"": """"}'}",,2025-11-10T01:25:46.000,The Police Department responded to the complaint and took action to fix the condition.,2025-11-10T01:25:50.000,,,,,,,nyc_opendata_311,2025-11-12 02:39:01.699840
66775913,2025-11-10T00:26:25.000,NYPD,New York City Police Department,Noise - Street/Sidewalk,Loud Music/Party,Street/Sidewalk,11237,240 STOCKHOLM STREET,STOCKHOLM STREET,KNICKERBOCKER AVENUE,IRVING AVENUE,KNICKERBOCKER AVENUE,IRVING AVENUE,ADDRESS,BROOKLYN,STOCKHOLM STREET,Closed,04 BROOKLYN,3032580020,BROOKLYN,1006160,194797,ONLINE,Unspecified,BROOKLYN,40.701322409822616,-73.92098105830593,"{'latitude': '40.701322409822616', 'longitude': '-73.92098105830593', 'human_address': '{""address"": """", ""city"": """", ""state"": """", ""zip"": """"}'}",,2025-11-10T01:47:48.000,The Police Department responded to the complaint and with the information available observed no evidence of the violation at that time.,2025-11-10T01:47:51.000,,,,,,,nyc_opendata_311,2025-11-12 02:39:01.699840
66773680,2025-11-10T00:26:08.000,NYPD,New York City Police Department,Illegal Parking,Commercial Overnight Parking,Street/Sidewalk,11413,221 STREET,221 STREET,221 STREET,SOUTH CONDUIT AVENUE,221 STREET,SOUTH CONDUIT AVENUE,INTERSECTION,,,Closed,13 QUEENS,,QUEENS,1051683,181831,PHONE,Unspecified,QUEENS,40.66550402492369,-73.75693158040023,"{'latitude': '40.66550402492369', 'longitude': '-73.75693158040023', 'human_address': '{""address"": """", ""city"": """", ""state"": """", ""zip"": """"}'}",,2025-11-10T01:44:14.000,The Police Department responded to the complaint and determined that police action was not necessary.,2025-11-10T01:44:17.000,,,,,,,nyc_opendata_311,2025-11-12 02:39:01.699840
66777661,2025-11-10T00:25:55.000,NYPD,New York City Police Department,Noise - Commercial,Loud Music/Party,Club/Bar/Restaurant,11238,677 WASHINGTON AVENUE,WASHINGTON AVENUE,ST MARKS AVENUE,PROSPECT PLACE,ST MARKS AVENUE,PROSPECT PLACE,ADDRESS,BROOKLYN,WASHINGTON AVENUE,Closed,08 BROOKLYN,3011540001,BROOKLYN,994346,185924,ONLINE,Unspecified,BROOKLYN,40.676989432024314,-73.96360182236936,"{'latitude': '40.676989432024314', 'longitude': '-73.96360182236936', 'human_address': '{""address"": """", ""city"": """", ""state"": """", ""zip"": """"}'}",,2025-11-10T00:38:21.000,The Police Department responded to the complaint and with the information available observed no evidence of the violation at that time.,2025-11-10T00:38:23.000,,,,,,,nyc_opendata_311,2025-11-12 02:39:01.699840
66779831,2025-11-10T00:25:37.000,NYPD,New York City Police Department,Noise - Residential,Loud Talking,Residential Building/House,10023,141 WEST   73 STREET,WEST   73 STREET,COLUMBUS AVENUE,AMSTERDAM AVENUE,COLUMBUS AVENUE,AMSTERDAM AVENUE,ADDRESS,NEW YORK,WEST   73 STREET,Closed,07 MANHATTAN,1011450012,MANHATTAN,989920,222951,PHONE,Unspecified,MANHATTAN,40.77862344568907,-73.97952727261506,"{'latitude': '40.77862344568907', 'longitude': '-73.97952727261506', 'human_address': '{""address"": """", ""city"": """", ""state"": """", ""zip"": """"}'}",,2025-11-10T01:14:59.000,The Police Department responded to the complaint and took action to fix the condition.,2025-11-10T01:15:05.000,,,,,,,nyc_opendata_311,2025-11-12 02:39:01.699840
66776882,2025-11-10T00:25:36.000,NYPD,New York City Police Department,Noise - Street/Sidewalk,Loud Music/Party,Street/Sidewalk,10011,40 WEST   20 STREET,WEST   20 STREET,5 AVENUE,AVENUE OF THE AMERICAS,5 AVENUE,AVENUE OF THE AMERICAS,ADDRESS,NEW YORK,WEST   20 STREET,Closed,05 MANHATTAN,1008217501,MANHATTAN,986377,208968,MOBILE,Unspecified,MANHATTAN,40.740245254907826,-73.99232444305143,"{'latitude': '40.740245254907826', 'longitude': '-73.99232444305143', 'human_address': '{""address"": """", ""city"": """", ""state"": """", ""zip"": """"}'}",,2025-11-10T00:47:26.000,The Police Department responded to the complaint and took action to fix the condition.,2025-11-10T00:47:32.000,,,,,,,nyc_opendata_311,2025-11-12 02:39:01.699840
66776875,2025-11-10T00:25:19.000,NYPD,New York City Police Department,Noise - Street/Sidewalk,Loud Music/Party,Street/Sidewalk,10453,1901 HENNESSY PLACE,HENNESSY PLACE,WEST BURNSIDE AVENUE,WEST  179 STREET,WEST BURNSIDE AVENUE,WEST  179 STREET,ADDRESS,BRONX,HENNESSY PLACE,Closed,05 BRONX,2032280009,BRONX,1007665,250572,MOBILE,Unspecified,BRONX,40.85440611052071,-73.9153588773285,"{'latitude': '40.85440611052071', 'longitude': '-73.9153588773285', 'human_address': '{""address"": """", ""city"": """", ""state"": """", ""zip"": """"}'}",,2025-11-10T01:49:38.000,The Police Department responded to the complaint and with the information available observed no evidence of the violation at that time.,2025-11-10T01:49:41.000,,,,,,,nyc_opendata_311,2025-11-12 02:39:01.699840
66777185,2025-11-10T00:25:05.000,NYPD,New York City Police Department,Illegal Parking,Posted Parking Sign Violation,Street/Sidewalk,11378,58-25 71 STREET,71 STREET,58 ROAD,CALDWELL AVENUE,58 ROAD,CALDWELL AVENUE,ADDRESS,MASPETH,71 STREET,In Progress,05 QUEENS,4028200059,QUEENS,1014641,203593,MOBILE,Unspecified,QUEENS,40.72544025043765,-73.89035444773569,"{'latitude': '40.72544025043765', 'longitude': '-73.89035444773569', 'human_address': '{""address"": """", ""city"": """", ""state"": """", ""zip"": """"}'}",,,,,,,,,,,nyc_opendata_311,2025-11-12 02:39:01.699840
66780370,2025-11-10T00:24:04.000,NYPD,New York City Police Department,Illegal Parking,Blocked Crosswalk,Street/Sidewalk,11355,146-40 59 AVENUE,59 AVENUE,146 STREET,148 STREET,146 STREET,148 STREET,ADDRESS,FLUSHING,59 AVENUE,In Progress,07 QUEENS,4064160024,QUEENS,1033492,210057,ONLINE,Unspecified,QUEENS,40.74309745141415,-73.82229609094423,"{'latitude': '40.74309745141415', 'longitude': '-73.82229609094423', 'human_address': '{""address"": """", ""city"": """", ""state"": """", ""zip"": """"}'}",,,,,,,,,,,nyc_opendata_311,2025-11-12 02:39:01.699840
66780190,2025-11-10T00:23:59.000,NYPD,New York City Police Department,Noise - Residential,Banging/Pounding,Residential Building/House,11103,30-74 45 STREET,45 STREET,30 ROAD,31 AVENUE,30 ROAD,31 AVENUE,ADDRESS,ASTORIA,45 STREET,In Progress,01 QUEENS,4007130104,QUEENS,1008502,216258,MOBILE,Unspecified,QUEENS,40.76022145837967,-73.91245723289046,"{'latitude': '40.76022145837967', 'longitude': '-73.91245723289046', 'human_address': '{""address"": """", ""city"": """", ""state"": """", ""zip"": """"}'}",,,,,,,,,,,nyc_opendata_311,2025-11-12 02:39:01.699840
66774718,2025-11-10T00:23:44.000,NYPD,New York City Police Department,Noise - Vehicle,Engine Idling,Street/Sidewalk,10012,74 WOOSTER STREET,WOOSTER STREET,BROOME STREET,SPRING STREET,BROOME STREET,SPRING STREET,ADDRESS,NEW YORK,WOOSTER STREET,Closed,02 MANHATTAN,1004860007,MANHATTAN,983795,202883,MOBILE,Unspecified,MANHATTAN,40.72354366685384,-74.0016415153664,"{'latitude': '40.72354366685384', 'longitude': '-74.0016415153664', 'human_address': '{""address"": """", ""city"": """", ""state"": """", ""zip"": """"}'}",Car,2025-11-10T01:21:40.000,The Police Department responded and upon arrival those responsible for the condition were gone.,2025-11-10T01:21:45.000,,,,,,,nyc_opendata_311,2025-11-12 02:39:01.699840
66776223,2025-11-10T00:23:34.000,NYPD,New York City Police Department,Illegal Parking,Blocked Hydrant,Street/Sidewalk,11379,59-01 74 STREET,74 STREET,CALDWELL AVENUE,60 AVENUE,CALDWELL AVENUE,60 AVENUE,ADDRESS,MIDDLE VILLAGE,74 STREET,In Progress,05 QUEENS,4028440001,QUEENS,1015553,203287,MOBILE,Unspecified,QUEENS,40.72459717512103,-73.88706553396932,"{'latitude': '40.72459717512103', 'longitude': '-73.88706553396932', 'human_address': '{""address"": """", ""city"": """", ""state"": """", ""zip"": """"}'}",,,,,,,,,,,nyc_opendata_311,2025-11-12 02:39:01.699840
66776741,2025-11-10T00:23:30.000,NYPD,New York City Police Department,Noise - Residential,Banging/Pounding,Residential Building/House,10013,50 BAYARD STREET,BAYARD STREET,BOWERY,ELIZABETH STREET,BOWERY,ELIZABETH STREET,ADDRESS,NEW YORK,BAYARD STREET,Closed,03 MANHATTAN,1002027501,MANHATTAN,984967,199864,ONLINE,Unspecified,MANHATTAN,40.715257221061,-73.99741358199292,"{'latitude': '40.715257221061', 'longitude': '-73.99741358199292', 'human_address': '{""address"": """", ""city"": """", ""state"": """", ""zip"": """"}'}",,2025-11-10T00:54:13.000,The Police Department responded to the complaint and took action to fix the condition.,2025-11-10T00:54:23.000,,,,,,,nyc_opendata_311,2025-11-12 02:39:01.699840
66779169,2025-11-10T00:23:25.000,NYPD,New York City Police Department,Illegal Parking,Double Parked Blocking Vehicle,Street/Sidewalk,11234,19 PRESTON COURT,PRESTON COURT,EAST   53 STREET,EAST   56 STREET,EAST   53 STREET,EAST   56 STREET,ADDRESS,BROOKLYN,PRESTON COURT,In Progress,18 BROOKLYN,3079490236,BROOKLYN,1005239,171799,ONLINE,Unspecified,BROOKLYN,40.63820029686161,-73.92437427267043,"{'latitude': '40.63820029686161', 'longitude': '-73.92437427267043', 'human_address': '{""address"": """", ""city"": """", ""state"": """", ""zip"": """"}'}",Other,,,,,,,,,,nyc_opendata_311,2025-11-12 02:39:01.699840
66779837,2025-11-10T00:23:05.000,NYPD,New York City Police Department,Noise - Street/Sidewalk,Loud Music/Party,Street/Sidewalk,11237,268 KNICKERBOCKER AVENUE,KNICKERBOCKER AVENUE,WILLOUGHBY AVENUE,SUYDAM STREET,WILLOUGHBY AVENUE,SUYDAM STREET,ADDRESS,BROOKLYN,KNICKERBOCKER AVENUE,Closed,04 BROOKLYN,3032090027,BROOKLYN,1005189,195149,ONLINE,Unspecified,BROOKLYN,40.70229091788382,-73.9244818969321,"{'latitude': '40.70229091788382', 'longitude': '-73.9244818969321', 'human_address': '{""address"": """", ""city"": """", ""state"": """", ""zip"": """"}'}",,2025-11-10T01:49:41.000,The Police Department responded to the complaint and with the information available observed no evidence of the violation at that time.,2025-11-10T01:49:46.000,,,,,,,nyc_opendata_311,2025-11-12 02:39:01.699840
66776867,2025-11-10T00:22:33.000,NYPD,New York City Police Department,Noise - Street/Sidewalk,Loud Music/Party,Street/Sidewalk,11433,159-02 109 AVENUE,109 AVENUE,159 STREET,160 STREET,159 STREET,160 STREET,ADDRESS,JAMAICA,109 AVENUE,Closed,12 QUEENS,4121480100,QUEENS,1041708,192122,ONLINE,Unspecified,QUEENS,40.69382076139127,-73.7927994919037,"{'latitude': '40.69382076139127', 'longitude': '-73.7927994919037', 'human_address': '{""address"": """", ""city"": """", ""state"": """", ""zip"": """"}'}",,2025-11-10T00:49:11.000,The Police Department responded to the complaint and with the information available observed no evidence of the violation at that time.,2025-11-10T00:49:13.000,,,,,,,nyc_opendata_311,2025-11-12 02:39:01.699840
66773815,2025-11-10T00:22:29.000,NYPD,New York City Police Department,Noise - Commercial,Loud Music/Party,Store/Commercial,11220,5507 5 AVENUE,5 AVENUE,55 STREET,56 STREET,55 STREET,56 STREET,ADDRESS,BROOKLYN,5 AVENUE,Closed,07 BROOKLYN,3008320006,BROOKLYN,980549,173245,MOBILE,Unspecified,BROOKLYN,40.642193352491354,-74.0133359156007,"{'latitude': '40.642193352491354', 'longitude': '-74.0133359156007', 'human_address': '{""address"": """", ""city"": """", ""state"": """", ""zip"": """"}'}",,2025-11-10T00:54:01.000,The Police Department responded to the complaint and took action to fix the condition.,2025-11-10T00:54:08.000,,,,,,,nyc_opendata_311,2025-11-12 02:39:01.699840
66778873,2025-11-10T00:22:05.000,NYPD,New York City Police Department,Noise - Vehicle,Car/Truck Music,Street/Sidewalk,11237,360 KNICKERBOCKER AVENUE,KNICKERBOCKER AVENUE,DEKALB AVENUE,STOCKHOLM STREET,DEKALB AVENUE,STOCKHOLM STREET,ADDRESS,BROOKLYN,KNICKERBOCKER AVENUE,Closed,04 BROOKLYN,3032460034,BROOKLYN,1005946,194582,PHONE,Unspecified,BROOKLYN,40.700732812646166,-73.92175354666797,"{'latitude': '40.700732812646166', 'longitude': '-73.92175354666797', 'human_address': '{""address"": """", ""city"": """", ""state"": """", ""zip"": """"}'}",SUV,2025-11-10T01:48:34.000,The Police Department responded to the complaint and with the information available observed no evidence of the violation at that time.,2025-11-10T01:48:56.000,,,,,,,nyc_opendata_311,2025-11-12 02:39:01.699840
66772916,2025-11-10T00:21:55.000,NYPD,New York City Police Department,Noise - Residential,Loud Music/Party,Residential Building/House,11355,136-18 59 AVENUE,59 AVENUE,136 STREET,138 STREET,136 STREET,138 STREET,ADDRESS,FLUSHING,59 AVENUE,Closed,07 QUEENS,4063790008,QUEENS,1031575,210456,PHONE,Unspecified,QUEENS,40.74420307097581,-73.82921131111206,"{'latitude': '40.74420307097581', 'longitude': '-73.82921131111206', 'human_address': '{""address"": """", ""city"": """", ""state"": """", ""zip"": """"}'}",,2025-11-10T01:12:29.000,The Police Department responded to the complaint and took action to fix the condition.,2025-11-10T01:12:39.000,,,,,,,nyc_opendata_311,2025-11-12 02:39:01.699840
66778694,2025-11-10T00:21:52.000,NYPD,New York City Police Department,Noise - Commercial,Loud Talking,Store/Commercial,11412,193-12 LINDEN BOULEVARD,LINDEN BOULEVARD,193 STREET,194 STREET,193 STREET,194 STREET,ADDRESS,SAINT ALBANS,LINDEN BOULEVARD,Closed,12 QUEENS,4126100105,QUEENS,1051259,191757,MOBILE,Unspecified,QUEENS,40.692751761939256,-73.75836122208005,"{'latitude': '40.692751761939256', 'longitude': '-73.75836122208005', 'human_address': '{""address"": """", ""city"": """", ""state"": """", ""zip"": """"}'}",,2025-11-10T00:53:08.000,The Police Department responded to the complaint and took action to fix the condition.,2025-11-10T00:53:18.000,,,,,,,nyc_opendata_311,2025-11-12 02:39:01.699840
66773985,2025-11-10T00:21:41.000,NYPD,New York City Police Department,Noise - Vehicle,Car/Truck Music,Street/Sidewalk,10459,985 EAST  163 STREET,EAST  163 STREET,TIFFANY STREET,FOX STREET,TIFFANY STREET,FOX STREET,ADDRESS,BRONX,EAST  163 STREET,Closed,02 BRONX,2027140061,BRONX,1013555,238404,ONLINE,Unspecified,BRONX,40.820990919466,-73.89412074303881,"{'latitude': '40.820990919466', 'longitude': '-73.89412074303881', 'human_address': '{""address"": """", ""city"": """", ""state"": """", ""zip"": """"}'}",SUV,2025-11-10T00:37:40.000,The Police Department responded to the complaint and with the information available observed no evidence of the violation at that time.,2025-11-10T00:37:42.000,,,,,,,nyc_opendata_311,2025-11-12 02:39:01.699840
66777746,2025-11-10T00:21:41.000,NYPD,New York City Police Department,Noise - Residential,Loud Music/Party,Residential Building/House,11201,202 YORK STREET,YORK STREET,GOLD STREET,NAVY STREET,GOLD STREET,NAVY STREET,ADDRESS,BROOKLYN,YORK STREET,Closed,02 BROOKLYN,3000710001,BROOKLYN,989043,194796,ONLINE,Unspecified,BROOKLYN,40.70134549131544,-73.9827139265285,"{'latitude': '40.70134549131544', 'longitude': '-73.9827139265285', 'human_address': '{""address"": """", ""city"": """", ""state"": """", ""zip"": """"}'}",,2025-11-10T01:33:36.000,The Police Department responded to the complaint and took action to fix the condition.,2025-11-10T01:33:41.000,,,,,,,nyc_opendata_311,2025-11-12 02:39:01.699840
66773477,2025-11-10T00:21:19.000,DCWP,Department of Consumer and Worker Protection,Consumer Complaint,Other Store (Non-Food),Business,10034,3950 10 AVENUE,10 AVENUE,WEST  211 STREET,WEST  212 STREET,WEST  211 STREET,WEST  212 STREET,ADDRESS,NEW YORK,10 AVENUE,In Progress,12 MANHATTAN,1022290032,MANHATTAN,1007211,255205,ONLINE,Unspecified,MANHATTAN,40.86712348733807,-73.91698413521577,"{'latitude': '40.86712348733807', 'longitude': '-73.91698413521577', 'human_address': '{""address"": """", ""city"": """", ""state"": """", ""zip"": """"}'}",,,,,,,,,,,nyc_opendata_311,2025-11-12 02:39:01.699840
66773303,2025-11-10T00:21:16.000,NYPD,New York City Police Department,Illegal Parking,Blocked Hydrant,Street/Sidewalk,11378,71-67 58 AVENUE,58 AVENUE,73 STREET,73 PLACE,73 STREET,73 PLACE,ADDRESS,MASPETH,58 AVENUE,In Progress,05 QUEENS,,QUEENS,1015089,203869,MOBILE,Unspecified,QUEENS,40.726196252247554,-73.88873687697583,"{'latitude': '40.726196252247554', 'longitude': '-73.88873687697583', 'human_address': '{""address"": """", ""city"": """", ""state"": """", ""zip"": """"}'}",,,,,,,,,,,nyc_opendata_311,2025-11-12 02:39:01.699840
66773249,2025-11-10T00:20:58.000,NYPD,New York City Police Department,Blocked Driveway,No Access,Street/Sidewalk,10457,2131 BELMONT AVENUE,BELMONT AVENUE,EAST  181 STREET,EAST  182 STREET,EAST  181 STREET,EAST  182 STREET,ADDRESS,BRONX,BELMONT AVENUE,In Progress,06 BRONX,2030820001,BRONX,1014932,248869,MOBILE,Unspecified,BRONX,40.849709621471426,-73.88909776410331,"{'latitude': '40.849709621471426', 'longitude': '-73.88909776410331', 'human_address': '{""address"": """", ""city"": """", ""state"": """", ""zip"": """"}'}",,,,,,,,,,,nyc_opendata_311,2025-11-12 02:39:01.699840
66777179,2025-11-10T00:20:55.000,NYPD,New York City Police Department,Illegal Parking,Commercial Overnight Parking,Street/Sidewalk,11206,186 HARRISON AVENUE,HARRISON AVENUE,WALLABOUT STREET,GERRY STREET,WALLABOUT STREET,GERRY STREET,ADDRESS,BROOKLYN,HARRISON AVENUE,In Progress,01 BROOKLYN,3022657501,BROOKLYN,998572,194754,MOBILE,Unspecified,BROOKLYN,40.701219919271146,-73.94834744613452,"{'latitude': '40.701219919271146', 'longitude': '-73.94834744613452', 'human_address': '{""address"": """", ""city"": """", ""state"": """", ""zip"": """"}'}",,,,,,,,,,,nyc_opendata_311,2025-11-12 02:39:01.699840
66776834,2025-11-10T00:20:33.000,NYPD,New York City Police Department,Noise - Residential,Loud Music/Party,Residential Building/House,11237,373 KNICKERBOCKER AVENUE,KNICKERBOCKER AVENUE,STOCKHOLM STREET,STANHOPE STREET,STOCKHOLM STREET,STANHOPE STREET,ADDRESS,BROOKLYN,KNICKERBOCKER AVENUE,Closed,04 BROOKLYN,3032580004,BROOKLYN,1006092,194480,MOBILE,Unspecified,BROOKLYN,40.700452487452424,-73.92122732990298,"{'latitude': '40.700452487452424', 'longitude': '-73.92122732990298', 'human_address': '{""address"": """", ""city"": """", ""state"": """", ""zip"": """"}'}",,2025-11-10T01:44:32.000,The Police Department responded to the complaint and with the information available observed no evidence of the violation at that time.,2025-11-10T01:44:37.000,,,,,,,nyc_opendata_311,2025-11-12 02:39:01.699840
66777533,2025-11-10T00:20:11.000,NYPD,New York City Police Department,Illegal Parking,Posted Parking Sign Violation,Street/Sidewalk,11694,125 BEACH  117 STREET,BEACH  117 STREET,OCEAN PROMENADE,ROCKAWAY BEACH BOULEVARD,OCEAN PROMENADE,ROCKAWAY BEACH BOULEVARD,ADDRESS,FAR ROCKAWAY,BEACH  117 STREET,Closed,14 QUEENS,4162270037,QUEENS,1029429,149974,ONLINE,Unspecified,QUEENS,40.57820489421113,-73.837361133445,"{'latitude': '40.57820489421113', 'longitude': '-73.837361133445', 'human_address': '{""address"": """", ""city"": """", ""state"": """", ""zip"": """"}'}",,2025-11-10T01:12:49.000,The Police Department responded to the complaint and took action to fix the condition.,2025-11-10T01:12:55.000,,,,,,,nyc_opendata_311,2025-11-12 02:39:01.699840
66774291,2025-11-10T00:20:08.000,NYPD,New York City Police Department,Noise - Commercial,Loud Music/Party,Store/Commercial,11417,104-07 LIBERTY AVENUE,LIBERTY AVENUE,104 STREET,105 STREET,104 STREET,105 STREET,ADDRESS,OZONE PARK,LIBERTY AVENUE,In Progress,10 QUEENS,4095080047,QUEENS,1029508,187818,MOBILE,Unspecified,QUEENS,40.68207808807897,-73.83682296639265,"{'latitude': '40.68207808807897', 'longitude': '-73.83682296639265', 'human_address': '{""address"": """", ""city"": """", ""state"": """", ""zip"": """"}'}",,,,,,,,,,,nyc_opendata_311,2025-11-12 02:39:01.699840
66779763,2025-11-10T00:20:08.000,NYPD,New York City Police Department,Noise - Residential,Loud Music/Party,Residential Building/House,10463,135 WEST  238 STREET,WEST  238 STREET,FORT INDEPENDENCE STREET,BAILEY AVENUE,FORT INDEPENDENCE STREET,BAILEY AVENUE,ADDRESS,BRONX,WEST  238 STREET,Closed,08 BRONX,2032630145,BRONX,1012544,261188,ONLINE,Unspecified,BRONX,40.883529484075694,-73.89767733584449,"{'latitude': '40.883529484075694', 'longitude': '-73.89767733584449', 'human_address': '{""address"": """", ""city"": """", ""state"": """", ""zip"": """"}'}",,2025-11-10T01:04:37.000,The Police Department responded to the complaint but officers were unable to gain entry into the premises.,2025-11-10T01:04:43.000,,,,,,,nyc_opendata_311,2025-11-12 02:39:01.699840
66774773,2025-11-10T00:20:03.000,NYPD,New York City Police Department,Blocked Driveway,No Access,Street/Sidewalk,11436,114-27 149 STREET,149 STREET,LINDEN BOULEVARD,115 AVENUE,LINDEN BOULEVARD,115 AVENUE,ADDRESS,JAMAICA,149 STREET,Closed,12 QUEENS,4119800053,QUEENS,1041303,189098,ONLINE,Unspecified,QUEENS,40.685523220208054,-73.79428557475332,"{'latitude': '40.685523220208054', 'longitude': '-73.79428557475332', 'human_address': '{""address"": """", ""city"": """", ""state"": """", ""zip"": """"}'}",,2025-11-10T00:52:18.000,The Police Department issued a summons in response to the complaint.,2025-11-10T00:52:28.000,,,,,,,nyc_opendata_311,2025-11-12 02:39:01.699840
66777703,2025-11-10T00:20:00.000,NYPD,New York City Police Department,Noise - Residential,Banging/Pounding,Residential Building/House,10303,60 HOLLAND AVENUE,HOLLAND AVENUE,RICHMOND TERRACE,BENJAMIN PLACE,RICHMOND TERRACE,BENJAMIN PLACE,ADDRESS,STATEN ISLAND,HOLLAND AVENUE,Closed,01 STATEN ISLAND,5013180119,STATEN ISLAND,936720,172020,ONLINE,Unspecified,STATEN ISLAND,40.63870423523828,-74.17125731615327,"{'latitude': '40.63870423523828', 'longitude': '-74.17125731615327', 'human_address': '{""address"": """", ""city"": """", ""state"": """", ""zip"": """"}'}",,2025-11-10T01:05:36.000,The Police Department responded to the complaint and with the information available observed no evidence of the violation at that time.,2025-11-10T01:05:43.000,,,,,,,nyc_opendata_311,2025-11-12 02:39:01.699840
66775861,2025-11-10T00:19:57.000,NYPD,New York City Police Department,Noise - Residential,Loud Music/Party,Residential Building/House,10456,1465 WASHINGTON AVENUE,WASHINGTON AVENUE,ST PAULS PLACE,EAST  171 STREET,ST PAULS PLACE,EAST  171 STREET,ADDRESS,BRONX,WASHINGTON AVENUE,Closed,03 BRONX,2029020036,BRONX,1010885,244212,ONLINE,Unspecified,BRONX,40.83694066292417,-73.90374441298103,"{'latitude': '40.83694066292417', 'longitude': '-73.90374441298103', 'human_address': '{""address"": """", ""city"": """", ""state"": """", ""zip"": """"}'}",,2025-11-10T01:26:03.000,The Police Department responded to the complaint and took action to fix the condition.,2025-11-10T01:26:09.000,,,,,,,nyc_opendata_311,2025-11-12 02:39:01.699840
66774284,2025-11-10T00:19:34.000,NYPD,New York City Police Department,Illegal Parking,Posted Parking Sign Violation,Street/Sidewalk,11229,2368 EAST   23 STREET,EAST   23 STREET,AVENUE W,AVENUE X,AVENUE W,AVENUE X,ADDRESS,BROOKLYN,EAST   23 STREET,In Progress,15 BROOKLYN,3074050225,BROOKLYN,998853,155633,PHONE,Unspecified,BROOKLYN,40.59384081357778,-73.94741870608132,"{'latitude': '40.59384081357778', 'longitude': '-73.94741870608132', 'human_address': '{""address"": """", ""city"": """", ""state"": """", ""zip"": """"}'}",,,,,,,,,,,nyc_opendata_311,2025-11-12 02:39:01.699840
66773633,2025-11-10T00:19:12.000,NYPD,New York City Police Department,Illegal Parking,Blocked Hydrant,Street/Sidewalk,11420,133-32 122 STREET,122 STREET,133 AVENUE,135 AVENUE,133 AVENUE,135 AVENUE,ADDRESS,SOUTH OZONE PARK,122 STREET,Closed,10 QUEENS,4117420057,QUEENS,1034834,183993,PHONE,Unspecified,QUEENS,40.671550515152006,-73.81764891524425,"{'latitude': '40.671550515152006', 'longitude': '-73.81764891524425', 'human_address': '{""address"": """", ""city"": """", ""state"": """", ""zip"": """"}'}",,2025-11-10T01:46:43.000,The Police Department responded to the complaint and with the information available observed no evidence of the violation at that time.,2025-11-10T01:46:47.000,,,,,,,nyc_opendata_311,2025-11-12 02:39:01.699840
66779721,2025-11-10T00:19:12.000,NYPD,New York City Police Department,Noise - Residential,Banging/Pounding,Residential Building/House,11367,72-21 153 STREET,153 STREET,72 ROAD,72 DRIVE,72 ROAD,72 DRIVE,ADDRESS,FLUSHING,153 STREET,Closed,08 QUEENS,4068030002,QUEENS,1035591,204434,MOBILE,Unspecified,QUEENS,40.727651801278654,-73.81476417879685,"{'latitude': '40.727651801278654', 'longitude': '-73.81476417879685', 'human_address': '{""address"": """", ""city"": """", ""state"": """", ""zip"": """"}'}",,2025-11-10T00:30:52.000,The Police Department responded to the complaint and took action to fix the condition.,2025-11-10T00:30:57.000,,,,,,,nyc_opendata_311,2025-11-12 02:39:01.699840
66773949,2025-11-10T00:18:58.000,NYPD,New York City Police Department,Noise - Street/Sidewalk,Loud Music/Party,Street/Sidewalk,11433,108-22 157 STREET,157 STREET,108 AVENUE,109 AVENUE,108 AVENUE,109 AVENUE,ADDRESS,JAMAICA,157 STREET,Closed,12 QUEENS,,QUEENS,1041054,192285,ONLINE,Unspecified,QUEENS,40.69427237928853,-73.79515651193297,"{'latitude': '40.69427237928853', 'longitude': '-73.79515651193297', 'human_address': '{""address"": """", ""city"": """", ""state"": """", ""zip"": """"}'}",,2025-11-10T00:36:50.000,The Police Department responded to the complaint and with the information available observed no evidence of the violation at that time.,2025-11-10T00:36:52.000,,,,,,,nyc_opendata_311,2025-11-12 02:39:01.699840
66773022,2025-11-10T00:18:46.000,NYPD,New York City Police Department,Noise - Vehicle,Car/Truck Music,Street/Sidewalk,11237,370 KNICKERBOCKER AVENUE,KNICKERBOCKER AVENUE,STOCKHOLM STREET,STANHOPE STREET,STOCKHOLM STREET,STANHOPE STREET,ADDRESS,BROOKLYN,KNICKERBOCKER AVENUE,Closed,04 BROOKLYN,3032570031,BROOKLYN,1006062,194495,PHONE,Unspecified,BROOKLYN,40.70049373292513,-73.92133547557344,"{'latitude': '40.70049373292513', 'longitude': '-73.92133547557344', 'human_address': '{""address"": """", ""city"": """", ""state"": """", ""zip"": """"}'}",Car,2025-11-10T01:44:51.000,The Police Department responded to the complaint and with the information available observed no evidence of the violation at that time.,2025-11-10T01:44:57.000,,,,,,,nyc_opendata_311,2025-11-12 02:39:01.699840
66778130,2025-11-10T00:18:18.000,NYPD,New York City Police Department,Illegal Parking,Blocked Hydrant,Street/Sidewalk,10465,283 DAVIS AVENUE,DAVIS AVENUE,HARDING AVENUE,MILES AVENUE,HARDING AVENUE,MILES AVENUE,ADDRESS,BRONX,DAVIS AVENUE,In Progress,10 BRONX,2055990053,BRONX,1032530,236378,ONLINE,Unspecified,BRONX,40.81534679915799,-73.8255785999024,"{'latitude': '40.81534679915799', 'longitude': '-73.8255785999024', 'human_address': '{""address"": """", ""city"": """", ""state"": """", ""zip"": """"}'}",,,,,,,,,,,nyc_opendata_311,2025-11-12 02:39:01.699840
66779203,2025-11-10T00:18:07.000,NYPD,New York City Police Department,Noise - Street/Sidewalk,Loud Talking,Street/Sidewalk,10032,765 RIVERSIDE DRIVE,RIVERSIDE DRIVE,,WEST  155 STREET,,WEST  155 STREET,ADDRESS,NEW YORK,RIVERSIDE DRIVE,In Progress,12 MANHATTAN,1021340199,MANHATTAN,998523,243199,PHONE,Unspecified,MANHATTAN,40.834188902893246,-73.94842128875594,"{'latitude': '40.834188902893246', 'longitude': '-73.94842128875594', 'human_address': '{""address"": """", ""city"": """", ""state"": """", ""zip"": """"}'}",,,,,,,,,,,nyc_opendata_311,2025-11-12 02:39:01.699840
66778497,2025-11-10T00:18:07.000,NYPD,New York City Police Department,Illegal Parking,Commercial Overnight Parking,Street/Sidewalk,10465,3286 RADIO DRIVE,RADIO DRIVE,GRISWOLD AVENUE,BEND,GRISWOLD AVENUE,BEND,ADDRESS,BRONX,RADIO DRIVE,Closed,10 BRONX,2054140113,BRONX,1034564,246662,ONLINE,Unspecified,BRONX,40.84356202395745,-73.81815325101906,"{'latitude': '40.84356202395745', 'longitude': '-73.81815325101906', 'human_address': '{""address"": """", ""city"": """", ""state"": """", ""zip"": """"}'}",,2025-11-10T01:32:32.000,The Police Department responded to the complaint and with the information available observed no evidence of the violation at that time.,2025-11-10T01:32:37.000,,,,,,,nyc_opendata_311,2025-11-12 02:39:01.699840
66777210,2025-11-10T00:17:58.000,NYPD,New York City Police Department,Noise - Street/Sidewalk,Loud Music/Party,Street/Sidewalk,11368,96-08 57 AVENUE,57 AVENUE,96 STREET,97 STREET,96 STREET,97 STREET,ADDRESS,CORONA,57 AVENUE,In Progress,04 QUEENS,4019180055,QUEENS,1021766,207807,PHONE,Unspecified,QUEENS,40.73697928571333,-73.86462520253363,"{'latitude': '40.73697928571333', 'longitude': '-73.86462520253363', 'human_address': '{""address"": """", ""city"": """", ""state"": """", ""zip"": """"}'}",,,,,,,,,,,nyc_opendata_311,2025-11-12 02:39:01.699840
66775152,2025-11-10T00:17:44.000,NYPD,New York City Police Department,Drug Activity,Use Outside,Street/Sidewalk,10014,32 JONES STREET,JONES STREET,WEST    4 STREET,BLEECKER STREET,WEST    4 STREET,BLEECKER STREET,ADDRESS,NEW YORK,JONES STREET,Closed,02 MANHATTAN,1005900011,MANHATTAN,983623,206000,ONLINE,Unspecified,MANHATTAN,40.73209906142789,-74.00226233467885,"{'latitude': '40.73209906142789', 'longitude': '-74.00226233467885', 'human_address': '{""address"": """", ""city"": """", ""state"": """", ""zip"": """"}'}",,2025-11-10T00:38:58.000,The Police Department responded to the complaint and took action to fix the condition.,2025-11-10T00:39:03.000,,,,,,,nyc_opendata_311,2025-11-12 02:39:01.699840
66772970,2025-11-10T00:17:42.000,NYPD,New York City Police Department,Noise - Street/Sidewalk,Loud Music/Party,Street/Sidewalk,11237,366 KNICKERBOCKER AVENUE,KNICKERBOCKER AVENUE,STOCKHOLM STREET,STANHOPE STREET,STOCKHOLM STREET,STANHOPE STREET,ADDRESS,BROOKLYN,KNICKERBOCKER AVENUE,Closed,04 BROOKLYN,3032570029,BROOKLYN,1006036,194515,ONLINE,Unspecified,BROOKLYN,40.70054869227435,-73.92142917928543,"{'latitude': '40.70054869227435', 'longitude': '-73.92142917928543', 'human_address': '{""address"": """", ""city"": """", ""state"": """", ""zip"": """"}'}",,2025-11-10T01:46:21.000,The Police Department responded to the complaint and with the information available observed no evidence of the violation at that time.,2025-11-10T01:46:28.000,,,,,,,nyc_opendata_311,2025-11-12 02:39:01.699840
66778815,2025-11-10T00:17:18.000,NYPD,New York City Police Department,Noise - Street/Sidewalk,Loud Music/Party,Street/Sidewalk,11237,343 KNICKERBOCKER AVENUE,KNICKERBOCKER AVENUE,DEKALB AVENUE,STOCKHOLM STREET,DEKALB AVENUE,STOCKHOLM STREET,ADDRESS,BROOKLYN,KNICKERBOCKER AVENUE,Closed,04 BROOKLYN,3032470006,BROOKLYN,1005844,194666,ONLINE,Unspecified,BROOKLYN,40.700963622394084,-73.92212113933594,"{'latitude': '40.700963622394084', 'longitude': '-73.92212113933594', 'human_address': '{""address"": """", ""city"": """", ""state"": """", ""zip"": """"}'}",,2025-11-10T01:45:56.000,The Police Department responded to the complaint and with the information available observed no evidence of the violation at that time.,2025-11-10T01:46:00.000,,,,,,,nyc_opendata_311,2025-11-12 02:39:01.699840
66772991,2025-11-10T00:17:04.000,NYPD,New York City Police Department,Noise - Street/Sidewalk,Loud Music/Party,Street/Sidewalk,11237,362 KNICKERBOCKER AVENUE,KNICKERBOCKER AVENUE,STOCKHOLM STREET,STANHOPE STREET,STOCKHOLM STREET,STANHOPE STREET,ADDRESS,BROOKLYN,KNICKERBOCKER AVENUE,Closed,04 BROOKLYN,3032570027,BROOKLYN,1006009,194535,MOBILE,Unspecified,BROOKLYN,40.700603654005825,-73.92152648963516,"{'latitude': '40.700603654005825', 'longitude': '-73.92152648963516', 'human_address': '{""address"": """", ""city"": """", ""state"": """", ""zip"": """"}'}",,2025-11-10T01:45:46.000,The Police Department responded to the complaint and with the information available observed no evidence of the violation at that time.,2025-11-10T01:45:52.000,,,,,,,nyc_opendata_311,2025-11-12 02:39:01.699840
66773341,2025-11-10T00:16:36.000,NYPD,New York City Police Department,Noise - Residential,Banging/Pounding,Residential Building/House,11208,438 SAPPHIRE STREET,SAPPHIRE STREET,DEAD END,STANLEY AVENUE,DEAD END,STANLEY AVENUE,ADDRESS,BROOKLYN,SAPPHIRE STREET,In Progress,05 BROOKLYN,3045190119,BROOKLYN,1024045,182447,ONLINE,Unspecified,BROOKLYN,40.6673621680182,-73.85655140457447,"{'latitude': '40.6673621680182', 'longitude': '-73.85655140457447', 'human_address': '{""address"": """", ""city"": """", ""state"": """", ""zip"": """"}'}",,,,,,,,,,,nyc_opendata_311,2025-11-12 02:39:01.699840
66773446,2025-11-10T00:16:32.000,DSNY,Department of Sanitation,Missed Collection,Recycling - Metal/Glass/Rigid Plastic,Street,11420,114-27 122 STREET,122 STREET,LINDEN BOULEVARD,HAWTREE CREEK ROAD,LINDEN BOULEVARD,HAWTREE CREEK ROAD,ADDRESS,SOUTH OZONE PARK,122 STREET,In Progress,10 QUEENS,4116490020,QUEENS,1034856,186689,ONLINE,Unspecified,QUEENS,40.67895028619613,-73.81754936456848,"{'latitude': '40.67895028619613', 'longitude': '-73.81754936456848', 'human_address': '{""address"": """", ""city"": """", ""state"": """", ""zip"": """"}'}",,,,,,,,,,,nyc_opendata_311,2025-11-12 02:39:01.699840
66773370,2025-11-10T00:16:29.000,DOT,Department of Transportation,Street Condition,Line/Marking - After Repaving,Crosswalk,11361,46 AVENUE,46 AVENUE,46 AVENUE,206 STREET,46 AVENUE,206 STREET,INTERSECTION,,,In Progress,11 QUEENS,,QUEENS,1046300,214870,ONLINE,Unspecified,QUEENS,40.75622728815136,-73.77603051318651,"{'latitude': '40.75622728815136', 'longitude': '-73.77603051318651', 'human_address': '{""address"": """", ""city"": """", ""state"": """", ""zip"": """"}'}",,,,,,,,,,,nyc_opendata_311,2025-11-12 02:39:01.699840
66772944,2025-11-10T00:15:31.000,NYPD,New York City Police Department,Noise - Residential,Loud Music/Party,Residential Building/House,10452,111 TUDOR PLACE,TUDOR PLACE,WALTON AVENUE,GRAND CONCOURSE,WALTON AVENUE,GRAND CONCOURSE,ADDRESS,BRONX,TUDOR PLACE,Closed,04 BRONX,2024630063,BRONX,1006495,243221,MOBILE,Unspecified,BRONX,40.83423280467965,-73.91961260537592,"{'latitude': '40.83423280467965', 'longitude': '-73.91961260537592', 'human_address': '{""address"": """", ""city"": """", ""state"": """", ""zip"": """"}'}",,2025-11-10T00:49:59.000,The Police Department responded to the complaint and took action to fix the condition.,2025-11-10T00:50:07.000,,,,,,,nyc_opendata_311,2025-11-12 02:39:01.699840
66777780,2025-11-10T00:15:07.000,NYPD,New York City Police Department,Noise - Residential,Loud Music/Party,Residential Building/House,10469,3127 NEW ENGLAND THRUWAY,NEW ENGLAND THRUWAY,EDSON AVENUE,BAYCHESTER AVENUE,EDSON AVENUE,BAYCHESTER AVENUE,ADDRESS,BRONX,NEW ENGLAND THRUWAY,Closed,12 BRONX,2047790015,BRONX,1029797,257999,PHONE,Unspecified,BRONX,40.874704504316895,-73.8353052410215,"{'latitude': '40.874704504316895', 'longitude': '-73.8353052410215', 'human_address': '{""address"": """", ""city"": """", ""state"": """", ""zip"": """"}'}",,2025-11-10T01:42:31.000,The Police Department responded to the complaint and took action to fix the condition.,2025-11-10T01:42:37.000,,,,,,,nyc_opendata_311,2025-11-12 02:39:01.699840
66773322,2025-11-10T00:14:59.000,NYPD,New York City Police Department,Illegal Parking,Commercial Overnight Parking,Street/Sidewalk,11377,32-26 62 STREET,62 STREET,32 AVENUE,NORTHERN BOULEVARD,32 AVENUE,NORTHERN BOULEVARD,ADDRESS,WOODSIDE,62 STREET,In Progress,01 QUEENS,4011620019,QUEENS,1011795,214503,MOBILE,Unspecified,QUEENS,40.75539478867496,-73.90057764680977,"{'latitude': '40.75539478867496', 'longitude': '-73.90057764680977', 'human_address': '{""address"": """", ""city"": """", ""state"": """", ""zip"": """"}'}",,,,,,,,,,,nyc_opendata_311,2025-11-12 02:39:01.699840
66778174,2025-11-10T00:14:27.000,NYPD,New York City Police Department,Noise - Residential,Loud Music/Party,Residential Building/House,11372,86-01 NORTHERN BOULEVARD,NORTHERN BOULEVARD,86 STREET,87 STREET,86 STREET,87 STREET,ADDRESS,JACKSON HEIGHTS,NORTHERN BOULEVARD,In Progress,03 QUEENS,4014160047,QUEENS,1017077,214720,ONLINE,Unspecified,QUEENS,40.75597236535352,-73.88151148367707,"{'latitude': '40.75597236535352', 'longitude': '-73.88151148367707', 'human_address': '{""address"": """", ""city"": """", ""state"": """", ""zip"": """"}'}",,,,,,,,,,,nyc_opendata_311,2025-11-12 02:39:01.699840
66779772,2025-11-10T00:13:56.000,NYPD,New York City Police Department,Noise - Residential,Loud Music/Party,Residential Building/House,11237,199 STOCKHOLM STREET,STOCKHOLM STREET,WILSON AVENUE,KNICKERBOCKER AVENUE,WILSON AVENUE,KNICKERBOCKER AVENUE,ADDRESS,BROOKLYN,STOCKHOLM STREET,Closed,04 BROOKLYN,3032460036,BROOKLYN,1005849,194391,ONLINE,Unspecified,BROOKLYN,40.70020879980634,-73.92210398877226,"{'latitude': '40.70020879980634', 'longitude': '-73.92210398877226', 'human_address': '{""address"": """", ""city"": """", ""state"": """", ""zip"": """"}'}",,2025-11-10T01:09:07.000,The Police Department responded to the complaint and took action to fix the condition.,2025-11-10T01:09:10.000,,,,,,,nyc_opendata_311,2025-11-12 02:39:01.699840
66773281,2025-11-10T00:13:53.000,DOHMH,Department of Health and Mental Hygiene,Unleashed Dog,Unleashed Dog in Public,Public/Unfenced Area,10462,2114 GLEBE AVENUE,GLEBE AVENUE,WESTCHESTER AVENUE,LYON AVENUE,WESTCHESTER AVENUE,LYON AVENUE,ADDRESS,BRONX,GLEBE AVENUE,In Progress,10 BRONX,2039640001,BRONX,1025682,243464,ONLINE,Unspecified,BRONX,40.83483059802516,-73.85027459589845,"{'latitude': '40.83483059802516', 'longitude': '-73.85027459589845', 'human_address': '{""address"": """", ""city"": """", ""state"": """", ""zip"": """"}'}",,,,,,,,,,,nyc_opendata_311,2025-11-12 02:39:01.699840
66774235,2025-11-10T00:13:50.000,TLC,Taxi and Limousine Commission,Taxi Complaint,Driver Complaint - Passenger,Street,11430,JOHN F KENNEDY AIRPORT,JOHN F KENNEDY AIRPORT,BEND,AIRTRAIN-HOWARD BCH/JAMAICA LINE,BEND,AIRTRAIN-HOWARD BCH/JAMAICA LINE,PLACE,JAMAICA,JOHN F KENNEDY AIRPORT,In Progress,83 QUEENS,4142600001,QUEENS,1043001,175548,ONLINE,Unspecified,QUEENS,40.64832048620134,-73.78828125130184,"{'latitude': '40.64832048620134', 'longitude': '-73.78828125130184', 'human_address': '{""address"": """", ""city"": """", ""state"": """", ""zip"": """"}'}",,,,,,,"JOHN F KENNEDY AIRPORT, QUEENS (JAMAICA) ,NY, 11430",,,,nyc_opendata_311,2025-11-12 02:39:01.699840
66773918,2025-11-10T00:13:31.000,NYPD,New York City Police Department,Noise - Residential,Loud Music/Party,Residential Building/House,11375,66-25 103 STREET,103 STREET,66 AVENUE,66 ROAD,66 AVENUE,66 ROAD,ADDRESS,FOREST HILLS,103 STREET,Closed,06 QUEENS,4021320045,QUEENS,1025479,205076,PHONE,Unspecified,QUEENS,40.729466843681784,-73.85124376881488,"{'latitude': '40.729466843681784', 'longitude': '-73.85124376881488', 'human_address': '{""address"": """", ""city"": """", ""state"": """", ""zip"": """"}'}",,2025-11-10T00:35:31.000,The Police Department responded to the complaint and with the information available observed no evidence of the violation at that time.,2025-11-10T00:35:37.000,,,,,,,nyc_opendata_311,2025-11-12 02:39:01.699840
66774996,2025-11-10T00:13:29.000,NYPD,New York City Police Department,Noise - Vehicle,Car/Truck Music,Street/Sidewalk,11237,KNICKERBOCKER AVENUE,KNICKERBOCKER AVENUE,KNICKERBOCKER AVENUE,STOCKHOLM STREET,KNICKERBOCKER AVENUE,STOCKHOLM STREET,INTERSECTION,,,Closed,04 BROOKLYN,,BROOKLYN,1005980,194561,PHONE,Unspecified,BROOKLYN,40.70067508915607,-73.92163099375843,"{'latitude': '40.70067508915607', 'longitude': '-73.92163099375843', 'human_address': '{""address"": """", ""city"": """", ""state"": """", ""zip"": """"}'}",Van,2025-11-10T01:45:16.000,The Police Department responded to the complaint and with the information available observed no evidence of the violation at that time.,2025-11-10T01:45:21.000,,,,,,,nyc_opendata_311,2025-11-12 02:39:01.699840
66772734,2025-11-10T00:13:28.000,NYPD,New York City Police Department,Noise - Vehicle,Engine Idling,Street/Sidewalk,10301,137 BENZIGER AVENUE,BENZIGER AVENUE,WESTERVELT AVENUE,BISMARK AVENUE,WESTERVELT AVENUE,BISMARK AVENUE,ADDRESS,STATEN ISLAND,BENZIGER AVENUE,Closed,01 STATEN ISLAND,5000390055,STATEN ISLAND,961153,172370,ONLINE,Unspecified,STATEN ISLAND,40.639762323003076,-74.08322303866501,"{'latitude': '40.639762323003076', 'longitude': '-74.08322303866501', 'human_address': '{""address"": """", ""city"": """", ""state"": """", ""zip"": """"}'}",SUV,2025-11-10T00:49:54.000,The Police Department responded to the complaint and with the information available observed no evidence of the violation at that time.,2025-11-10T00:50:02.000,,,,,,,nyc_opendata_311,2025-11-12 02:39:01.699840
66776876,2025-11-10T00:13:21.000,NYPD,New York City Police Department,Noise - Street/Sidewalk,Loud Music/Party,Street/Sidewalk,11237,362 KNICKERBOCKER AVENUE,KNICKERBOCKER AVENUE,STOCKHOLM STREET,STANHOPE STREET,STOCKHOLM STREET,STANHOPE STREET,ADDRESS,BROOKLYN,KNICKERBOCKER AVENUE,Closed,04 BROOKLYN,3032570027,BROOKLYN,1006009,194535,MOBILE,Unspecified,BROOKLYN,40.700603654005825,-73.92152648963516,"{'latitude': '40.700603654005825', 'longitude': '-73.92152648963516', 'human_address': '{""address"": """", ""city"": """", ""state"": """", ""zip"": """"}'}",,2025-11-10T01:45:36.000,The Police Department responded to the complaint and with the information available observed no evidence of the violation at that time.,2025-11-10T01:45:45.000,,,,,,,nyc_opendata_311,2025-11-12 02:39:01.699840
66773021,2025-11-10T00:13:19.000,NYPD,New York City Police Department,Noise - Vehicle,Car/Truck Music,Street/Sidewalk,10457,1688 WEEKS AVENUE,WEEKS AVENUE,EAST  173 STREET,EAST  174 STREET,EAST  173 STREET,EAST  174 STREET,ADDRESS,BRONX,WEEKS AVENUE,Closed,04 BRONX,2027920031,BRONX,1009813,246823,PHONE,Unspecified,BRONX,40.84411026120534,-73.90760853285636,"{'latitude': '40.84411026120534', 'longitude': '-73.90760853285636', 'human_address': '{""address"": """", ""city"": """", ""state"": """", ""zip"": """"}'}",Car,2025-11-10T01:41:48.000,The Police Department responded to the complaint and with the information available observed no evidence of the violation at that time.,2025-11-10T01:41:52.000,,,,,,,nyc_opendata_311,2025-11-12 02:39:01.699840
66772959,2025-11-10T00:13:09.000,NYPD,New York City Police Department,Noise - Residential,Loud Talking,Residential Building/House,11222,148 INDIA STREET,INDIA STREET,MANHATTAN AVENUE,MCGUINNESS BOULEVARD,MANHATTAN AVENUE,MCGUINNESS BOULEVARD,ADDRESS,BROOKLYN,INDIA STREET,Closed,01 BROOKLYN,3025410010,BROOKLYN,997028,206107,ONLINE,Unspecified,BROOKLYN,40.73238354242102,-73.95389435841567,"{'latitude': '40.73238354242102', 'longitude': '-73.95389435841567', 'human_address': '{""address"": """", ""city"": """", ""state"": """", ""zip"": """"}'}",,2025-11-10T00:37:14.000,The Police Department responded to the complaint and with the information available observed no evidence of the violation at that time.,2025-11-10T00:37:18.000,,,,,,,nyc_opendata_311,2025-11-12 02:39:01.699840
66776248,2025-11-10T00:13:08.000,NYPD,New York City Police Department,Noise - Commercial,Loud Music/Party,Club/Bar/Restaurant,11385,341 ST NICHOLAS AVENUE,ST NICHOLAS AVENUE,PALMETTO STREET,WOODBINE STREET,PALMETTO STREET,WOODBINE STREET,ADDRESS,RIDGEWOOD,ST NICHOLAS AVENUE,In Progress,05 QUEENS,4034490006,QUEENS,1009255,194517,ONLINE,Unspecified,QUEENS,40.700545671364274,-73.90981991340574,"{'latitude': '40.700545671364274', 'longitude': '-73.90981991340574', 'human_address': '{""address"": """", ""city"": """", ""state"": """", ""zip"": """"}'}",,,,,,,,,,,nyc_opendata_311,2025-11-12 02:39:01.699840
66778498,2025-11-10T00:13:08.000,NYPD,New York City Police Department,Illegal Parking,Commercial Overnight Parking,Street/Sidewalk,11374,66-00 BOOTH STREET,BOOTH STREET,66 AVENUE,67 AVENUE,66 AVENUE,67 AVENUE,ADDRESS,REGO PARK,BOOTH STREET,Closed,06 QUEENS,,QUEENS,1023970,203902,ONLINE,Unspecified,QUEENS,40.7262514091044,-73.8566952337213,"{'latitude': '40.7262514091044', 'longitude': '-73.8566952337213', 'human_address': '{""address"": """", ""city"": """", ""state"": """", ""zip"": """"}'}",,2025-11-10T01:37:14.000,The Police Department responded to the complaint and with the information available observed no evidence of the violation at that time.,2025-11-10T01:37:17.000,,,,,,,nyc_opendata_311,2025-11-12 02:39:01.699840
66778816,2025-11-10T00:13:00.000,NYPD,New York City Police Department,Noise - Street/Sidewalk,Loud Music/Party,Street/Sidewalk,11237,351 KNICKERBOCKER AVENUE,KNICKERBOCKER AVENUE,DEKALB AVENUE,STOCKHOLM STREET,DEKALB AVENUE,STOCKHOLM STREET,ADDRESS,BROOKLYN,KNICKERBOCKER AVENUE,Closed,04 BROOKLYN,,BROOKLYN,1005897,194627,ONLINE,Unspecified,BROOKLYN,40.700856447070294,-73.92193012004813,"{'latitude': '40.700856447070294', 'longitude': '-73.92193012004813', 'human_address': '{""address"": """", ""city"": """", ""state"": """", ""zip"": """"}'}",,2025-11-10T01:46:51.000,The Police Department responded to the complaint and with the information available observed no evidence of the violation at that time.,2025-11-10T01:47:00.000,,,,,,,nyc_opendata_311,2025-11-12 02:39:01.699840
66774297,2025-11-10T00:12:51.000,NYPD,New York City Police Department,Noise - Residential,Banging/Pounding,Residential Building/House,11419,107-46 111 STREET,111 STREET,107 AVENUE,109 AVENUE,107 AVENUE,109 AVENUE,ADDRESS,SOUTH RICHMOND HILL,111 STREET,In Progress,10 QUEENS,4095480028,QUEENS,1031445,187821,MOBILE,Unspecified,QUEENS,40.68207620658628,-73.82983913842365,"{'latitude': '40.68207620658628', 'longitude': '-73.82983913842365', 'human_address': '{""address"": """", ""city"": """", ""state"": """", ""zip"": """"}'}",,,,,,,,,,,nyc_opendata_311,2025-11-12 02:39:01.699840
66778834,2025-11-10T00:12:26.000,NYPD,New York City Police Department,Noise - Street/Sidewalk,Loud Music/Party,Street/Sidewalk,11237,199 STOCKHOLM STREET,STOCKHOLM STREET,WILSON AVENUE,KNICKERBOCKER AVENUE,WILSON AVENUE,KNICKERBOCKER AVENUE,ADDRESS,BROOKLYN,STOCKHOLM STREET,Closed,04 BROOKLYN,3032460036,BROOKLYN,1005849,194391,ONLINE,Unspecified,BROOKLYN,40.70020879980634,-73.92210398877226,"{'latitude': '40.70020879980634', 'longitude': '-73.92210398877226', 'human_address': '{""address"": """", ""city"": """", ""state"": """", ""zip"": """"}'}",,2025-11-10T01:48:11.000,The Police Department responded to the complaint and with the information available observed no evidence of the violation at that time.,2025-11-10T01:48:56.000,,,,,,,nyc_opendata_311,2025-11-12 02:39:01.699840
66776249,2025-11-10T00:12:18.000,NYPD,New York City Police Department,Noise - Commercial,Loud Talking,Store/Commercial,11105,20-30 STEINWAY STREET,STEINWAY STREET,20 AVENUE,20 ROAD,20 AVENUE,20 ROAD,ADDRESS,ASTORIA,STEINWAY STREET,In Progress,01 QUEENS,4008090045,QUEENS,1011258,221933,MOBILE,Unspecified,QUEENS,40.775789861408725,-73.90248606662297,"{'latitude': '40.775789861408725', 'longitude': '-73.90248606662297', 'human_address': '{""address"": """", ""city"": """", ""state"": """", ""zip"": """"}'}",,,,,,,,,,,nyc_opendata_311,2025-11-12 02:39:01.699840
66773008,2025-11-10T00:12:13.000,NYPD,New York City Police Department,Noise - Street/Sidewalk,Loud Talking,Street/Sidewalk,11204,23 AVENUE,23 AVENUE,23 AVENUE,59 STREET,23 AVENUE,59 STREET,INTERSECTION,,,Closed,12 BROOKLYN,,BROOKLYN,991016,163683,ONLINE,Unspecified,BROOKLYN,40.615945868206616,-73.9756294713906,"{'latitude': '40.615945868206616', 'longitude': '-73.9756294713906', 'human_address': '{""address"": """", ""city"": """", ""state"": """", ""zip"": """"}'}",,2025-11-10T00:46:41.000,The Police Department responded to the complaint and took action to fix the condition.,2025-11-10T00:46:47.000,,,,,,,nyc_opendata_311,2025-11-12 02:39:01.699840
66779838,2025-11-10T00:12:07.000,NYPD,New York City Police Department,Noise - Street/Sidewalk,Loud Music/Party,Street/Sidewalk,11237,349 KNICKERBOCKER AVENUE,KNICKERBOCKER AVENUE,DEKALB AVENUE,STOCKHOLM STREET,DEKALB AVENUE,STOCKHOLM STREET,ADDRESS,BROOKLYN,KNICKERBOCKER AVENUE,Closed,04 BROOKLYN,3032470004,BROOKLYN,1005884,194637,ONLINE,Unspecified,BROOKLYN,40.70088392651117,-73.92197697238484,"{'latitude': '40.70088392651117', 'longitude': '-73.92197697238484', 'human_address': '{""address"": """", ""city"": """", ""state"": """", ""zip"": """"}'}",,2025-11-10T01:47:30.000,The Police Department responded to the complaint and with the information available observed no evidence of the violation at that time.,2025-11-10T01:47:32.000,,,,,,,nyc_opendata_311,2025-11-12 02:39:01.699840
66776404,2025-11-10T00:11:42.000,NYPD,New York City Police Department,Illegal Parking,Blocked Crosswalk,Street/Sidewalk,11377,25-94 50 STREET,50 STREET,AMTRAK-CONNECTING RAIL LINE,28 AVENUE,AMTRAK-CONNECTING RAIL LINE,28 AVENUE,ADDRESS,WOODSIDE,50 STREET,In Progress,01 QUEENS,4007450079,QUEENS,1010610,217180,ONLINE,Unspecified,QUEENS,40.76274607640527,-73.90484434765904,"{'latitude': '40.76274607640527', 'longitude': '-73.90484434765904', 'human_address': '{""address"": """", ""city"": """", ""state"": """", ""zip"": """"}'}",,,,,,,,,,,nyc_opendata_311,2025-11-12 02:39:01.699840
66774917,2025-11-10T00:11:27.000,NYPD,New York City Police Department,Noise - Residential,Loud Music/Party,Residential Building/House,11213,1089 EASTERN PARKWAY,EASTERN PARKWAY,SCHENECTADY AVENUE,UTICA AVENUE,SCHENECTADY AVENUE,UTICA AVENUE,ADDRESS,BROOKLYN,EASTERN PARKWAY,Closed,08 BROOKLYN,3013900060,BROOKLYN,1003020,182972,PHONE,Unspecified,BROOKLYN,40.66887271462272,-73.93233848024539,"{'latitude': '40.66887271462272', 'longitude': '-73.93233848024539', 'human_address': '{""address"": """", ""city"": """", ""state"": """", ""zip"": """"}'}",,2025-11-10T00:41:59.000,The Police Department responded to the complaint but officers were unable to gain entry into the premises.,2025-11-10T00:42:03.000,,,,,,,nyc_opendata_311,2025-11-12 02:39:01.699840
66772883,2025-11-10T00:11:16.000,NYPD,New York City Police Department,Noise - Residential,Banging/Pounding,Residential Building/House,11218,470 STRATFORD ROAD,STRATFORD ROAD,DORCHESTER ROAD,DITMAS AVENUE,DORCHESTER ROAD,DITMAS AVENUE,ADDRESS,BROOKLYN,STRATFORD ROAD,Closed,14 BROOKLYN,3051740008,BROOKLYN,993298,171298,MOBILE,Unspecified,BROOKLYN,40.63684540594165,-73.96739970371816,"{'latitude': '40.63684540594165', 'longitude': '-73.96739970371816', 'human_address': '{""address"": """", ""city"": """", ""state"": """", ""zip"": """"}'}",,2025-11-10T01:40:57.000,The Police Department responded to the complaint and with the information available observed no evidence of the violation at that time.,2025-11-10T01:41:02.000,,,,,,,nyc_opendata_311,2025-11-12 02:39:01.699840
66779704,2025-11-10T00:10:54.000,NYPD,New York City Police Department,Noise - Residential,Banging/Pounding,Residential Building/House,11375,66-25 103 STREET,103 STREET,66 AVENUE,66 ROAD,66 AVENUE,66 ROAD,ADDRESS,FOREST HILLS,103 STREET,Closed,06 QUEENS,4021320045,QUEENS,1025479,205076,ONLINE,Unspecified,QUEENS,40.729466843681784,-73.85124376881488,"{'latitude': '40.729466843681784', 'longitude': '-73.85124376881488', 'human_address': '{""address"": """", ""city"": """", ""state"": """", ""zip"": """"}'}",,2025-11-10T00:36:01.000,The Police Department responded to the complaint and with the information available observed no evidence of the violation at that time.,2025-11-10T00:36:07.000,,,,,,,nyc_opendata_311,2025-11-12 02:39:01.699840
66773335,2025-11-10T00:10:09.000,NYPD,New York City Police Department,Noise - Commercial,Banging/Pounding,Club/Bar/Restaurant,11228,1475 86 STREET,86 STREET,BAY    8 STREET,15 AVENUE,BAY    8 STREET,15 AVENUE,ADDRESS,BROOKLYN,86 STREET,In Progress,11 BROOKLYN,3063400038,BROOKLYN,981542,162085,PHONE,Unspecified,BROOKLYN,40.61156185760285,-74.00975333383872,"{'latitude': '40.61156185760285', 'longitude': '-74.00975333383872', 'human_address': '{""address"": """", ""city"": """", ""state"": """", ""zip"": """"}'}",,,,,,,,,,,nyc_opendata_311,2025-11-12 02:39:01.699840
66778681,2025-11-10T00:10:05.000,NYPD,New York City Police Department,Noise - Commercial,Loud Music/Party,Club/Bar/Restaurant,11372,86-01 NORTHERN BOULEVARD,NORTHERN BOULEVARD,86 STREET,87 STREET,86 STREET,87 STREET,ADDRESS,JACKSON HEIGHTS,NORTHERN BOULEVARD,Closed,03 QUEENS,4014160047,QUEENS,1017077,214720,PHONE,Unspecified,QUEENS,40.75597236535352,-73.88151148367707,"{'latitude': '40.75597236535352', 'longitude': '-73.88151148367707', 'human_address': '{""address"": """", ""city"": """", ""state"": """", ""zip"": """"}'}",,2025-11-10T00:46:15.000,The Police Department responded to the complaint and determined that police action was not necessary.,2025-11-10T00:46:18.000,,,,,,,nyc_opendata_311,2025-11-12 02:39:01.699840
66778103,2025-11-10T00:09:56.000,NYPD,New York City Police Department,Blocked Driveway,Partial Access,Street/Sidewalk,11234,4402 AVENUE J,AVENUE J,TROY AVENUE,KINGS HIGHWAY,TROY AVENUE,KINGS HIGHWAY,ADDRESS,BROOKLYN,AVENUE J,In Progress,18 BROOKLYN,3077920040,BROOKLYN,1002725,168013,PHONE,Unspecified,BROOKLYN,40.627814132897605,-73.9334428585003,"{'latitude': '40.627814132897605', 'longitude': '-73.9334428585003', 'human_address': '{""address"": """", ""city"": """", ""state"": """", ""zip"": """"}'}",,,,,,,,,,,nyc_opendata_311,2025-11-12 02:39:01.699840
66775912,2025-11-10T00:09:37.000,NYPD,New York City Police Department,Noise - Street/Sidewalk,Loud Music/Party,Street/Sidewalk,11237,370 KNICKERBOCKER AVENUE,KNICKERBOCKER AVENUE,STOCKHOLM STREET,STANHOPE STREET,STOCKHOLM STREET,STANHOPE STREET,ADDRESS,BROOKLYN,KNICKERBOCKER AVENUE,Closed,04 BROOKLYN,3032570031,BROOKLYN,1006062,194495,ONLINE,Unspecified,BROOKLYN,40.70049373292513,-73.92133547557344,"{'latitude': '40.70049373292513', 'longitude': '-73.92133547557344', 'human_address': '{""address"": """", ""city"": """", ""state"": """", ""zip"": """"}'}",,2025-11-10T01:49:02.000,The Police Department responded to the complaint and with the information available observed no evidence of the violation at that time.,2025-11-10T01:49:11.000,,,,,,,nyc_opendata_311,2025-11-12 02:39:01.699840
66779740,2025-11-10T00:09:00.000,NYPD,New York City Police Department,Noise - Residential,Banging/Pounding,Residential Building/House,11207,240 WORTMAN AVENUE,WORTMAN AVENUE,VERMONT STREET,VAN SICLEN AVENUE,VERMONT STREET,VAN SICLEN AVENUE,ADDRESS,BROOKLYN,WORTMAN AVENUE,Closed,05 BROOKLYN,3043930001,BROOKLYN,1016305,178717,ONLINE,Unspecified,BROOKLYN,40.65715555788518,-73.88446939355515,"{'latitude': '40.65715555788518', 'longitude': '-73.88446939355515', 'human_address': '{""address"": """", ""city"": """", ""state"": """", ""zip"": """"}'}",,2025-11-10T00:53:52.000,The Police Department responded to the complaint and with the information available observed no evidence of the violation at that time.,2025-11-10T00:53:58.000,,,,,,,nyc_opendata_311,2025-11-12 02:39:01.699840
66776771,2025-11-10T00:08:35.000,NYPD,New York City Police Department,Noise - Residential,Banging/Pounding,Residential Building/House,10457,4215 PARK AVENUE,PARK AVENUE,EAST TREMONT AVENUE,EAST  178 STREET,EAST TREMONT AVENUE,EAST  178 STREET,ADDRESS,BRONX,PARK AVENUE,Closed,06 BRONX,2030277501,BRONX,1012131,248193,MOBILE,Unspecified,BRONX,40.847863491304004,-73.89922497624548,"{'latitude': '40.847863491304004', 'longitude': '-73.89922497624548', 'human_address': '{""address"": """", ""city"": """", ""state"": """", ""zip"": """"}'}",,2025-11-10T00:10:12.000,The Police Department responded to the complaint and with the information available observed no evidence of the violation at that time.,2025-11-10T00:10:17.000,,,,,,,nyc_opendata_311,2025-11-12 02:39:01.699840
66777127,2025-11-10T00:08:32.000,NYPD,New York City Police Department,Blocked Driveway,Partial Access,Street/Sidewalk,10465,240 LONGSTREET AVENUE,LONGSTREET AVENUE,PATRICIA LANE,WISSMAN AVENUE,PATRICIA LANE,WISSMAN AVENUE,ADDRESS,BRONX,LONGSTREET AVENUE,In Progress,10 BRONX,,BRONX,1037758,238127,PHONE,Unspecified,BRONX,40.82011718207012,-73.80667749135431,"{'latitude': '40.82011718207012', 'longitude': '-73.80667749135431', 'human_address': '{""address"": """", ""city"": """", ""state"": """", ""zip"": """"}'}",,,,,,,,,,,nyc_opendata_311,2025-11-12 02:39:01.699840
66779764,2025-11-10T00:08:15.000,NYPD,New York City Police Department,Noise - Residential,Loud Music/Party,Residential Building/House,11419,101-24 123 STREET,123 STREET,101 AVENUE,103 AVENUE,101 AVENUE,103 AVENUE,ADDRESS,SOUTH RICHMOND HILL,123 STREET,Closed,09 QUEENS,4094890018,QUEENS,1033413,190897,ONLINE,Unspecified,QUEENS,40.69050839333503,-73.82272111823683,"{'latitude': '40.69050839333503', 'longitude': '-73.82272111823683', 'human_address': '{""address"": """", ""city"": """", ""state"": """", ""zip"": """"}'}",,2025-11-10T01:26:19.000,The Police Department responded to the complaint and with the information available observed no evidence of the violation at that time.,2025-11-10T01:26:26.000,,,,,,,nyc_opendata_311,2025-11-12 02:39:01.699840
66777711,2025-11-10T00:08:01.000,NYPD,New York City Police Department,Noise - Residential,Banging/Pounding,Residential Building/House,10301,390 ST MARKS PLACE,ST MARKS PLACE,HYATT STREET,BAY STREET,HYATT STREET,BAY STREET,ADDRESS,STATEN ISLAND,ST MARKS PLACE,Closed,01 STATEN ISLAND,5000160104,STATEN ISLAND,962734,172456,ONLINE,Unspecified,STATEN ISLAND,40.640002356213486,-74.07752666170957,"{'latitude': '40.640002356213486', 'longitude': '-74.07752666170957', 'human_address': '{""address"": """", ""city"": """", ""state"": """", ""zip"": """"}'}",,2025-11-10T01:37:00.000,The Police Department responded to the complaint and with the information available observed no evidence of the violation at that time.,2025-11-10T01:37:05.000,,,,,,,nyc_opendata_311,2025-11-12 02:39:01.699840
66773348,2025-11-10T00:07:54.000,NYPD,New York City Police Department,Noise - Residential,Loud Music/Party,Residential Building/House,11419,104-12 122 STREET,122 STREET,LIBERTY AVENUE,107 AVENUE,LIBERTY AVENUE,107 AVENUE,ADDRESS,SOUTH RICHMOND HILL,122 STREET,In Progress,10 QUEENS,4095750011,QUEENS,1033763,189584,PHONE,Unspecified,QUEENS,40.686902566361475,-73.82146869188188,"{'latitude': '40.686902566361475', 'longitude': '-73.82146869188188', 'human_address': '{""address"": """", ""city"": """", ""state"": """", ""zip"": """"}'}",,,,,,,,,,,nyc_opendata_311,2025-11-12 02:39:01.699840
66776714,2025-11-10T00:07:40.000,NYPD,New York City Police Department,Noise - Commercial,Loud Music/Party,Club/Bar/Restaurant,10464,565 CITY ISLAND AVENUE,CITY ISLAND AVENUE,CROSS STREET,BEND,CROSS STREET,BEND,ADDRESS,BRONX,CITY ISLAND AVENUE,Closed,10 BRONX,2056350152,BRONX,1042259,250389,ONLINE,Unspecified,BRONX,40.853744311611,-73.79030954703276,"{'latitude': '40.853744311611', 'longitude': '-73.79030954703276', 'human_address': '{""address"": """", ""city"": """", ""state"": """", ""zip"": """"}'}",,2025-11-10T00:53:51.000,The Police Department responded to the complaint and with the information available observed no evidence of the violation at that time.,2025-11-10T00:53:58.000,,,,,,,nyc_opendata_311,2025-11-12 02:39:01.699840
66779846,2025-11-10T00:07:18.000,NYPD,New York City Police Department,Noise - Street/Sidewalk,Loud Music/Party,Street/Sidewalk,11217,426 BALTIC STREET,BALTIC STREET,HOYT STREET,BOND STREET,HOYT STREET,BOND STREET,ADDRESS,BROOKLYN,BALTIC STREET,Closed,06 BROOKLYN,3004040001,BROOKLYN,987425,188314,MOBILE,Unspecified,BROOKLYN,40.68355462757267,-73.98855233869938,"{'latitude': '40.68355462757267', 'longitude': '-73.98855233869938', 'human_address': '{""address"": """", ""city"": """", ""state"": """", ""zip"": """"}'}",,2025-11-10T00:29:36.000,The Police Department responded to the complaint and with the information available observed no evidence of the violation at that time.,2025-11-10T00:29:42.000,,,,,,,nyc_opendata_311,2025-11-12 02:39:01.699840
66778161,2025-11-10T00:07:05.000,DPR,Department of Parks and Recreation,Maintenance or Facility,Structure - Outdoors,Park,11235,760 ORIENTAL BOULEVARD,ORIENTAL BOULEVARD,HASTINGS STREET,MANHATTAN BEACH PROMENADE,HASTINGS STREET,MANHATTAN BEACH PROMENADE,ADDRESS,BROOKLYN,ORIENTAL BOULEVARD,In Progress,15 BROOKLYN,3087600485,BROOKLYN,999793,149806,PHONE,Unspecified,BROOKLYN,40.57784526230184,-73.94404743329734,"{'latitude': '40.57784526230184', 'longitude': '-73.94404743329734', 'human_address': '{""address"": """", ""city"": """", ""state"": """", ""zip"": """"}'}",,,,,,,,,,,nyc_opendata_311,2025-11-12 02:39:01.699840
66774699,2025-11-10T00:05:59.000,NYPD,New York City Police Department,Noise - Vehicle,Car/Truck Horn,Street/Sidewalk,11378,59 AVENUE,59 AVENUE,59 AVENUE,64 STREET,59 AVENUE,64 STREET,INTERSECTION,,,Closed,05 QUEENS,,QUEENS,1011796,201522,PHONE,Unspecified,QUEENS,40.71976517678094,-73.90062719019437,"{'latitude': '40.71976517678094', 'longitude': '-73.90062719019437', 'human_address': '{""address"": """", ""city"": """", ""state"": """", ""zip"": """"}'}",Other,2025-11-10T00:22:32.000,The Police Department responded and upon arrival those responsible for the condition were gone.,2025-11-10T00:22:37.000,,,,,,,nyc_opendata_311,2025-11-12 02:39:01.699840
66779812,2025-11-10T00:05:33.000,NYPD,New York City Police Department,Noise - Residential,Loud Music/Party,Residential Building/House,10031,601 WEST  141 STREET,WEST  141 STREET,BROADWAY,RIVERSIDE DRIVE,BROADWAY,RIVERSIDE DRIVE,ADDRESS,NEW YORK,WEST  141 STREET,Closed,09 MANHATTAN,1020880091,MANHATTAN,997344,239508,ONLINE,Unspecified,MANHATTAN,40.824059992077714,-73.95268907479114,"{'latitude': '40.824059992077714', 'longitude': '-73.95268907479114', 'human_address': '{""address"": """", ""city"": """", ""state"": """", ""zip"": """"}'}",,2025-11-10T00:23:28.000,The Police Department responded to the complaint but officers were unable to gain entry into the premises.,2025-11-10T00:23:32.000,,,,,,,nyc_opendata_311,2025-11-12 02:39:01.699840
66776788,2025-11-10T00:05:29.000,NYPD,New York City Police Department,Noise - Residential,Loud Music/Party,Residential Building/House,10456,1465 WASHINGTON AVENUE,WASHINGTON AVENUE,ST PAULS PLACE,EAST  171 STREET,ST PAULS PLACE,EAST  171 STREET,ADDRESS,BRONX,WASHINGTON AVENUE,Closed,03 BRONX,2029020036,BRONX,1010885,244212,ONLINE,Unspecified,BRONX,40.83694066292417,-73.90374441298103,"{'latitude': '40.83694066292417', 'longitude': '-73.90374441298103', 'human_address': '{""address"": """", ""city"": """", ""state"": """", ""zip"": """"}'}",,2025-11-10T01:26:34.000,The Police Department responded to the complaint and took action to fix the condition.,2025-11-10T01:26:40.000,,,,,,,nyc_opendata_311,2025-11-12 02:39:01.699840
66776238,2025-11-10T00:04:46.000,NYPD,New York City Police Department,Illegal Parking,Posted Parking Sign Violation,Street/Sidewalk,11229,2605 AVENUE V,AVENUE V,EAST   26 STREET,EAST   27 STREET,EAST   26 STREET,EAST   27 STREET,ADDRESS,BROOKLYN,AVENUE V,In Progress,15 BROOKLYN,,BROOKLYN,999487,157118,ONLINE,Unspecified,BROOKLYN,40.597915771262805,-73.9451325018703,"{'latitude': '40.597915771262805', 'longitude': '-73.9451325018703', 'human_address': '{""address"": """", ""city"": """", ""state"": """", ""zip"": """"}'}",,,,,,,,,,,nyc_opendata_311,2025-11-12 02:39:01.699840
66774944,2025-11-10T00:04:38.000,NYPD,New York City Police Department,Noise - Residential,Loud Talking,Residential Building/House,11691,22-88 MOTT AVENUE,MOTT AVENUE,MCBRIDE STREET,GIPSON STREET,MCBRIDE STREET,GIPSON STREET,ADDRESS,FAR ROCKAWAY,MOTT AVENUE,Closed,14 QUEENS,4156630009,QUEENS,1051348,160134,PHONE,Unspecified,QUEENS,40.60595315079526,-73.75835485820404,"{'latitude': '40.60595315079526', 'longitude': '-73.75835485820404', 'human_address': '{""address"": """", ""city"": """", ""state"": """", ""zip"": """"}'}",,2025-11-10T01:03:27.000,The Police Department responded to the complaint and with the information available observed no evidence of the violation at that time.,2025-11-10T01:03:33.000,,,,,,,nyc_opendata_311,2025-11-12 02:39:01.699840
66780202,2025-11-10T00:04:02.000,NYPD,New York City Police Department,Noise - Street/Sidewalk,Loud Music/Party,Street/Sidewalk,11237,27 SCOTT AVENUE,SCOTT AVENUE,ST NICHOLAS AVENUE,JEFFERSON STREET,ST NICHOLAS AVENUE,JEFFERSON STREET,ADDRESS,BROOKLYN,SCOTT AVENUE,In Progress,04 BROOKLYN,3031780010,BROOKLYN,1005857,197359,MOBILE,Unspecified,BROOKLYN,40.708355239010864,-73.92206561385099,"{'latitude': '40.708355239010864', 'longitude': '-73.92206561385099', 'human_address': '{""address"": """", ""city"": """", ""state"": """", ""zip"": """"}'}",,,,,,,,,,,nyc_opendata_311,2025-11-12 02:39:01.699840
66775932,2025-11-10T00:03:58.000,NYPD,New York City Police Department,Noise - Street/Sidewalk,Loud Music/Party,Street/Sidewalk,10030,207 WEST  136 STREET,WEST  136 STREET,ADAM CLAYTON POWELL JR BOULEVARD,FREDERICK DOUGLASS BOULEVARD,ADAM CLAYTON POWELL JR BOULEVARD,FREDERICK DOUGLASS BOULEVARD,ADDRESS,NEW YORK,WEST  136 STREET,Closed,10 MANHATTAN,1019420026,MANHATTAN,999802,236661,MOBILE,Unspecified,MANHATTAN,40.81624179577525,-73.94381448864951,"{'latitude': '40.81624179577525', 'longitude': '-73.94381448864951', 'human_address': '{""address"": """", ""city"": """", ""state"": """", ""zip"": """"}'}",,2025-11-10T01:17:54.000,The Police Department responded to the complaint and with the information available observed no evidence of the violation at that time.,2025-11-10T01:18:01.000,,,,,,,nyc_opendata_311,2025-11-12 02:39:01.699840
66779582,2025-11-10T00:03:55.000,NYPD,New York City Police Department,Illegal Parking,Double Parked Blocking Vehicle,Street/Sidewalk,11209,20 OLIVER STREET,OLIVER STREET,SHORE ROAD,MARINE AVENUE,SHORE ROAD,MARINE AVENUE,ADDRESS,BROOKLYN,OLIVER STREET,Closed,10 BROOKLYN,3061000013,BROOKLYN,973343,164936,PHONE,Unspecified,BROOKLYN,40.61938096297804,-74.0392880638992,"{'latitude': '40.61938096297804', 'longitude': '-74.0392880638992', 'human_address': '{""address"": """", ""city"": """", ""state"": """", ""zip"": """"}'}",SUV,2025-11-10T01:51:03.000,The Police Department issued a summons in response to the complaint.,2025-11-10T01:51:06.000,,,,,,,nyc_opendata_311,2025-11-12 02:39:01.699840
66774213,2025-11-10T00:03:51.000,NYPD,New York City Police Department,Blocked Driveway,No Access,Street/Sidewalk,11212,2011 UNION STREET,UNION STREET,EAST NEW YORK AVENUE,SUTTER AVENUE,EAST NEW YORK AVENUE,SUTTER AVENUE,ADDRESS,BROOKLYN,UNION STREET,In Progress,16 BROOKLYN,3035100028,BROOKLYN,1005948,182357,PHONE,Unspecified,BROOKLYN,40.66717798547969,-73.92178570043443,"{'latitude': '40.66717798547969', 'longitude': '-73.92178570043443', 'human_address': '{""address"": """", ""city"": """", ""state"": """", ""zip"": """"}'}",,,,,,,,,,,nyc_opendata_311,2025-11-12 02:39:01.699840
66772905,2025-11-10T00:03:24.000,NYPD,New York City Police Department,Noise - Residential,Loud Music/Party,Residential Building/House,10456,1465 WASHINGTON AVENUE,WASHINGTON AVENUE,ST PAULS PLACE,EAST  171 STREET,ST PAULS PLACE,EAST  171 STREET,ADDRESS,BRONX,WASHINGTON AVENUE,Closed,03 BRONX,2029020036,BRONX,1010885,244212,ONLINE,Unspecified,BRONX,40.83694066292417,-73.90374441298103,"{'latitude': '40.83694066292417', 'longitude': '-73.90374441298103', 'human_address': '{""address"": """", ""city"": """", ""state"": """", ""zip"": """"}'}",,2025-11-10T01:26:56.000,The Police Department responded to the complaint and took action to fix the condition.,2025-11-10T01:27:02.000,,,,,,,nyc_opendata_311,2025-11-12 02:39:01.699840
66777206,2025-11-10T00:03:20.000,NYPD,New York City Police Department,Noise - Residential,Loud Talking,Residential Building/House,10460,1973 DALY AVENUE,DALY AVENUE,EAST TREMONT AVENUE,EAST  178 STREET,EAST TREMONT AVENUE,EAST  178 STREET,ADDRESS,BRONX,DALY AVENUE,In Progress,06 BRONX,2031217501,BRONX,1016464,246140,MOBILE,Unspecified,BRONX,40.84221386879941,-73.88357335985263,"{'latitude': '40.84221386879941', 'longitude': '-73.88357335985263', 'human_address': '{""address"": """", ""city"": """", ""state"": """", ""zip"": """"}'}",,,,,,,,,,,nyc_opendata_311,2025-11-12 02:39:01.699840
66774250,2025-11-10T00:02:33.000,NYPD,New York City Police Department,Illegal Parking,Blocked Hydrant,Street/Sidewalk,10465,283 DAVIS AVENUE,DAVIS AVENUE,HARDING AVENUE,MILES AVENUE,HARDING AVENUE,MILES AVENUE,ADDRESS,BRONX,DAVIS AVENUE,In Progress,10 BRONX,2055990053,BRONX,1032530,236378,ONLINE,Unspecified,BRONX,40.81534679915799,-73.8255785999024,"{'latitude': '40.81534679915799', 'longitude': '-73.8255785999024', 'human_address': '{""address"": """", ""city"": """", ""state"": """", ""zip"": """"}'}",,,,,,,,,,,nyc_opendata_311,2025-11-12 02:39:01.699840
66776855,2025-11-10T00:02:25.000,NYPD,New York City Police Department,Noise - Street/Sidewalk,Loud Music/Party,Street/Sidewalk,11249,KENT AVENUE,KENT AVENUE,KENT AVENUE,NORTH   12 STREET,KENT AVENUE,NORTH   12 STREET,INTERSECTION,,,Closed,01 BROOKLYN,,BROOKLYN,995686,202721,ONLINE,Unspecified,BROOKLYN,40.72309163576606,-73.95874232286737,"{'latitude': '40.72309163576606', 'longitude': '-73.95874232286737', 'human_address': '{""address"": """", ""city"": """", ""state"": """", ""zip"": """"}'}",,2025-11-10T00:37:41.000,The Police Department responded to the complaint and took action to fix the condition.,2025-11-10T00:37:43.000,,,,,,,nyc_opendata_311,2025-11-12 02:39:01.699840
66778171,2025-11-10T00:02:24.000,NYPD,New York City Police Department,Noise - Residential,Loud Music/Party,Residential Building/House,11356,10-29 115 STREET,115 STREET,UNNAMED STREET,14 AVENUE,UNNAMED STREET,14 AVENUE,ADDRESS,COLLEGE POINT,115 STREET,In Progress,07 QUEENS,4040220055,QUEENS,1025133,226447,ONLINE,Unspecified,QUEENS,40.78812629179252,-73.8523621929236,"{'latitude': '40.78812629179252', 'longitude': '-73.8523621929236', 'human_address': '{""address"": """", ""city"": """", ""state"": """", ""zip"": """"}'}",,,,,,,,,,,nyc_opendata_311,2025-11-12 02:39:01.699840
66773830,2025-11-10T00:02:13.000,NYPD,New York City Police Department,Noise - Residential,Banging/Pounding,Residential Building/House,10019,65 WEST   55 STREET,WEST   55 STREET,5 AVENUE,AVENUE OF THE AMERICAS,5 AVENUE,AVENUE OF THE AMERICAS,ADDRESS,NEW YORK,WEST   55 STREET,Closed,05 MANHATTAN,1012710007,MANHATTAN,990658,217077,ONLINE,Unspecified,MANHATTAN,40.76250034280962,-73.97686816928277,"{'latitude': '40.76250034280962', 'longitude': '-73.97686816928277', 'human_address': '{""address"": """", ""city"": """", ""state"": """", ""zip"": """"}'}",,2025-11-10T01:18:40.000,The Police Department responded to the complaint and determined that police action was not necessary.,2025-11-10T01:18:45.000,,,,,,,nyc_opendata_311,2025-11-12 02:39:01.699840
66774216,2025-11-10T00:02:07.000,NYPD,New York City Police Department,Blocked Driveway,Partial Access,Street/Sidewalk,11377,52-12 SKILLMAN AVENUE,SKILLMAN AVENUE,52 STREET,53 STREET,52 STREET,53 STREET,ADDRESS,WOODSIDE,SKILLMAN AVENUE,In Progress,02 QUEENS,4013150052,QUEENS,1008655,211023,MOBILE,Unspecified,QUEENS,40.74585229685042,-73.9119239472621,"{'latitude': '40.74585229685042', 'longitude': '-73.9119239472621', 'human_address': '{""address"": """", ""city"": """", ""state"": """", ""zip"": """"}'}",,,,,,,,,,,nyc_opendata_311,2025-11-12 02:39:01.699840
66778846,2025-11-10T00:01:48.000,NYPD,New York City Police Department,Noise - Street/Sidewalk,Loud Music/Party,Street/Sidewalk,10001,100 WEST   25 STREET,WEST   25 STREET,AVENUE OF THE AMERICAS,7 AVENUE,AVENUE OF THE AMERICAS,7 AVENUE,ADDRESS,NEW YORK,WEST   25 STREET,Closed,04 MANHATTAN,1008007504,MANHATTAN,986384,210467,MOBILE,Unspecified,MANHATTAN,40.74435963448387,-73.99229870706533,"{'latitude': '40.74435963448387', 'longitude': '-73.99229870706533', 'human_address': '{""address"": """", ""city"": """", ""state"": """", ""zip"": """"}'}",,2025-11-10T00:57:40.000,The Police Department responded to the complaint and with the information available observed no evidence of the violation at that time.,2025-11-10T00:57:48.000,,,,,,,nyc_opendata_311,2025-11-12 02:39:01.699840
66779898,2025-11-10T00:01:42.000,NYPD,New York City Police Department,Non-Emergency Police Matter,Other (complaint details),Residential Building/House,10456,1465 WASHINGTON AVENUE,WASHINGTON AVENUE,ST PAULS PLACE,EAST  171 STREET,ST PAULS PLACE,EAST  171 STREET,ADDRESS,BRONX,WASHINGTON AVENUE,Closed,03 BRONX,2029020036,BRONX,1010885,244212,ONLINE,Unspecified,BRONX,40.83694066292417,-73.90374441298103,"{'latitude': '40.83694066292417', 'longitude': '-73.90374441298103', 'human_address': '{""address"": """", ""city"": """", ""state"": """", ""zip"": """"}'}",,2025-11-10T01:27:11.000,The Police Department responded to the complaint and took action to fix the condition.,2025-11-10T01:27:16.000,,,,,,,nyc_opendata_311,2025-11-12 02:39:01.699840
66777750,2025-11-10T00:00:46.000,NYPD,New York City Police Department,Noise - Residential,Loud Music/Party,Residential Building/House,10013,177 MULBERRY STREET,MULBERRY STREET,GRAND STREET,BROOME STREET,GRAND STREET,BROOME STREET,ADDRESS,NEW YORK,MULBERRY STREET,Closed,02 MANHATTAN,1004710014,MANHATTAN,985105,201712,ONLINE,Unspecified,MANHATTAN,40.72032952514841,-73.99691554295998,"{'latitude': '40.72032952514841', 'longitude': '-73.99691554295998', 'human_address': '{""address"": """", ""city"": """", ""state"": """", ""zip"": """"}'}",,2025-11-10T00:38:47.000,The Police Department responded to the complaint and with the information available observed no evidence of the violation at that time.,2025-11-10T00:38:53.000,,,,,,,nyc_opendata_311,2025-11-12 02:39:01.699840
66778763,2025-11-10T00:00:45.000,NYPD,New York City Police Department,Noise - Residential,Loud Music/Party,Residential Building/House,10467,2423 BARKER AVENUE,BARKER AVENUE,WARING AVENUE,MACE AVENUE,WARING AVENUE,MACE AVENUE,ADDRESS,BRONX,BARKER AVENUE,Closed,11 BRONX,2044240048,BRONX,1020367,253338,PHONE,Unspecified,BRONX,40.861955119117056,-73.86942852497484,"{'latitude': '40.861955119117056', 'longitude': '-73.86942852497484', 'human_address': '{""address"": """", ""city"": """", ""state"": """", ""zip"": """"}'}",,2025-11-10T00:53:14.000,The Police Department responded to the complaint but officers were unable to gain entry into the premises.,2025-11-10T00:53:23.000,,,,,,,nyc_opendata_311,2025-11-12 02:39:01.699840
66774892,2025-11-10T00:00:30.000,NYPD,New York City Police Department,Noise - Residential,Loud Music/Party,Residential Building/House,11373,40-40 79 STREET,79 STREET,ROOSEVELT AVENUE,41 AVENUE,ROOSEVELT AVENUE,41 AVENUE,ADDRESS,ELMHURST,79 STREET,Closed,04 QUEENS,4014890018,QUEENS,1015673,211313,ONLINE,Unspecified,QUEENS,40.74662612074122,-73.88659511334457,"{'latitude': '40.74662612074122', 'longitude': '-73.88659511334457', 'human_address': '{""address"": """", ""city"": """", ""state"": """", ""zip"": """"}'}",,2025-11-10T01:27:46.000,The Police Department responded to the complaint and with the information available observed no evidence of the violation at that time.,2025-11-10T01:27:51.000,,,,,,,nyc_opendata_311,2025-11-12 02:39:01.699840
66777784,2025-11-10T00:00:25.000,NYPD,New York City Police Department,Noise - Residential,Loud Music/Party,Residential Building/House,10012,151 SPRING STREET,SPRING STREET,WOOSTER STREET,WEST BROADWAY,WOOSTER STREET,WEST BROADWAY,ADDRESS,NEW YORK,SPRING STREET,Closed,02 MANHATTAN,1005010036,MANHATTAN,983828,203183,PHONE,Unspecified,MANHATTAN,40.72436709578568,-74.00152247921697,"{'latitude': '40.72436709578568', 'longitude': '-74.00152247921697', 'human_address': '{""address"": """", ""city"": """", ""state"": """", ""zip"": """"}'}",,2025-11-10T00:24:48.000,The Police Department responded to the complaint and with the information available observed no evidence of the violation at that time.,2025-11-10T00:24:52.000,,,,,,,nyc_opendata_311,2025-11-12 02:39:01.699840
66780311,2025-11-10T00:00:24.000,DSNY,Department of Sanitation,Street Sweeping Complaint,Street Not Swept,Street,11215,500 13 STREET,13 STREET,8 AVENUE,PROSPECT PARK WEST,8 AVENUE,PROSPECT PARK WEST,ADDRESS,BROOKLYN,13 STREET,In Progress,06 BROOKLYN,3011010033,BROOKLYN,989927,180651,ONLINE,Unspecified,BROOKLYN,40.662520162366285,-73.97953767540551,"{'latitude': '40.662520162366285', 'longitude': '-73.97953767540551', 'human_address': '{""address"": """", ""city"": """", ""state"": """", ""zip"": """"}'}",,,,,,,,,,,nyc_opendata_311,2025-11-12 02:39:01.699840
66777749,2025-11-09T23:59:57.000,NYPD,New York City Police Department,Noise - Residential,Loud Music/Party,Residential Building/House,10456,1465 WASHINGTON AVENUE,WASHINGTON AVENUE,ST PAULS PLACE,EAST  171 STREET,ST PAULS PLACE,EAST  171 STREET,ADDRESS,BRONX,WASHINGTON AVENUE,Closed,03 BRONX,2029020036,BRONX,1010885,244212,ONLINE,Unspecified,BRONX,40.83694066292417,-73.90374441298103,"{'latitude': '40.83694066292417', 'longitude': '-73.90374441298103', 'human_address': '{""address"": """", ""city"": """", ""state"": """", ""zip"": """"}'}",,2025-11-10T00:00:51.000,The Police Department responded to the complaint and took action to fix the condition.,2025-11-10T00:00:56.000,,,,,,,nyc_opendata_311,2025-11-12 02:39:01.699840
66777757,2025-11-09T23:59:42.000,NYPD,New York City Police Department,Noise - Residential,Loud Music/Party,Residential Building/House,10029,1365 5 AVENUE,5 AVENUE,EAST  112 STREET,EAST  115 STREET,EAST  112 STREET,EAST  115 STREET,ADDRESS,NEW YORK,5 AVENUE,Closed,11 MANHATTAN,1016180001,MANHATTAN,998703,230311,ONLINE,Unspecified,MANHATTAN,40.79881467021513,-73.94779857268328,"{'latitude': '40.79881467021513', 'longitude': '-73.94779857268328', 'human_address': '{""address"": """", ""city"": """", ""state"": """", ""zip"": """"}'}",,2025-11-10T00:29:21.000,The Police Department responded to the complaint and with the information available observed no evidence of the violation at that time.,2025-11-10T00:29:26.000,,,,,,,nyc_opendata_311,2025-11-12 02:39:01.699840
66773813,2025-11-09T23:59:32.000,NYPD,New York City Police Department,Noise - Commercial,Loud Music/Party,Club/Bar/Restaurant,11375,108-07 72 AVENUE,72 AVENUE,AUSTIN STREET,QUEENS BOULEVARD,AUSTIN STREET,QUEENS BOULEVARD,ADDRESS,FOREST HILLS,72 AVENUE,Closed,06 QUEENS,4032570024,QUEENS,1027907,201465,PHONE,Unspecified,QUEENS,40.71954389017692,-73.84250686995416,"{'latitude': '40.71954389017692', 'longitude': '-73.84250686995416', 'human_address': '{""address"": """", ""city"": """", ""state"": """", ""zip"": """"}'}",,2025-11-10T01:31:21.000,The Police Department responded to the complaint and with the information available observed no evidence of the violation at that time.,2025-11-10T01:31:30.000,,,,,,,nyc_opendata_311,2025-11-12 02:39:01.699840
66775234,2025-11-09T23:59:30.000,NYPD,New York City Police Department,Illegal Parking,Blocked Hydrant,Street/Sidewalk,11208,1136 ELDERT LANE,ELDERT LANE,COZINE AVENUE,FLATLANDS AVENUE,COZINE AVENUE,FLATLANDS AVENUE,ADDRESS,BROOKLYN,ELDERT LANE,In Progress,05 BROOKLYN,3045700127,BROOKLYN,1022825,180476,MOBILE,Unspecified,BROOKLYN,40.66195761653244,-73.86096039477249,"{'latitude': '40.66195761653244', 'longitude': '-73.86096039477249', 'human_address': '{""address"": """", ""city"": """", ""state"": """", ""zip"": """"}'}",,,,,,,,,,,nyc_opendata_311,2025-11-12 02:39:01.699840
66772624,2025-11-09T23:59:00.000,NYPD,New York City Police Department,Illegal Parking,Blocked Sidewalk,Street/Sidewalk,10453,190 WEST BURNSIDE AVENUE,WEST BURNSIDE AVENUE,PHELAN PLACE,OSBORNE PLACE,PHELAN PLACE,OSBORNE PLACE,ADDRESS,BRONX,WEST BURNSIDE AVENUE,Closed,05 BRONX,2028790170,BRONX,1007493,250591,ONLINE,Unspecified,BRONX,40.85445871431665,-73.91598056093478,"{'latitude': '40.85445871431665', 'longitude': '-73.91598056093478', 'human_address': '{""address"": """", ""city"": """", ""state"": """", ""zip"": """"}'}",,2025-11-10T01:49:19.000,The Police Department responded to the complaint and determined that police action was not necessary.,2025-11-10T01:49:22.000,,,,,,,nyc_opendata_311,2025-11-12 02:39:01.699840
66772517,2025-11-09T23:59:00.000,DEP,Department of Environmental Protection,Noise,"Noise, Barking Dog (NR5)",,10009,510 EAST   14 STREET,EAST   14 STREET,AVENUE A,AVENUE B,,,ADDRESS,NEW YORK,,Open,03 MANHATTAN,1004077503,MANHATTAN,989900,205279,ONLINE,Unspecified,MANHATTAN,40.730118310818845,-73.9796143363522,"{'latitude': '40.730118310818845', 'longitude': '-73.9796143363522', 'human_address': '{""address"": """", ""city"": """", ""state"": """", ""zip"": """"}'}",,,,,,,,N/A,,,nyc_opendata_311,2025-11-12 02:39:01.699840
66780187,2025-11-09T23:58:43.000,NYPD,New York City Police Department,Noise - Residential,Banging/Pounding,Residential Building/House,11232,527 40 STREET,40 STREET,5 AVENUE,6 AVENUE,5 AVENUE,6 AVENUE,ADDRESS,BROOKLYN,40 STREET,In Progress,07 BROOKLYN,3009130061,BROOKLYN,983211,176186,ONLINE,Unspecified,BROOKLYN,40.65026647471642,-74.00374431042732,"{'latitude': '40.65026647471642', 'longitude': '-74.00374431042732', 'human_address': '{""address"": """", ""city"": """", ""state"": """", ""zip"": """"}'}",,,,,,,,,,,nyc_opendata_311,2025-11-12 02:39:01.699840
66779839,2025-11-09T23:58:34.000,NYPD,New York City Police Department,Noise - Street/Sidewalk,Loud Music/Party,Street/Sidewalk,10040,AMSTERDAM AVENUE,AMSTERDAM AVENUE,AMSTERDAM AVENUE,FORT GEORGE AVENUE,AMSTERDAM AVENUE,FORT GEORGE AVENUE,INTERSECTION,,,Closed,12 MANHATTAN,,MANHATTAN,1005082,251384,ONLINE,Unspecified,MANHATTAN,40.85664127976771,-73.92469344150199,"{'latitude': '40.85664127976771', 'longitude': '-73.92469344150199', 'human_address': '{""address"": """", ""city"": """", ""state"": """", ""zip"": """"}'}",,2025-11-10T01:43:30.000,The Police Department responded to the complaint and with the information available observed no evidence of the violation at that time.,2025-11-10T01:43:32.000,,,,,,,nyc_opendata_311,2025-11-12 02:39:01.699840
66776789,2025-11-09T23:58:30.000,NYPD,New York City Police Department,Noise - Residential,Loud Music/Party,Residential Building/House,10456,1465 WASHINGTON AVENUE,WASHINGTON AVENUE,ST PAULS PLACE,EAST  171 STREET,ST PAULS PLACE,EAST  171 STREET,ADDRESS,BRONX,WASHINGTON AVENUE,Closed,03 BRONX,2029020036,BRONX,1010885,244212,ONLINE,Unspecified,BRONX,40.83694066292417,-73.90374441298103,"{'latitude': '40.83694066292417', 'longitude': '-73.90374441298103', 'human_address': '{""address"": """", ""city"": """", ""state"": """", ""zip"": """"}'}",,2025-11-09T23:59:54.000,The Police Department responded to the complaint and took action to fix the condition.,2025-11-09T23:59:56.000,,,,,,,nyc_opendata_311,2025-11-12 02:39:01.699840
66773861,2025-11-09T23:58:09.000,NYPD,New York City Police Department,Noise - Residential,Banging/Pounding,Residential Building/House,10003,325 EAST   12 STREET,EAST   12 STREET,2 AVENUE,1 AVENUE,2 AVENUE,1 AVENUE,ADDRESS,NEW YORK,EAST   12 STREET,Closed,03 MANHATTAN,1004540059,MANHATTAN,988368,205491,PHONE,Unspecified,MANHATTAN,40.7307010448301,-73.98514178820042,"{'latitude': '40.7307010448301', 'longitude': '-73.98514178820042', 'human_address': '{""address"": """", ""city"": """", ""state"": """", ""zip"": """"}'}",,2025-11-10T01:21:32.000,The Police Department responded to the complaint and determined that police action was not necessary.,2025-11-10T01:21:37.000,,,,,,,nyc_opendata_311,2025-11-12 02:39:01.699840
66778141,2025-11-09T23:57:59.000,NYPD,New York City Police Department,Illegal Parking,Blocked Sidewalk,Street/Sidewalk,11420,122-14 116 AVENUE,116 AVENUE,122 STREET,123 STREET,122 STREET,123 STREET,ADDRESS,SOUTH OZONE PARK,116 AVENUE,In Progress,10 QUEENS,4116790007,QUEENS,1035297,185635,ONLINE,Unspecified,QUEENS,40.67605476860137,-73.81596740814614,"{'latitude': '40.67605476860137', 'longitude': '-73.81596740814614', 'human_address': '{""address"": """", ""city"": """", ""state"": """", ""zip"": """"}'}",,,,,,,,,,,nyc_opendata_311,2025-11-12 02:39:01.699840
66777523,2025-11-09T23:57:52.000,NYPD,New York City Police Department,Illegal Parking,Commercial Overnight Parking,Street/Sidewalk,11206,147 VERNON AVENUE,VERNON AVENUE,TOMPKINS AVENUE,THROOP AVENUE,TOMPKINS AVENUE,THROOP AVENUE,ADDRESS,BROOKLYN,VERNON AVENUE,Closed,03 BROOKLYN,3017560001,BROOKLYN,999279,192496,MOBILE,Unspecified,BROOKLYN,40.69502106409246,-73.9458026768717,"{'latitude': '40.69502106409246', 'longitude': '-73.9458026768717', 'human_address': '{""address"": """", ""city"": """", ""state"": """", ""zip"": """"}'}",,2025-11-10T00:40:08.000,The Police Department responded to the complaint and took action to fix the condition.,2025-11-10T00:40:14.000,,,,,,,nyc_opendata_311,2025-11-12 02:39:01.699840
66776772,2025-11-09T23:57:49.000,NYPD,New York City Police Department,Noise - Residential,Banging/Pounding,Residential Building/House,10472,1340 STRATFORD AVENUE,STRATFORD AVENUE,EAST  172 STREET,EAST  174 STREET,EAST  172 STREET,EAST  174 STREET,ADDRESS,BRONX,STRATFORD AVENUE,Closed,09 BRONX,2038670023,BRONX,1018491,242613,PHONE,Unspecified,BRONX,40.83252565879467,-73.87626546717489,"{'latitude': '40.83252565879467', 'longitude': '-73.87626546717489', 'human_address': '{""address"": """", ""city"": """", ""state"": """", ""zip"": """"}'}",,2025-11-09T23:58:57.000,The Police Department responded to the complaint and determined that police action was not necessary.,2025-11-09T23:59:02.000,,,,,,,nyc_opendata_311,2025-11-12 02:39:01.699840
66772832,2025-11-09T23:57:37.000,NYPD,New York City Police Department,Noise - Commercial,Loud Music/Party,Store/Commercial,11103,42-12 BROADWAY,BROADWAY,42 STREET,43 STREET,42 STREET,43 STREET,ADDRESS,ASTORIA,BROADWAY,Closed,01 QUEENS,4006900039,QUEENS,1007183,215494,MOBILE,Unspecified,QUEENS,40.75812799455369,-73.91722104795207,"{'latitude': '40.75812799455369', 'longitude': '-73.91722104795207', 'human_address': '{""address"": """", ""city"": """", ""state"": """", ""zip"": """"}'}",,2025-11-10T01:43:24.000,The Police Department responded to the complaint and took action to fix the condition.,2025-11-10T01:43:30.000,,,,,,,nyc_opendata_311,2025-11-12 02:39:01.699840
66774942,2025-11-09T23:57:27.000,NYPD,New York City Police Department,Noise - Residential,Loud Talking,Residential Building/House,11226,354 EAST   21 STREET,EAST   21 STREET,REGENT PLACE,BEVERLEY ROAD,REGENT PLACE,BEVERLEY ROAD,ADDRESS,BROOKLYN,EAST   21 STREET,Closed,14 BROOKLYN,3051240051,BROOKLYN,995594,174513,MOBILE,Unspecified,BROOKLYN,40.6456672476512,-73.959121721701,"{'latitude': '40.6456672476512', 'longitude': '-73.959121721701', 'human_address': '{""address"": """", ""city"": """", ""state"": """", ""zip"": """"}'}",,2025-11-10T01:13:07.000,The Police Department responded to the complaint and with the information available observed no evidence of the violation at that time.,2025-11-10T01:13:14.000,,,,,,,nyc_opendata_311,2025-11-12 02:39:01.699840
66773349,2025-11-09T23:56:56.000,NYPD,New York City Police Department,Noise - Residential,Loud Talking,Residential Building/House,11213,1360 CARROLL STREET,CARROLL STREET,BROOKLYN AVENUE,KINGSTON AVENUE,BROOKLYN AVENUE,KINGSTON AVENUE,ADDRESS,BROOKLYN,CARROLL STREET,In Progress,09 BROOKLYN,3012920027,BROOKLYN,999849,182211,ONLINE,Unspecified,BROOKLYN,40.66679009457467,-73.94377096112595,"{'latitude': '40.66679009457467', 'longitude': '-73.94377096112595', 'human_address': '{""address"": """", ""city"": """", ""state"": """", ""zip"": """"}'}",,,,,,,,,,,nyc_opendata_311,2025-11-12 02:39:01.699840
66779637,2025-11-09T23:56:36.000,NYPD,New York City Police Department,Blocked Driveway,Partial Access,Street/Sidewalk,11234,2038 RYDER STREET,RYDER STREET,AVENUE S,AVENUE T,AVENUE S,AVENUE T,ADDRESS,BROOKLYN,RYDER STREET,Closed,18 BROOKLYN,3085240056,BROOKLYN,1004126,161691,ONLINE,Unspecified,BROOKLYN,40.610458530643776,-73.9284142981454,"{'latitude': '40.610458530643776', 'longitude': '-73.9284142981454', 'human_address': '{""address"": """", ""city"": """", ""state"": """", ""zip"": """"}'}",,2025-11-10T00:47:28.000,The Police Department responded to the complaint and determined that police action was not necessary.,2025-11-10T00:47:37.000,,,,,,,nyc_opendata_311,2025-11-12 02:39:01.699840
66777800,2025-11-09T23:56:25.000,NYPD,New York City Police Department,Noise - Residential,Loud Talking,Residential Building/House,11435,143-12 95 AVENUE,95 AVENUE,143 STREET,ALLENDALE STREET,143 STREET,ALLENDALE STREET,ADDRESS,JAMAICA,95 AVENUE,Closed,12 QUEENS,4100070006,QUEENS,1037116,193428,ONLINE,Unspecified,QUEENS,40.69743404153862,-73.80934849537964,"{'latitude': '40.69743404153862', 'longitude': '-73.80934849537964', 'human_address': '{""address"": """", ""city"": """", ""state"": """", ""zip"": """"}'}",,2025-11-10T00:36:22.000,The Police Department responded to the complaint and determined that police action was not necessary.,2025-11-10T00:36:27.000,,,,,,,nyc_opendata_311,2025-11-12 02:39:01.699840
66779853,2025-11-09T23:56:13.000,NYPD,New York City Police Department,Noise - Street/Sidewalk,Loud Music/Party,Street/Sidewalk,10468,2327 ANDREWS AVENUE,ANDREWS AVENUE,WEST  183 STREET,WEST FORDHAM ROAD,WEST  183 STREET,WEST FORDHAM ROAD,ADDRESS,BRONX,ANDREWS AVENUE,Closed,07 BRONX,2032250123,BRONX,1009989,253309,PHONE,Unspecified,BRONX,40.86191188144227,-73.90694752060794,"{'latitude': '40.86191188144227', 'longitude': '-73.90694752060794', 'human_address': '{""address"": """", ""city"": """", ""state"": """", ""zip"": """"}'}",,2025-11-10T01:27:02.000,The Police Department responded to the complaint and with the information available observed no evidence of the violation at that time.,2025-11-10T01:27:07.000,,,,,,,nyc_opendata_311,2025-11-12 02:39:01.699840
66779811,2025-11-09T23:56:12.000,NYPD,New York City Police Department,Noise - Residential,Loud Music/Party,Residential Building/House,10456,1465 WASHINGTON AVENUE,WASHINGTON AVENUE,ST PAULS PLACE,EAST  171 STREET,ST PAULS PLACE,EAST  171 STREET,ADDRESS,BRONX,WASHINGTON AVENUE,Closed,03 BRONX,2029020036,BRONX,1010885,244212,ONLINE,Unspecified,BRONX,40.83694066292417,-73.90374441298103,"{'latitude': '40.83694066292417', 'longitude': '-73.90374441298103', 'human_address': '{""address"": """", ""city"": """", ""state"": """", ""zip"": """"}'}",,2025-11-10T00:00:14.000,The Police Department responded to the complaint and took action to fix the condition.,2025-11-10T00:00:16.000,,,,,,,nyc_opendata_311,2025-11-12 02:39:01.699840
66773827,2025-11-09T23:56:09.000,NYPD,New York City Police Department,Noise - Residential,Banging/Pounding,Residential Building/House,10467,659 EAST  222 STREET,EAST  222 STREET,CARPENTER AVENUE,WHITE PLAINS ROAD,CARPENTER AVENUE,WHITE PLAINS ROAD,ADDRESS,BRONX,EAST  222 STREET,Closed,12 BRONX,2048240025,BRONX,1022082,262171,ONLINE,Unspecified,BRONX,40.88619177427693,-73.86317852732898,"{'latitude': '40.88619177427693', 'longitude': '-73.86317852732898', 'human_address': '{""address"": """", ""city"": """", ""state"": """", ""zip"": """"}'}",,2025-11-10T00:31:26.000,The Police Department responded to the complaint and took action to fix the condition.,2025-11-10T00:31:28.000,,,,,,,nyc_opendata_311,2025-11-12 02:39:01.699840
66777819,2025-11-09T23:55:33.000,NYPD,New York City Police Department,Noise - Street/Sidewalk,Loud Music/Party,Street/Sidewalk,10027,251 WEST  122 STREET,WEST  122 STREET,ADAM CLAYTON POWELL JR BOULEVARD,FREDERICK DOUGLASS BOULEVARD,ADAM CLAYTON POWELL JR BOULEVARD,FREDERICK DOUGLASS BOULEVARD,ADDRESS,NEW YORK,WEST  122 STREET,Closed,10 MANHATTAN,1019280106,MANHATTAN,997754,233538,MOBILE,Unspecified,MANHATTAN,40.807673399386864,-73.95121968503807,"{'latitude': '40.807673399386864', 'longitude': '-73.95121968503807', 'human_address': '{""address"": """", ""city"": """", ""state"": """", ""zip"": """"}'}",,2025-11-10T00:52:49.000,The Police Department responded and upon arrival those responsible for the condition were gone.,2025-11-10T00:52:53.000,,,,,,,nyc_opendata_311,2025-11-12 02:39:01.699840
66780195,2025-11-09T23:55:13.000,NYPD,New York City Police Department,Noise - Residential,Loud Music/Party,Residential Building/House,11356,10-29 115 STREET,115 STREET,UNNAMED STREET,14 AVENUE,UNNAMED STREET,14 AVENUE,ADDRESS,COLLEGE POINT,115 STREET,In Progress,07 QUEENS,4040220055,QUEENS,1025133,226447,PHONE,Unspecified,QUEENS,40.78812629179252,-73.8523621929236,"{'latitude': '40.78812629179252', 'longitude': '-73.8523621929236', 'human_address': '{""address"": """", ""city"": """", ""state"": """", ""zip"": """"}'}",,,,,,,,,,,nyc_opendata_311,2025-11-12 02:39:01.699840
66778835,2025-11-09T23:55:02.000,NYPD,New York City Police Department,Noise - Street/Sidewalk,Loud Music/Party,Street/Sidewalk,10453,2229 CRESTON AVENUE,CRESTON AVENUE,EAST  181 STREET,EAST  182 STREET,EAST  181 STREET,EAST  182 STREET,ADDRESS,BRONX,CRESTON AVENUE,Closed,05 BRONX,2031700032,BRONX,1011372,251211,ONLINE,Unspecified,BRONX,40.85614936426443,-73.90195614688277,"{'latitude': '40.85614936426443', 'longitude': '-73.90195614688277', 'human_address': '{""address"": """", ""city"": """", ""state"": """", ""zip"": """"}'}",,2025-11-10T01:36:10.000,The Police Department responded to the complaint but officers were unable to gain entry into the premises.,2025-11-10T01:36:15.000,,,,,,,nyc_opendata_311,2025-11-12 02:39:01.699840
66778790,2025-11-09T23:54:55.000,NYPD,New York City Police Department,Noise - Residential,Loud Music/Party,Residential Building/House,10456,1465 WASHINGTON AVENUE,WASHINGTON AVENUE,ST PAULS PLACE,EAST  171 STREET,ST PAULS PLACE,EAST  171 STREET,ADDRESS,BRONX,WASHINGTON AVENUE,Closed,03 BRONX,2029020036,BRONX,1010885,244212,ONLINE,Unspecified,BRONX,40.83694066292417,-73.90374441298103,"{'latitude': '40.83694066292417', 'longitude': '-73.90374441298103', 'human_address': '{""address"": """", ""city"": """", ""state"": """", ""zip"": """"}'}",,2025-11-10T00:00:34.000,The Police Department responded to the complaint and took action to fix the condition.,2025-11-10T00:00:37.000,,,,,,,nyc_opendata_311,2025-11-12 02:39:01.699840
66775186,2025-11-09T23:54:35.000,NYPD,New York City Police Department,Blocked Driveway,No Access,Street/Sidewalk,11369,31-50 BUELL STREET,BUELL STREET,31 AVENUE,31 DRIVE,31 AVENUE,31 DRIVE,ADDRESS,EAST ELMHURST,BUELL STREET,In Progress,03 QUEENS,4016760030,QUEENS,1022538,216722,MOBILE,Unspecified,QUEENS,40.761445375050656,-73.86178872292048,"{'latitude': '40.761445375050656', 'longitude': '-73.86178872292048', 'human_address': '{""address"": """", ""city"": """", ""state"": """", ""zip"": """"}'}",,,,,,,,,,,nyc_opendata_311,2025-11-12 02:39:01.699840
66778505,2025-11-09T23:54:23.000,NYPD,New York City Police Department,Illegal Parking,Commercial Overnight Parking,Street/Sidewalk,11361,33-55 BELL BOULEVARD,BELL BOULEVARD,33 ROAD,34 ROAD,33 ROAD,34 ROAD,ADDRESS,BAYSIDE,BELL BOULEVARD,Closed,11 QUEENS,4061160015,QUEENS,1046805,220146,PHONE,Unspecified,QUEENS,40.770704941975616,-73.77415862560785,"{'latitude': '40.770704941975616', 'longitude': '-73.77415862560785', 'human_address': '{""address"": """", ""city"": """", ""state"": """", ""zip"": """"}'}",,2025-11-10T00:26:05.000,The Police Department responded to the complaint and took action to fix the condition.,2025-11-10T00:26:08.000,,,,,,,nyc_opendata_311,2025-11-12 02:39:01.699840
66773354,2025-11-09T23:54:20.000,NYPD,New York City Police Department,Noise - Street/Sidewalk,Loud Music/Party,Street/Sidewalk,10456,1306 COLLEGE AVENUE,COLLEGE AVENUE,EAST  169 STREET,EAST  170 STREET,EAST  169 STREET,EAST  170 STREET,ADDRESS,BRONX,COLLEGE AVENUE,In Progress,04 BRONX,2027830008,BRONX,1008675,243702,MOBILE,Unspecified,BRONX,40.83554725006937,-73.91173293043992,"{'latitude': '40.83554725006937', 'longitude': '-73.91173293043992', 'human_address': '{""address"": """", ""city"": """", ""state"": """", ""zip"": """"}'}",,,,,,,,,,,nyc_opendata_311,2025-11-12 02:39:01.699840
66777903,2025-11-09T23:53:53.000,HPD,Department of Housing Preservation and Development,GENERAL,VENTILATION SYSTEM,RESIDENTIAL BUILDING,10002,245 BOWERY,BOWERY,,,,,ADDRESS,NEW YORK,,Open,03 MANHATTAN,1004260017,MANHATTAN,986161,202593,ONLINE,Unspecified,MANHATTAN,40.722747492337135,-73.99310571781817,"{'latitude': '40.722747492337135', 'longitude': '-73.99310571781817', 'human_address': '{""address"": """", ""city"": """", ""state"": """", ""zip"": """"}'}",,,The following complaint conditions are still open. HPD has already attempted to notify the property owner that the condition exists; the tenant should provide access for the owner to make the repair.  HPD may attempt to contact the tenant by phone to verify the correction of the condition or an HPD Inspector may attempt to conduct an inspection.,2025-11-09T00:00:00.000,,,,,,,nyc_opendata_311,2025-11-12 02:39:01.699840
66780022,2025-11-09T23:53:53.000,HPD,Department of Housing Preservation and Development,SAFETY,SMOKE DETECTOR,RESIDENTIAL BUILDING,10002,245 BOWERY,BOWERY,,,,,ADDRESS,NEW YORK,,Open,03 MANHATTAN,1004260017,MANHATTAN,986161,202593,ONLINE,Unspecified,MANHATTAN,40.722747492337135,-73.99310571781817,"{'latitude': '40.722747492337135', 'longitude': '-73.99310571781817', 'human_address': '{""address"": """", ""city"": """", ""state"": """", ""zip"": """"}'}",,,The following complaint conditions are still open. HPD has already attempted to notify the property owner that the condition exists; the tenant should provide access for the owner to make the repair.  HPD may attempt to contact the tenant by phone to verify the correction of the condition or an HPD Inspector may attempt to conduct an inspection.,2025-11-09T00:00:00.000,,,,,,,nyc_opendata_311,2025-11-12 02:39:01.699840
66773158,2025-11-09T23:53:53.000,HPD,Department of Housing Preservation and Development,SAFETY,FIRE ESCAPE,RESIDENTIAL BUILDING,10002,245 BOWERY,BOWERY,,,,,ADDRESS,NEW YORK,,Open,03 MANHATTAN,1004260017,MANHATTAN,986161,202593,ONLINE,Unspecified,MANHATTAN,40.722747492337135,-73.99310571781817,"{'latitude': '40.722747492337135', 'longitude': '-73.99310571781817', 'human_address': '{""address"": """", ""city"": """", ""state"": """", ""zip"": """"}'}",,,The following complaint conditions are still open. HPD has already attempted to notify the property owner that the condition exists; the tenant should provide access for the owner to make the repair.  HPD may attempt to contact the tenant by phone to verify the correction of the condition or an HPD Inspector may attempt to conduct an inspection.,2025-11-09T00:00:00.000,,,,,,,nyc_opendata_311,2025-11-12 02:39:01.699840
66773051,2025-11-09T23:53:53.000,HPD,Department of Housing Preservation and Development,FLOORING/STAIRS,FLOOR,RESIDENTIAL BUILDING,10002,245 BOWERY,BOWERY,,,,,ADDRESS,NEW YORK,,Open,03 MANHATTAN,1004260017,MANHATTAN,986161,202593,ONLINE,Unspecified,MANHATTAN,40.722747492337135,-73.99310571781817,"{'latitude': '40.722747492337135', 'longitude': '-73.99310571781817', 'human_address': '{""address"": """", ""city"": """", ""state"": """", ""zip"": """"}'}",,,The following complaint conditions are still open. HPD has already attempted to notify the property owner that the condition exists; the tenant should provide access for the owner to make the repair.  HPD may attempt to contact the tenant by phone to verify the correction of the condition or an HPD Inspector may attempt to conduct an inspection.,2025-11-09T00:00:00.000,,,,,,,nyc_opendata_311,2025-11-12 02:39:01.699840
66779034,2025-11-09T23:53:53.000,HPD,Department of Housing Preservation and Development,UNSANITARY CONDITION,PESTS,RESIDENTIAL BUILDING,10002,245 BOWERY,BOWERY,,,,,ADDRESS,NEW YORK,,Open,03 MANHATTAN,1004260017,MANHATTAN,986161,202593,ONLINE,Unspecified,MANHATTAN,40.722747492337135,-73.99310571781817,"{'latitude': '40.722747492337135', 'longitude': '-73.99310571781817', 'human_address': '{""address"": """", ""city"": """", ""state"": """", ""zip"": """"}'}",,,The following complaint conditions are still open. HPD has already attempted to notify the property owner that the condition exists; the tenant should provide access for the owner to make the repair.  HPD may attempt to contact the tenant by phone to verify the correction of the condition or an HPD Inspector may attempt to conduct an inspection.,2025-11-09T00:00:00.000,,,,,,,nyc_opendata_311,2025-11-12 02:39:01.699840
66778009,2025-11-09T23:53:53.000,HPD,Department of Housing Preservation and Development,SAFETY,CARBON MONOXIDE DETECTOR,RESIDENTIAL BUILDING,10002,245 BOWERY,BOWERY,,,,,ADDRESS,NEW YORK,,Open,03 MANHATTAN,1004260017,MANHATTAN,986161,202593,ONLINE,Unspecified,MANHATTAN,40.722747492337135,-73.99310571781817,"{'latitude': '40.722747492337135', 'longitude': '-73.99310571781817', 'human_address': '{""address"": """", ""city"": """", ""state"": """", ""zip"": """"}'}",,,The following complaint conditions are still open. HPD has already attempted to notify the property owner that the condition exists; the tenant should provide access for the owner to make the repair.  HPD may attempt to contact the tenant by phone to verify the correction of the condition or an HPD Inspector may attempt to conduct an inspection.,2025-11-09T00:00:00.000,,,,,,,nyc_opendata_311,2025-11-12 02:39:01.699840
66776934,2025-11-09T23:53:53.000,HPD,Department of Housing Preservation and Development,GENERAL,BELL/BUZZER/INTERCOM,RESIDENTIAL BUILDING,10002,245 BOWERY,BOWERY,,,,,ADDRESS,NEW YORK,,Open,03 MANHATTAN,1004260017,MANHATTAN,986161,202593,ONLINE,Unspecified,MANHATTAN,40.722747492337135,-73.99310571781817,"{'latitude': '40.722747492337135', 'longitude': '-73.99310571781817', 'human_address': '{""address"": """", ""city"": """", ""state"": """", ""zip"": """"}'}",,,The following complaint conditions are still open. HPD has already attempted to notify the property owner that the condition exists; the tenant should provide access for the owner to make the repair.  HPD may attempt to contact the tenant by phone to verify the correction of the condition or an HPD Inspector may attempt to conduct an inspection.,2025-11-09T00:00:00.000,,,,,,,nyc_opendata_311,2025-11-12 02:39:01.699840
66778893,2025-11-09T23:53:53.000,HPD,Department of Housing Preservation and Development,ELECTRIC,WIRING,RESIDENTIAL BUILDING,10002,245 BOWERY,BOWERY,,,,,ADDRESS,NEW YORK,,Open,03 MANHATTAN,1004260017,MANHATTAN,986161,202593,ONLINE,Unspecified,MANHATTAN,40.722747492337135,-73.99310571781817,"{'latitude': '40.722747492337135', 'longitude': '-73.99310571781817', 'human_address': '{""address"": """", ""city"": """", ""state"": """", ""zip"": """"}'}",,,The following complaint conditions are still open. HPD has already attempted to notify the property owner that the condition exists; the tenant should provide access for the owner to make the repair.  HPD may attempt to contact the tenant by phone to verify the correction of the condition or an HPD Inspector may attempt to conduct an inspection.,2025-11-09T00:00:00.000,,,,,,,nyc_opendata_311,2025-11-12 02:39:01.699840
66773344,2025-11-09T23:53:35.000,NYPD,New York City Police Department,Noise - Residential,Loud Music/Party,Residential Building/House,11237,455 JEFFERSON STREET,JEFFERSON STREET,SCOTT AVENUE,CYPRESS AVENUE,SCOTT AVENUE,CYPRESS AVENUE,ADDRESS,BROOKLYN,JEFFERSON STREET,In Progress,04 BROOKLYN,3031690017,BROOKLYN,1005944,197535,ONLINE,Unspecified,BROOKLYN,40.70883810427304,-73.92175124625676,"{'latitude': '40.70883810427304', 'longitude': '-73.92175124625676', 'human_address': '{""address"": """", ""city"": """", ""state"": """", ""zip"": """"}'}",,,,,,,,,,,nyc_opendata_311,2025-11-12 02:39:01.699840
66778163,2025-11-09T23:53:22.000,NYPD,New York City Police Department,Noise - Commercial,Loud Music/Party,Store/Commercial,11420,115-88 LEFFERTS BOULEVARD,LEFFERTS BOULEVARD,ROCKAWAY BOULEVARD,SUTTER AVENUE,ROCKAWAY BOULEVARD,SUTTER AVENUE,ADDRESS,SOUTH OZONE PARK,LEFFERTS BOULEVARD,In Progress,10 QUEENS,4117110001,QUEENS,1034288,185119,MOBILE,Unspecified,QUEENS,40.67464422870562,-73.81960883486667,"{'latitude': '40.67464422870562', 'longitude': '-73.81960883486667', 'human_address': '{""address"": """", ""city"": """", ""state"": """", ""zip"": """"}'}",,,,,,,,,,,nyc_opendata_311,2025-11-12 02:39:01.699840
66774933,2025-11-09T23:53:21.000,NYPD,New York City Police Department,Noise - Residential,Loud Music/Party,Residential Building/House,10466,4337 GUNTHER AVENUE,GUNTHER AVENUE,PITMAN AVENUE,BARNES AVENUE,PITMAN AVENUE,BARNES AVENUE,ADDRESS,BRONX,GUNTHER AVENUE,Closed,12 BRONX,2050500061,BRONX,1025500,265942,PHONE,Unspecified,BRONX,40.89652664639396,-73.85079393862412,"{'latitude': '40.89652664639396', 'longitude': '-73.85079393862412', 'human_address': '{""address"": """", ""city"": """", ""state"": """", ""zip"": """"}'}",,2025-11-10T00:32:43.000,The Police Department responded to the complaint and took action to fix the condition.,2025-11-10T00:32:47.000,,,,,,,nyc_opendata_311,2025-11-12 02:39:01.699840
66779196,2025-11-09T23:53:20.000,NYPD,New York City Police Department,Noise - Residential,Loud Music/Party,Residential Building/House,11234,5226 KINGS HIGHWAY,KINGS HIGHWAY,EAST   52 STREET,EAST   53 STREET,EAST   52 STREET,EAST   53 STREET,ADDRESS,BROOKLYN,KINGS HIGHWAY,In Progress,18 BROOKLYN,3079690075,BROOKLYN,1004663,171265,ONLINE,Unspecified,BROOKLYN,40.63673592747118,-73.92645127994356,"{'latitude': '40.63673592747118', 'longitude': '-73.92645127994356', 'human_address': '{""address"": """", ""city"": """", ""state"": """", ""zip"": """"}'}",,,,,,,,,,,nyc_opendata_311,2025-11-12 02:39:01.699840
66774911,2025-11-09T23:53:02.000,NYPD,New York City Police Department,Noise - Residential,Loud Music/Party,Residential Building/House,10029,215 EAST  102 STREET,EAST  102 STREET,PEDESTRIAN PATH,2 AVENUE,PEDESTRIAN PATH,2 AVENUE,ADDRESS,NEW YORK,EAST  102 STREET,Closed,11 MANHATTAN,1016520001,MANHATTAN,999271,226615,PHONE,Unspecified,MANHATTAN,40.788669204060774,-73.9457553341029,"{'latitude': '40.788669204060774', 'longitude': '-73.9457553341029', 'human_address': '{""address"": """", ""city"": """", ""state"": """", ""zip"": """"}'}",,2025-11-10T00:52:28.000,The Police Department responded to the complaint and took action to fix the condition.,2025-11-10T00:52:38.000,,,,,,,nyc_opendata_311,2025-11-12 02:39:01.699840
66774303,2025-11-09T23:52:47.000,NYPD,New York City Police Department,Noise - Residential,Loud Music/Party,Residential Building/House,11223,2259 WEST FIRST STREET,WEST FIRST STREET,VILLAGE ROAD SOUTH,AVENUE W,VILLAGE ROAD SOUTH,AVENUE W,ADDRESS,BROOKLYN,WEST    1 STREET,In Progress,15 BROOKLYN,3071510112,BROOKLYN,992107,155483,MOBILE,Unspecified,BROOKLYN,40.593437641167114,-73.97170932587133,"{'latitude': '40.593437641167114', 'longitude': '-73.97170932587133', 'human_address': '{""address"": """", ""city"": """", ""state"": """", ""zip"": """"}'}",,,,,,,,,,,nyc_opendata_311,2025-11-12 02:39:01.699840
66777804,2025-11-09T23:52:21.000,NYPD,New York City Police Department,Noise - Residential,Loud Talking,Residential Building/House,11226,415 EAST   16 STREET,EAST   16 STREET,CORTELYOU ROAD,DORCHESTER ROAD,CORTELYOU ROAD,DORCHESTER ROAD,ADDRESS,BROOKLYN,EAST   16 STREET,Closed,14 BROOKLYN,3051590047,BROOKLYN,994431,172599,ONLINE,Unspecified,BROOKLYN,40.64041514286851,-73.96331549797361,"{'latitude': '40.64041514286851', 'longitude': '-73.96331549797361', 'human_address': '{""address"": """", ""city"": """", ""state"": """", ""zip"": """"}'}",,2025-11-10T01:30:07.000,The Police Department responded to the complaint and with the information available observed no evidence of the violation at that time.,2025-11-10T01:30:15.000,,,,,,,nyc_opendata_311,2025-11-12 02:39:01.699840
66776814,2025-11-09T23:52:20.000,NYPD,New York City Police Department,Noise - Residential,Loud Music/Party,Residential Building/House,11377,32-13 54 STREET,54 STREET,32 AVENUE,NORTHERN BOULEVARD,32 AVENUE,NORTHERN BOULEVARD,ADDRESS,WOODSIDE,54 STREET,Closed,01 QUEENS,4011560081,QUEENS,1010025,214297,PHONE,Unspecified,QUEENS,40.75483470825535,-73.90696716142808,"{'latitude': '40.75483470825535', 'longitude': '-73.90696716142808', 'human_address': '{""address"": """", ""city"": """", ""state"": """", ""zip"": """"}'}",,2025-11-10T01:43:58.000,The Police Department responded to the complaint and with the information available observed no evidence of the violation at that time.,2025-11-10T01:44:03.000,,,,,,,nyc_opendata_311,2025-11-12 02:39:01.699840
66773312,2025-11-09T23:52:14.000,NYPD,New York City Police Department,Illegal Parking,Blocked Sidewalk,Street/Sidewalk,11204,2057 58 STREET,58 STREET,20 AVENUE,21 AVENUE,20 AVENUE,21 AVENUE,ADDRESS,BROOKLYN,58 STREET,In Progress,12 BROOKLYN,3055007501,BROOKLYN,989756,165018,ONLINE,Unspecified,BROOKLYN,40.61961103863818,-73.98016679012959,"{'latitude': '40.61961103863818', 'longitude': '-73.98016679012959', 'human_address': '{""address"": """", ""city"": """", ""state"": """", ""zip"": """"}'}",,,,,,,,,,,nyc_opendata_311,2025-11-12 02:39:01.699840
66774744,2025-11-09T23:52:11.000,NYPD,New York City Police Department,Blocked Driveway,No Access,Street/Sidewalk,11209,15 OLIVER STREET,OLIVER STREET,SHORE ROAD,MARINE AVENUE,SHORE ROAD,MARINE AVENUE,ADDRESS,BROOKLYN,OLIVER STREET,Closed,10 BROOKLYN,3060990001,BROOKLYN,973313,164929,PHONE,Unspecified,BROOKLYN,40.61936171245328,-74.03939611543234,"{'latitude': '40.61936171245328', 'longitude': '-74.03939611543234', 'human_address': '{""address"": """", ""city"": """", ""state"": """", ""zip"": """"}'}",,2025-11-10T01:51:13.000,The Police Department issued a summons in response to the complaint.,2025-11-10T01:51:21.000,,,,,,,nyc_opendata_311,2025-11-12 02:39:01.699840
66773352,2025-11-09T23:52:02.000,NYPD,New York City Police Department,Noise - Street/Sidewalk,Loud Music/Party,Street/Sidewalk,11368,95-15 57 AVENUE,57 AVENUE,JUNCTION BOULEVARD,96 STREET,JUNCTION BOULEVARD,96 STREET,ADDRESS,CORONA,57 AVENUE,In Progress,04 QUEENS,4019030056,QUEENS,1021493,207710,ONLINE,Unspecified,QUEENS,40.736714198805146,-73.86561084618533,"{'latitude': '40.736714198805146', 'longitude': '-73.86561084618533', 'human_address': '{""address"": """", ""city"": """", ""state"": """", ""zip"": """"}'}",,,,,,,,,,,nyc_opendata_311,2025-11-12 02:39:01.699840
66776310,2025-11-09T23:51:39.000,DHS,Department of Homeless Services,Homeless Person Assistance,Chronic,Residential Building/House,10035,147 EAST 117 STREET,EAST 117 STREET,LEXINGTON AVENUE,3 AVENUE,LEXINGTON AVENUE,3 AVENUE,ADDRESS,NEW YORK,EAST  117 STREET,Assigned,11 MANHATTAN,1016450022,MANHATTAN,1000640,230443,MOBILE,Unspecified,MANHATTAN,40.79917359358103,-73.94080218491784,"{'latitude': '40.79917359358103', 'longitude': '-73.94080218491784', 'human_address': '{""address"": """", ""city"": """", ""state"": """", ""zip"": """"}'}",,,The Department of Homeless Services has sent a mobile outreach response team to the location.,2025-11-10T00:27:50.000,,,,,,,nyc_opendata_311,2025-11-12 02:39:01.699840
66777042,2025-11-09T23:51:28.000,HPD,Department of Housing Preservation and Development,SAFETY,FIRE ESCAPE,RESIDENTIAL BUILDING,10453,2229 CRESTON AVENUE,CRESTON AVENUE,,,,,ADDRESS,BRONX,,Open,05 BRONX,2031700032,BRONX,1011372,251211,ONLINE,Unspecified,BRONX,40.85614936426443,-73.90195614688277,"{'latitude': '40.85614936426443', 'longitude': '-73.90195614688277', 'human_address': '{""address"": """", ""city"": """", ""state"": """", ""zip"": """"}'}",,,The following complaint conditions are still open. HPD has already attempted to notify the property owner that the condition exists; the tenant should provide access for the owner to make the repair.  HPD may attempt to contact the tenant by phone to verify the correction of the condition or an HPD Inspector may attempt to conduct an inspection.,2025-11-09T00:00:00.000,,,,,,,nyc_opendata_311,2025-11-12 02:39:01.699840
66777900,2025-11-09T23:51:28.000,HPD,Department of Housing Preservation and Development,GENERAL,JANITOR/SUPER,RESIDENTIAL BUILDING,10453,2229 CRESTON AVENUE,CRESTON AVENUE,,,,,ADDRESS,BRONX,,Open,05 BRONX,2031700032,BRONX,1011372,251211,ONLINE,Unspecified,BRONX,40.85614936426443,-73.90195614688277,"{'latitude': '40.85614936426443', 'longitude': '-73.90195614688277', 'human_address': '{""address"": """", ""city"": """", ""state"": """", ""zip"": """"}'}",,,The following complaint conditions are still open. HPD has already attempted to notify the property owner that the condition exists; the tenant should provide access for the owner to make the repair.  HPD may attempt to contact the tenant by phone to verify the correction of the condition or an HPD Inspector may attempt to conduct an inspection.,2025-11-09T00:00:00.000,,,,,,,nyc_opendata_311,2025-11-12 02:39:01.699840
66777777,2025-11-09T23:51:25.000,NYPD,New York City Police Department,Noise - Residential,Loud Music/Party,Residential Building/House,11377,32-13 54 STREET,54 STREET,32 AVENUE,NORTHERN BOULEVARD,32 AVENUE,NORTHERN BOULEVARD,ADDRESS,WOODSIDE,54 STREET,Closed,01 QUEENS,4011560081,QUEENS,1010025,214297,MOBILE,Unspecified,QUEENS,40.75483470825535,-73.90696716142808,"{'latitude': '40.75483470825535', 'longitude': '-73.90696716142808', 'human_address': '{""address"": """", ""city"": """", ""state"": """", ""zip"": """"}'}",,2025-11-10T01:44:18.000,The Police Department responded to the complaint and with the information available observed no evidence of the violation at that time.,2025-11-10T01:44:22.000,,,,,,,nyc_opendata_311,2025-11-12 02:39:01.699840
66779948,2025-11-09T23:51:18.000,HPD,Department of Housing Preservation and Development,HEAT/HOT WATER,ENTIRE BUILDING,RESIDENTIAL BUILDING,11211,601 METROPOLITAN AVENUE,METROPOLITAN AVENUE,,,,,ADDRESS,BROOKLYN,,Open,01 BROOKLYN,3027570034,BROOKLYN,998434,199455,PHONE,Unspecified,BROOKLYN,40.714123273012646,-73.9488352427146,"{'latitude': '40.714123273012646', 'longitude': '-73.9488352427146', 'human_address': '{""address"": """", ""city"": """", ""state"": """", ""zip"": """"}'}",,,"This complaint is a duplicate of a building-wide condition already reported by another tenant.  The original complaint is still open, and HPD may only need to confirm that the condition exists by inspecting one apartment.  If we cannot contact the tenant from the original complaint or get access to that apartment, HPD may attempt to contact the person who filed this complaint to verify the correction of the condition or may conduct an inspection of your unit. You can check HPDONLINE to see if a",2025-11-09T00:00:00.000,,,,,,,nyc_opendata_311,2025-11-12 02:39:01.699840
66777941,2025-11-09T23:50:56.000,HPD,Department of Housing Preservation and Development,HEAT/HOT WATER,ENTIRE BUILDING,RESIDENTIAL BUILDING,10040,562 WEST  191 STREET,WEST  191 STREET,,,,,ADDRESS,NEW YORK,,Open,12 MANHATTAN,1021610126,MANHATTAN,1003999,250899,PHONE,Unspecified,MANHATTAN,40.855312589116,-73.92860985528253,"{'latitude': '40.855312589116', 'longitude': '-73.92860985528253', 'human_address': '{""address"": """", ""city"": """", ""state"": """", ""zip"": """"}'}",,,The following complaint conditions are still open. HPD has already attempted to notify the property owner that the condition exists; the tenant should provide access for the owner to make the repair.  HPD may attempt to contact the tenant by phone to verify the correction of the condition or an HPD Inspector may attempt to conduct an inspection.,2025-11-09T00:00:00.000,,,,,,,nyc_opendata_311,2025-11-12 02:39:01.699840
66779674,2025-11-09T23:50:44.000,NYPD,New York City Police Department,Noise - Commercial,Loud Music/Party,Club/Bar/Restaurant,10014,29 CORNELIA STREET,CORNELIA STREET,WEST    4 STREET,BLEECKER STREET,WEST    4 STREET,BLEECKER STREET,ADDRESS,NEW YORK,CORNELIA STREET,Closed,02 MANHATTAN,1005900045,MANHATTAN,983598,205730,PHONE,Unspecified,MANHATTAN,40.73135797584184,-74.00235251324737,"{'latitude': '40.73135797584184', 'longitude': '-74.00235251324737', 'human_address': '{""address"": """", ""city"": """", ""state"": """", ""zip"": """"}'}",,2025-11-10T00:16:46.000,The Police Department responded to the complaint and with the information available observed no evidence of the violation at that time.,2025-11-10T00:16:52.000,,,,,,,nyc_opendata_311,2025-11-12 02:39:01.699840
66780234,2025-11-09T23:50:33.000,NYPD,New York City Police Department,Encampment,N/A,Residential Building/House,10035,147 EAST  117 STREET,EAST  117 STREET,LEXINGTON AVENUE,3 AVENUE,LEXINGTON AVENUE,3 AVENUE,ADDRESS,NEW YORK,EAST  117 STREET,Closed,11 MANHATTAN,1016450022,MANHATTAN,1000640,230443,MOBILE,Unspecified,MANHATTAN,40.79917359358103,-73.94080218491784,"{'latitude': '40.79917359358103', 'longitude': '-73.94080218491784', 'human_address': '{""address"": """", ""city"": """", ""state"": """", ""zip"": """"}'}",,2025-11-10T00:50:17.000,The Police Department visited the location and no Encampment was found.,2025-11-10T00:50:22.000,,,,,,,nyc_opendata_311,2025-11-12 02:39:01.699840
66780155,2025-11-09T23:50:25.000,NYPD,New York City Police Department,Illegal Parking,Blocked Hydrant,Street/Sidewalk,11229,2365 EAST   13 STREET,EAST   13 STREET,GRAVESEND NECK ROAD,AVENUE X,GRAVESEND NECK ROAD,AVENUE X,ADDRESS,BROOKLYN,EAST   13 STREET,In Progress,15 BROOKLYN,3073980027,BROOKLYN,996172,155119,MOBILE,Unspecified,BROOKLYN,40.59243399868675,-73.95707313793193,"{'latitude': '40.59243399868675', 'longitude': '-73.95707313793193', 'human_address': '{""address"": """", ""city"": """", ""state"": """", ""zip"": """"}'}",,,,,,,,,,,nyc_opendata_311,2025-11-12 02:39:01.699840
66774290,2025-11-09T23:49:45.000,NYPD,New York City Police Department,Noise - Commercial,Loud Music/Party,Store/Commercial,11417,104-07 LIBERTY AVENUE,LIBERTY AVENUE,104 STREET,105 STREET,104 STREET,105 STREET,ADDRESS,OZONE PARK,LIBERTY AVENUE,In Progress,10 QUEENS,4095080047,QUEENS,1029508,187818,MOBILE,Unspecified,QUEENS,40.68207808807897,-73.83682296639265,"{'latitude': '40.68207808807897', 'longitude': '-73.83682296639265', 'human_address': '{""address"": """", ""city"": """", ""state"": """", ""zip"": """"}'}",,,,,,,,,,,nyc_opendata_311,2025-11-12 02:39:01.699840
66779149,2025-11-09T23:49:35.000,NYPD,New York City Police Department,Illegal Parking,Blocked Hydrant,Street/Sidewalk,11223,2260 WEST STREET,WEST STREET,GRAVESEND NECK ROAD,AVENUE W,GRAVESEND NECK ROAD,AVENUE W,ADDRESS,BROOKLYN,WEST STREET,In Progress,15 BROOKLYN,3071510079,BROOKLYN,992351,155567,PHONE,Unspecified,BROOKLYN,40.59366798462106,-73.97083065521878,"{'latitude': '40.59366798462106', 'longitude': '-73.97083065521878', 'human_address': '{""address"": """", ""city"": """", ""state"": """", ""zip"": """"}'}",,,,,,,,,,,nyc_opendata_311,2025-11-12 02:39:01.699840
66778652,2025-11-09T23:49:06.000,NYPD,New York City Police Department,Non-Emergency Police Matter,Trespassing,Residential Building/House,10453,2270 WALTON AVENUE,WALTON AVENUE,EAST  182 STREET,EAST  183 STREET,EAST  182 STREET,EAST  183 STREET,ADDRESS,BRONX,WALTON AVENUE,Closed,05 BRONX,2031820019,BRONX,1011054,251827,ONLINE,Unspecified,BRONX,40.85784107007921,-73.90310322722475,"{'latitude': '40.85784107007921', 'longitude': '-73.90310322722475', 'human_address': '{""address"": """", ""city"": """", ""state"": """", ""zip"": """"}'}",,2025-11-10T01:35:49.000,The Police Department responded to the complaint and with the information available observed no evidence of the violation at that time.,2025-11-10T01:35:56.000,,,,,,,nyc_opendata_311,2025-11-12 02:39:01.699840
66775313,2025-11-09T23:48:38.000,NYPD,New York City Police Department,Encampment,N/A,Residential Building/House,10452,1401 GRAND CONCOURSE,GRAND CONCOURSE,ELLIOT PLACE,EAST  170 STREET,ELLIOT PLACE,EAST  170 STREET,ADDRESS,BRONX,GRAND CONCOURSE,In Progress,04 BRONX,2028420059,BRONX,1008074,244801,ONLINE,Unspecified,BRONX,40.838565326893,-73.9139009192951,"{'latitude': '40.838565326893', 'longitude': '-73.9139009192951', 'human_address': '{""address"": """", ""city"": """", ""state"": """", ""zip"": """"}'}",,,,,,,,,,,nyc_opendata_311,2025-11-12 02:39:01.699840
66779305,2025-11-09T23:48:18.000,DSNY,Department of Sanitation,Missed Collection,Compost,Street,11355,144-08 45 AVENUE,45 AVENUE,SMART STREET,BURLING STREET,SMART STREET,BURLING STREET,ADDRESS,FLUSHING,45 AVENUE,In Progress,07 QUEENS,4052040102,QUEENS,1034782,214155,PHONE,Unspecified,QUEENS,40.754338128113176,-73.81760997609649,"{'latitude': '40.754338128113176', 'longitude': '-73.81760997609649', 'human_address': '{""address"": """", ""city"": """", ""state"": """", ""zip"": """"}'}",,,,,,,,,,,nyc_opendata_311,2025-11-12 02:39:01.699840
66776815,2025-11-09T23:48:17.000,NYPD,New York City Police Department,Noise - Residential,Loud Music/Party,Residential Building/House,10461,1618 BENSON STREET,BENSON STREET,ST RAYMOND AVENUE,MACLAY AVENUE,ST RAYMOND AVENUE,MACLAY AVENUE,ADDRESS,BRONX,BENSON STREET,Closed,10 BRONX,2040020056,BRONX,1026617,246343,PHONE,Unspecified,BRONX,40.842728168449554,-73.84687754834488,"{'latitude': '40.842728168449554', 'longitude': '-73.84687754834488', 'human_address': '{""address"": """", ""city"": """", ""state"": """", ""zip"": """"}'}",,2025-11-10T01:30:09.000,The Police Department responded to the complaint and took action to fix the condition.,2025-11-10T01:30:15.000,,,,,,,nyc_opendata_311,2025-11-12 02:39:01.699840
66775797,2025-11-09T23:48:13.000,NYPD,New York City Police Department,Noise - Commercial,Loud Talking,Store/Commercial,10040,21 HILLSIDE AVENUE,HILLSIDE AVENUE,BROADWAY,BOGARDUS PLACE,BROADWAY,BOGARDUS PLACE,ADDRESS,NEW YORK,HILLSIDE AVENUE,Closed,12 MANHATTAN,1021700110,MANHATTAN,1003517,252179,MOBILE,Unspecified,MANHATTAN,40.858826869958726,-73.93034854464973,"{'latitude': '40.858826869958726', 'longitude': '-73.93034854464973', 'human_address': '{""address"": """", ""city"": """", ""state"": """", ""zip"": """"}'}",,2025-11-10T01:45:35.000,The Police Department responded to the complaint and with the information available observed no evidence of the violation at that time.,2025-11-10T01:45:41.000,,,,,,,nyc_opendata_311,2025-11-12 02:39:01.699840
66774054,2025-11-09T23:48:09.000,HPD,Department of Housing Preservation and Development,HEAT/HOT WATER,ENTIRE BUILDING,RESIDENTIAL BUILDING,10014,2 CHARLTON STREET,CHARLTON STREET,,,,,ADDRESS,NEW YORK,,Open,02 MANHATTAN,1005060027,MANHATTAN,983207,204135,MOBILE,Unspecified,MANHATTAN,40.7269800530374,-74.00376305233803,"{'latitude': '40.7269800530374', 'longitude': '-74.00376305233803', 'human_address': '{""address"": """", ""city"": """", ""state"": """", ""zip"": """"}'}",,,"This complaint is a duplicate of a building-wide condition already reported by another tenant.  The original complaint is still open, and HPD may only need to confirm that the condition exists by inspecting one apartment.  If we cannot contact the tenant from the original complaint or get access to that apartment, HPD may attempt to contact the person who filed this complaint to verify the correction of the condition or may conduct an inspection of your unit. You can check HPDONLINE to see if a",2025-11-09T00:00:00.000,,,,,,,nyc_opendata_311,2025-11-12 02:39:01.699840
66779665,2025-11-09T23:48:00.000,DOT,Department of Transportation,Street Light Condition,Street Light Out,,11364,,,,,50 AVENUE,203 STREET,INTERSECTION,QUEENS,,Open,11 QUEENS,,QUEENS,1046217,212994,UNKNOWN,Unspecified,QUEENS,40.75107874308628,-73.77634738910811,"{'latitude': '40.75107874308628', 'longitude': '-73.77634738910811', 'human_address': '{""address"": """", ""city"": """", ""state"": """", ""zip"": """"}'}",,,,,,,,,,,nyc_opendata_311,2025-11-12 02:39:01.699840
66773011,2025-11-09T23:48:00.000,NYPD,New York City Police Department,Noise - Street/Sidewalk,Loud Talking,Street/Sidewalk,10027,339 LENOX AVENUE,LENOX AVENUE,WEST  127 STREET,WEST  128 STREET,WEST  127 STREET,WEST  128 STREET,ADDRESS,NEW YORK,LENOX AVENUE,Closed,10 MANHATTAN,1019120029,MANHATTAN,999619,234084,MOBILE,Unspecified,MANHATTAN,40.809168970568194,-73.94448152264299,"{'latitude': '40.809168970568194', 'longitude': '-73.94448152264299', 'human_address': '{""address"": """", ""city"": """", ""state"": """", ""zip"": """"}'}",,2025-11-10T01:17:15.000,The Police Department responded to the complaint and with the information available observed no evidence of the violation at that time.,2025-11-10T01:17:24.000,,,,,,,nyc_opendata_311,2025-11-12 02:39:01.699840
66778165,2025-11-09T23:47:43.000,NYPD,New York City Police Department,Noise - Commercial,Loud Talking,Store/Commercial,10013,122 READE STREET,READE STREET,HUDSON STREET,GREENWICH STREET,HUDSON STREET,GREENWICH STREET,ADDRESS,NEW YORK,READE STREET,In Progress,01 MANHATTAN,,MANHATTAN,981624,200251,MOBILE,Unspecified,MANHATTAN,40.716319082765516,-74.00947286179263,"{'latitude': '40.716319082765516', 'longitude': '-74.00947286179263', 'human_address': '{""address"": """", ""city"": """", ""state"": """", ""zip"": """"}'}",,,,,,,,,,,nyc_opendata_311,2025-11-12 02:39:01.699840
66774271,2025-11-09T23:47:35.000,NYPD,New York City Police Department,Illegal Parking,Blocked Hydrant,Street/Sidewalk,10452,125 MARCY PLACE,MARCY PLACE,WALTON AVENUE,GRAND CONCOURSE,WALTON AVENUE,GRAND CONCOURSE,ADDRESS,BRONX,MARCY PLACE,In Progress,04 BRONX,2028410083,BRONX,1007484,244596,MOBILE,Unspecified,BRONX,40.83800423364504,-73.91603386694314,"{'latitude': '40.83800423364504', 'longitude': '-73.91603386694314', 'human_address': '{""address"": """", ""city"": """", ""state"": """", ""zip"": """"}'}",,,,,,,,,,,nyc_opendata_311,2025-11-12 02:39:01.699840
66774964,2025-11-09T23:47:34.000,NYPD,New York City Police Department,Noise - Street/Sidewalk,Loud Music/Party,Street/Sidewalk,10040,564 WEST  188 STREET,WEST  188 STREET,AUDUBON AVENUE,ST NICHOLAS AVENUE,AUDUBON AVENUE,ST NICHOLAS AVENUE,ADDRESS,NEW YORK,WEST  188 STREET,Closed,12 MANHATTAN,1021580007,MANHATTAN,1003692,250178,ONLINE,Unspecified,MANHATTAN,40.853334340957325,-73.92972171211538,"{'latitude': '40.853334340957325', 'longitude': '-73.92972171211538', 'human_address': '{""address"": """", ""city"": """", ""state"": """", ""zip"": """"}'}",,2025-11-10T01:41:27.000,The Police Department responded to the complaint and with the information available observed no evidence of the violation at that time.,2025-11-10T01:41:34.000,,,,,,,nyc_opendata_311,2025-11-12 02:39:01.699840
66773678,2025-11-09T23:47:26.000,NYPD,New York City Police Department,Illegal Parking,Commercial Overnight Parking,Street/Sidewalk,11412,188-01 MURDOCK AVENUE,MURDOCK AVENUE,114 DRIVE,LEWISTON AVENUE,114 DRIVE,LEWISTON AVENUE,ADDRESS,SAINT ALBANS,MURDOCK AVENUE,Closed,12 QUEENS,4104200020,QUEENS,1049087,193445,PHONE,Unspecified,QUEENS,40.69740109265856,-73.76617730836105,"{'latitude': '40.69740109265856', 'longitude': '-73.76617730836105', 'human_address': '{""address"": """", ""city"": """", ""state"": """", ""zip"": """"}'}",,2025-11-10T00:40:36.000,The Police Department issued a summons in response to the complaint.,2025-11-10T00:40:38.000,,,,,,,nyc_opendata_311,2025-11-12 02:39:01.699840
66777162,2025-11-09T23:46:58.000,NYPD,New York City Police Department,Illegal Parking,Blocked Hydrant,Street/Sidewalk,11377,40-44 70 STREET,70 STREET,ROOSEVELT AVENUE,41 AVENUE,ROOSEVELT AVENUE,41 AVENUE,ADDRESS,WOODSIDE,70 STREET,In Progress,02 QUEENS,4013010052,QUEENS,1013267,210940,ONLINE,Unspecified,QUEENS,40.74561055218951,-73.89527991285573,"{'latitude': '40.74561055218951', 'longitude': '-73.89527991285573', 'human_address': '{""address"": """", ""city"": """", ""state"": """", ""zip"": """"}'}",,,,,,,,,,,nyc_opendata_311,2025-11-12 02:39:01.699840
66772939,2025-11-09T23:46:51.000,NYPD,New York City Police Department,Noise - Residential,Loud Music/Party,Residential Building/House,11377,32-15 54 STREET,54 STREET,32 AVENUE,NORTHERN BOULEVARD,32 AVENUE,NORTHERN BOULEVARD,ADDRESS,WOODSIDE,54 STREET,Closed,01 QUEENS,4011560079,QUEENS,1010027,214283,MOBILE,Unspecified,QUEENS,40.75479627600587,-73.90695999626222,"{'latitude': '40.75479627600587', 'longitude': '-73.90695999626222', 'human_address': '{""address"": """", ""city"": """", ""state"": """", ""zip"": """"}'}",,2025-11-10T01:44:39.000,The Police Department responded to the complaint and with the information available observed no evidence of the violation at that time.,2025-11-10T01:44:43.000,,,,,,,nyc_opendata_311,2025-11-12 02:39:01.699840
66779197,2025-11-09T23:46:21.000,NYPD,New York City Police Department,Noise - Residential,Loud Music/Party,Residential Building/House,11368,48-05 98 STREET,98 STREET,CORONA AVENUE,ALSTYNE AVENUE,CORONA AVENUE,ALSTYNE AVENUE,ADDRESS,CORONA,98 STREET,In Progress,04 QUEENS,4018810043,QUEENS,1021759,210166,PHONE,Unspecified,QUEENS,40.74345417644119,-73.86463730768865,"{'latitude': '40.74345417644119', 'longitude': '-73.86463730768865', 'human_address': '{""address"": """", ""city"": """", ""state"": """", ""zip"": """"}'}",,,,,,,,,,,nyc_opendata_311,2025-11-12 02:39:01.699840
66774351,2025-11-09T23:46:18.000,NYPD,New York City Police Department,Encampment,N/A,Residential Building/House,10456,1398 GRAND CONCOURSE,GRAND CONCOURSE,ELLIOT PLACE,EAST  170 STREET,ELLIOT PLACE,EAST  170 STREET,ADDRESS,BRONX,GRAND CONCOURSE,In Progress,04 BRONX,2028310048,BRONX,1008079,244798,ONLINE,Unspecified,BRONX,40.83855707927812,-73.91388286014495,"{'latitude': '40.83855707927812', 'longitude': '-73.91388286014495', 'human_address': '{""address"": """", ""city"": """", ""state"": """", ""zip"": """"}'}",,,,,,,,,,,nyc_opendata_311,2025-11-12 02:39:01.699840
66772816,2025-11-09T23:45:36.000,NYPD,New York City Police Department,Noise - Commercial,Banging/Pounding,Club/Bar/Restaurant,11238,677 WASHINGTON AVENUE,WASHINGTON AVENUE,ST MARKS AVENUE,PROSPECT PLACE,ST MARKS AVENUE,PROSPECT PLACE,ADDRESS,BROOKLYN,WASHINGTON AVENUE,Closed,08 BROOKLYN,3011540001,BROOKLYN,994346,185924,ONLINE,Unspecified,BROOKLYN,40.676989432024314,-73.96360182236936,"{'latitude': '40.676989432024314', 'longitude': '-73.96360182236936', 'human_address': '{""address"": """", ""city"": """", ""state"": """", ""zip"": """"}'}",,2025-11-10T00:38:34.000,The Police Department responded to the complaint and with the information available observed no evidence of the violation at that time.,2025-11-10T00:38:38.000,,,,,,,nyc_opendata_311,2025-11-12 02:39:01.699840
66776257,2025-11-09T23:45:30.000,NYPD,New York City Police Department,Noise - Residential,Banging/Pounding,Residential Building/House,11104,45-36 39 PLACE,39 PLACE,QUEENS BOULEVARD,47 AVENUE,QUEENS BOULEVARD,47 AVENUE,ADDRESS,SUNNYSIDE,39 PLACE,In Progress,02 QUEENS,4001950044,QUEENS,1004927,209981,MOBILE,Unspecified,QUEENS,40.74300177108931,-73.92538125228845,"{'latitude': '40.74300177108931', 'longitude': '-73.92538125228845', 'human_address': '{""address"": """", ""city"": """", ""state"": """", ""zip"": """"}'}",,,,,,,,,,,nyc_opendata_311,2025-11-12 02:39:01.699840
66780268,2025-11-09T23:45:08.000,DSNY,Department of Sanitation,Dirty Condition,Trash,Sidewalk,11236,28 PAERDEGAT    8 STREET,PAERDEGAT    8 STREET,PAERDEGAT AVENUE NORTH,EAST   80 STREET,PAERDEGAT AVENUE NORTH,EAST   80 STREET,ADDRESS,BROOKLYN,PAERDEGAT    8 STREET,In Progress,18 BROOKLYN,3080580027,BROOKLYN,1010097,168803,ONLINE,Unspecified,BROOKLYN,40.62996407338444,-73.90688183959504,"{'latitude': '40.62996407338444', 'longitude': '-73.90688183959504', 'human_address': '{""address"": """", ""city"": """", ""state"": """", ""zip"": """"}'}",,,,,,,,,,,nyc_opendata_311,2025-11-12 02:39:01.699840
66772706,2025-11-09T23:44:50.000,NYPD,New York City Police Department,Illegal Parking,Double Parked Blocking Vehicle,Street/Sidewalk,10039,2738 8 AVENUE,8 AVENUE,WEST  145 STREET,WEST  146 STREET,WEST  145 STREET,WEST  146 STREET,ADDRESS,NEW YORK,8 AVENUE,Closed,10 MANHATTAN,1020310003,MANHATTAN,1000391,239175,PHONE,Unspecified,MANHATTAN,40.823140959256094,-73.9416805318202,"{'latitude': '40.823140959256094', 'longitude': '-73.9416805318202', 'human_address': '{""address"": """", ""city"": """", ""state"": """", ""zip"": """"}'}",Car,2025-11-10T01:06:43.000,The Police Department responded to the complaint and took action to fix the condition.,2025-11-10T01:06:48.000,,,,,,,nyc_opendata_311,2025-11-12 02:39:01.699840
66773684,2025-11-09T23:44:22.000,NYPD,New York City Police Department,Illegal Parking,Double Parked Blocking Traffic,Street/Sidewalk,10309,192 SHIEL AVENUE,SHIEL AVENUE,WINANT AVENUE,BLOOMINGDALE ROAD,WINANT AVENUE,BLOOMINGDALE ROAD,ADDRESS,STATEN ISLAND,SHIEL AVENUE,Closed,03 STATEN ISLAND,5070800010,STATEN ISLAND,923566,137709,MOBILE,Unspecified,STATEN ISLAND,40.544447364439584,-74.21834471155617,"{'latitude': '40.544447364439584', 'longitude': '-74.21834471155617', 'human_address': '{""address"": """", ""city"": """", ""state"": """", ""zip"": """"}'}",Car,2025-11-10T00:02:03.000,The Police Department responded to the complaint and determined that police action was not necessary.,2025-11-10T00:02:06.000,,,,,,,nyc_opendata_311,2025-11-12 02:39:01.699840
66775872,2025-11-09T23:44:03.000,NYPD,New York City Police Department,Noise - Residential,Loud Music/Party,Residential Building/House,11217,32 5 AVENUE,5 AVENUE,DEAN STREET,BERGEN STREET,DEAN STREET,BERGEN STREET,ADDRESS,BROOKLYN,5 AVENUE,Closed,06 BROOKLYN,3009300036,BROOKLYN,990721,187758,ONLINE,Unspecified,BROOKLYN,40.682026738300806,-73.97666893868067,"{'latitude': '40.682026738300806', 'longitude': '-73.97666893868067', 'human_address': '{""address"": """", ""city"": """", ""state"": """", ""zip"": """"}'}",,2025-11-10T01:10:21.000,The Police Department responded to the complaint and took action to fix the condition.,2025-11-10T01:10:29.000,,,,,,,nyc_opendata_311,2025-11-12 02:39:01.699840
66779409,2025-11-09T23:44:00.000,DEP,Department of Environmental Protection,Noise,Noise: Construction Before/After Hours (NM1),,10034,,,,,WEST 206 STREET,9 AVENUE,INTERSECTION,MANHATTAN,,Open,12 MANHATTAN,,MANHATTAN,1007054,253710,PHONE,Unspecified,MANHATTAN,40.863020574369706,-73.91755685806591,"{'latitude': '40.863020574369706', 'longitude': '-73.91755685806591', 'human_address': '{""address"": """", ""city"": """", ""state"": """", ""zip"": """"}'}",,,,,,,,N/A,,,nyc_opendata_311,2025-11-12 02:39:01.699840
66773337,2025-11-09T23:43:55.000,NYPD,New York City Police Department,Noise - Commercial,Loud Talking,Store/Commercial,11420,122-14 116 AVENUE,116 AVENUE,122 STREET,123 STREET,122 STREET,123 STREET,ADDRESS,SOUTH OZONE PARK,116 AVENUE,In Progress,10 QUEENS,4116790007,QUEENS,1035297,185635,ONLINE,Unspecified,QUEENS,40.67605476860137,-73.81596740814614,"{'latitude': '40.67605476860137', 'longitude': '-73.81596740814614', 'human_address': '{""address"": """", ""city"": """", ""state"": """", ""zip"": """"}'}",,,,,,,,,,,nyc_opendata_311,2025-11-12 02:39:01.699840
66775088,2025-11-09T23:43:54.000,HPD,Department of Housing Preservation and Development,HEAT/HOT WATER,ENTIRE BUILDING,RESIDENTIAL BUILDING,10032,76 ST NICHOLAS PLACE,ST NICHOLAS PLACE,,,,,ADDRESS,NEW YORK,,Open,09 MANHATTAN,1020540079,MANHATTAN,1000634,241478,MOBILE,Unspecified,MANHATTAN,40.829461589531974,-73.94079691863257,"{'latitude': '40.829461589531974', 'longitude': '-73.94079691863257', 'human_address': '{""address"": """", ""city"": """", ""state"": """", ""zip"": """"}'}",,,"This complaint is a duplicate of a building-wide condition already reported by another tenant.  The original complaint is still open, and HPD may only need to confirm that the condition exists by inspecting one apartment.  If we cannot contact the tenant from the original complaint or get access to that apartment, HPD may attempt to contact the person who filed this complaint to verify the correction of the condition or may conduct an inspection of your unit. You can check HPDONLINE to see if a",2025-11-09T00:00:00.000,,,,,,,nyc_opendata_311,2025-11-12 02:39:01.699840
66777207,2025-11-09T23:43:32.000,NYPD,New York City Police Department,Noise - Street/Sidewalk,Loud Music/Party,Street/Sidewalk,11419,104-08 122 STREET,122 STREET,LIBERTY AVENUE,107 AVENUE,LIBERTY AVENUE,107 AVENUE,ADDRESS,SOUTH RICHMOND HILL,122 STREET,In Progress,10 QUEENS,4095750010,QUEENS,1033763,189585,MOBILE,Unspecified,QUEENS,40.68690531112666,-73.82146868453303,"{'latitude': '40.68690531112666', 'longitude': '-73.82146868453303', 'human_address': '{""address"": """", ""city"": """", ""state"": """", ""zip"": """"}'}",,,,,,,,,,,nyc_opendata_311,2025-11-12 02:39:01.699840
66776785,2025-11-09T23:42:55.000,NYPD,New York City Police Department,Noise - Residential,Loud Music/Party,Residential Building/House,11377,32-15 54 STREET,54 STREET,32 AVENUE,NORTHERN BOULEVARD,32 AVENUE,NORTHERN BOULEVARD,ADDRESS,WOODSIDE,54 STREET,Closed,01 QUEENS,4011560079,QUEENS,1010027,214283,ONLINE,Unspecified,QUEENS,40.75479627600587,-73.90695999626222,"{'latitude': '40.75479627600587', 'longitude': '-73.90695999626222', 'human_address': '{""address"": """", ""city"": """", ""state"": """", ""zip"": """"}'}",,2025-11-10T01:45:00.000,The Police Department responded to the complaint and with the information available observed no evidence of the violation at that time.,2025-11-10T01:45:05.000,,,,,,,nyc_opendata_311,2025-11-12 02:39:01.699840
66775865,2025-11-09T23:42:51.000,NYPD,New York City Police Department,Noise - Residential,Loud Music/Party,Residential Building/House,11234,1790 UTICA AVENUE,UTICA AVENUE,AVENUE I,AVENUE J,AVENUE I,AVENUE J,ADDRESS,BROOKLYN,UTICA AVENUE,Closed,18 BROOKLYN,3077750076,BROOKLYN,1004250,168387,ONLINE,Unspecified,BROOKLYN,40.628837372124174,-73.92794786138562,"{'latitude': '40.628837372124174', 'longitude': '-73.92794786138562', 'human_address': '{""address"": """", ""city"": """", ""state"": """", ""zip"": """"}'}",,2025-11-10T00:48:19.000,The Police Department responded to the complaint and took action to fix the condition.,2025-11-10T00:48:23.000,,,,,,,nyc_opendata_311,2025-11-12 02:39:01.699840
66778137,2025-11-09T23:41:37.000,NYPD,New York City Police Department,Illegal Parking,Blocked Hydrant,Street/Sidewalk,11377,43-05 65 STREET,65 STREET,43 AVENUE,BROOKLYN QUEENS EXPRESSWAY EN SB,43 AVENUE,BROOKLYN QUEENS EXPRESSWAY EN SB,ADDRESS,WOODSIDE,65 STREET,In Progress,02 QUEENS,4013420009,QUEENS,1011853,209572,MOBILE,Unspecified,QUEENS,40.741860263112315,-73.90038853805665,"{'latitude': '40.741860263112315', 'longitude': '-73.90038853805665', 'human_address': '{""address"": """", ""city"": """", ""state"": """", ""zip"": """"}'}",,,,,,,,,,,nyc_opendata_311,2025-11-12 02:39:01.699840
66774974,2025-11-09T23:41:35.000,NYPD,New York City Police Department,Noise - Street/Sidewalk,Loud Music/Party,Street/Sidewalk,11237,199 STOCKHOLM STREET,STOCKHOLM STREET,WILSON AVENUE,KNICKERBOCKER AVENUE,WILSON AVENUE,KNICKERBOCKER AVENUE,ADDRESS,BROOKLYN,STOCKHOLM STREET,Closed,04 BROOKLYN,3032460036,BROOKLYN,1005849,194391,MOBILE,Unspecified,BROOKLYN,40.70020879980634,-73.92210398877226,"{'latitude': '40.70020879980634', 'longitude': '-73.92210398877226', 'human_address': '{""address"": """", ""city"": """", ""state"": """", ""zip"": """"}'}",,2025-11-10T01:37:53.000,The Police Department responded to the complaint and took action to fix the condition.,2025-11-10T01:37:56.000,,,,,,,nyc_opendata_311,2025-11-12 02:39:01.699840
66775823,2025-11-09T23:41:15.000,NYPD,New York City Police Department,Noise - Residential,Banging/Pounding,Residential Building/House,10002,70 PITT STREET,PITT STREET,DELANCEY STREET,RIVINGTON STREET,DELANCEY STREET,RIVINGTON STREET,ADDRESS,NEW YORK,PITT STREET,Closed,03 MANHATTAN,1003380001,MANHATTAN,989083,200905,PHONE,Unspecified,MANHATTAN,40.718113225498,-73.98256528039764,"{'latitude': '40.718113225498', 'longitude': '-73.98256528039764', 'human_address': '{""address"": """", ""city"": """", ""state"": """", ""zip"": """"}'}",,2025-11-10T00:31:56.000,The Police Department responded to the complaint and with the information available observed no evidence of the violation at that time.,2025-11-10T00:32:02.000,,,,,,,nyc_opendata_311,2025-11-12 02:39:01.699840
66778640,2025-11-09T23:40:53.000,NYPD,New York City Police Department,Blocked Driveway,Partial Access,Street/Sidewalk,10467,2301 BARNES AVENUE,BARNES AVENUE,ASTOR AVENUE,WARING AVENUE,ASTOR AVENUE,WARING AVENUE,ADDRESS,BRONX,BARNES AVENUE,Closed,11 BRONX,2043520001,BRONX,1021951,252582,ONLINE,Unspecified,BRONX,40.85987350669038,-73.86370625284974,"{'latitude': '40.85987350669038', 'longitude': '-73.86370625284974', 'human_address': '{""address"": """", ""city"": """", ""state"": """", ""zip"": """"}'}",,2025-11-10T00:20:24.000,The Police Department responded to the complaint and took action to fix the condition.,2025-11-10T00:20:27.000,,,,,,,nyc_opendata_311,2025-11-12 02:39:01.699840
66774873,2025-11-09T23:40:21.000,NYPD,New York City Police Department,Noise - Residential,Banging/Pounding,Residential Building/House,10458,2979 MARION AVENUE,MARION AVENUE,BEDFORD PARK BOULEVARD,EAST  201 STREET,BEDFORD PARK BOULEVARD,EAST  201 STREET,ADDRESS,BRONX,MARION AVENUE,Closed,07 BRONX,2032920045,BRONX,1016457,256056,PHONE,Unspecified,BRONX,40.86943032844845,-73.88355101703765,"{'latitude': '40.86943032844845', 'longitude': '-73.88355101703765', 'human_address': '{""address"": """", ""city"": """", ""state"": """", ""zip"": """"}'}",,2025-11-10T01:28:44.000,The Police Department responded to the complaint and took action to fix the condition.,2025-11-10T01:28:50.000,,,,,,,nyc_opendata_311,2025-11-12 02:39:01.699840
66774883,2025-11-09T23:40:02.000,NYPD,New York City Police Department,Noise - Residential,Loud Music/Party,Residential Building/House,10472,1756 EAST  174 STREET,EAST  174 STREET,ROSEDALE AVENUE,COMMONWEALTH AVENUE,ROSEDALE AVENUE,COMMONWEALTH AVENUE,ADDRESS,BRONX,EAST  174 STREET,Closed,09 BRONX,2038740047,BRONX,1020443,243438,ONLINE,Unspecified,BRONX,40.834782259876064,-73.8692072072702,"{'latitude': '40.834782259876064', 'longitude': '-73.8692072072702', 'human_address': '{""address"": """", ""city"": """", ""state"": """", ""zip"": """"}'}",,2025-11-10T00:37:15.000,The Police Department responded to the complaint and took action to fix the condition.,2025-11-10T00:37:18.000,,,,,,,nyc_opendata_311,2025-11-12 02:39:01.699840
66775452,2025-11-09T23:39:46.000,DOHMH,Department of Health and Mental Hygiene,Smoking or Vaping,Allowed in Smoke Free Area,Residential Building,10301,5 STUYVESANT PLACE,STUYVESANT PLACE,RICHMOND TERRACE,HAMILTON AVENUE,RICHMOND TERRACE,HAMILTON AVENUE,ADDRESS,STATEN ISLAND,STUYVESANT PLACE,In Progress,01 STATEN ISLAND,,STATEN ISLAND,962431,174626,ONLINE,Unspecified,STATEN ISLAND,40.64595779613522,-74.0786254518305,"{'latitude': '40.64595779613522', 'longitude': '-74.0786254518305', 'human_address': '{""address"": """", ""city"": """", ""state"": """", ""zip"": """"}'}",,,"The Department of Health and Mental Hygiene has sent official written notification to the Owner/Landlord warning them of potential violations and instructing them to correct the situation. If the situation persists 21 days after your initial complaint, please make a new complaint.",2025-11-09T23:39:55.000,,,,,,,nyc_opendata_311,2025-11-12 02:39:01.699840
66774120,2025-11-09T23:39:12.000,HPD,Department of Housing Preservation and Development,PLUMBING,BATHTUB/SHOWER,RESIDENTIAL BUILDING,10452,1234 SHAKESPEARE AVENUE,SHAKESPEARE AVENUE,,,,,ADDRESS,BRONX,,Open,04 BRONX,2025060033,BRONX,1005492,244605,PHONE,Unspecified,BRONX,40.83803395218191,-73.9232327902938,"{'latitude': '40.83803395218191', 'longitude': '-73.9232327902938', 'human_address': '{""address"": """", ""city"": """", ""state"": """", ""zip"": """"}'}",,,The following complaint conditions are still open. HPD has already attempted to notify the property owner that the condition exists; the tenant should provide access for the owner to make the repair.  HPD may attempt to contact the tenant by phone to verify the correction of the condition or an HPD Inspector may attempt to conduct an inspection.,2025-11-09T00:00:00.000,,,,,,,nyc_opendata_311,2025-11-12 02:39:01.699840
66774934,2025-11-09T23:38:54.000,NYPD,New York City Police Department,Noise - Residential,Loud Music/Party,Residential Building/House,10452,111 TUDOR PLACE,TUDOR PLACE,WALTON AVENUE,GRAND CONCOURSE,WALTON AVENUE,GRAND CONCOURSE,ADDRESS,BRONX,TUDOR PLACE,Closed,04 BRONX,2024630063,BRONX,1006495,243221,MOBILE,Unspecified,BRONX,40.83423280467965,-73.91961260537592,"{'latitude': '40.83423280467965', 'longitude': '-73.91961260537592', 'human_address': '{""address"": """", ""city"": """", ""state"": """", ""zip"": """"}'}",,2025-11-10T00:49:58.000,The Police Department responded to the complaint and took action to fix the condition.,2025-11-10T00:50:07.000,,,,,,,nyc_opendata_311,2025-11-12 02:39:01.699840
66779937,2025-11-09T23:38:51.000,HPD,Department of Housing Preservation and Development,HEAT/HOT WATER,APARTMENT ONLY,RESIDENTIAL BUILDING,11201,90 SANDS STREET,SANDS STREET,,,,,ADDRESS,BROOKLYN,,Open,02 BROOKLYN,3000870009,BROOKLYN,987794,194331,ONLINE,Unspecified,BROOKLYN,40.70006976346633,-73.9872187206513,"{'latitude': '40.70006976346633', 'longitude': '-73.9872187206513', 'human_address': '{""address"": """", ""city"": """", ""state"": """", ""zip"": """"}'}",,,"This complaint is a duplicate of a building-wide condition already reported by another tenant.  The original complaint is still open, and HPD may only need to confirm that the condition exists by inspecting one apartment.  If we cannot contact the tenant from the original complaint or get access to that apartment, HPD may attempt to contact the person who filed this complaint to verify the correction of the condition or may conduct an inspection of your unit. You can check HPDONLINE to see if a",2025-11-09T00:00:00.000,,,,,,,nyc_opendata_311,2025-11-12 02:39:01.699840
66778817,2025-11-09T23:38:37.000,NYPD,New York City Police Department,Noise - Street/Sidewalk,Loud Music/Party,Street/Sidewalk,11215,473 17 STREET,17 STREET,8 AVENUE,PROSPECT PARK WEST,8 AVENUE,PROSPECT PARK WEST,ADDRESS,BROOKLYN,17 STREET,Closed,07 BROOKLYN,3008700051,BROOKLYN,988950,179279,ONLINE,Unspecified,BROOKLYN,40.65875489742208,-73.98306015553271,"{'latitude': '40.65875489742208', 'longitude': '-73.98306015553271', 'human_address': '{""address"": """", ""city"": """", ""state"": """", ""zip"": """"}'}",,2025-11-10T00:18:09.000,This complaint does not fall under the Police Department's jurisdiction.,2025-11-10T00:18:12.000,,,,,,,nyc_opendata_311,2025-11-12 02:39:01.699840
66778839,2025-11-09T23:38:25.000,NYPD,New York City Police Department,Noise - Street/Sidewalk,Loud Music/Party,Street/Sidewalk,11234,5200 KINGS HIGHWAY,KINGS HIGHWAY,EAST   52 STREET,EAST   53 STREET,EAST   52 STREET,EAST   53 STREET,ADDRESS,BROOKLYN,KINGS HIGHWAY,Closed,18 BROOKLYN,3079690009,BROOKLYN,1004587,171077,PHONE,Unspecified,BROOKLYN,40.63622008251549,-73.92672567696546,"{'latitude': '40.63622008251549', 'longitude': '-73.92672567696546', 'human_address': '{""address"": """", ""city"": """", ""state"": """", ""zip"": """"}'}",,2025-11-10T00:52:01.000,The Police Department responded and upon arrival those responsible for the condition were gone.,2025-11-10T00:52:03.000,,,,,,,nyc_opendata_311,2025-11-12 02:39:01.699840
66774264,2025-11-09T23:38:22.000,NYPD,New York City Police Department,Illegal Parking,Blocked Hydrant,Street/Sidewalk,11369,31-14 COUCH PLACE,COUCH PLACE,31 AVENUE,107 STREET,31 AVENUE,107 STREET,ADDRESS,EAST ELMHURST,COUCH PLACE,In Progress,03 QUEENS,4016750011,QUEENS,1022244,216700,MOBILE,Unspecified,QUEENS,40.76138625910319,-73.86285012099556,"{'latitude': '40.76138625910319', 'longitude': '-73.86285012099556', 'human_address': '{""address"": """", ""city"": """", ""state"": """", ""zip"": """"}'}",,,,,,,,,,,nyc_opendata_311,2025-11-12 02:39:01.699840
66773990,2025-11-09T23:38:17.000,NYPD,New York City Police Department,Noise - Vehicle,Car/Truck Music,Street/Sidewalk,11432,90-47 171 STREET,171 STREET,90 AVENUE,JAMAICA AVENUE,90 AVENUE,JAMAICA AVENUE,ADDRESS,JAMAICA,171 STREET,Closed,12 QUEENS,4098060013,QUEENS,1042623,197578,MOBILE,Unspecified,QUEENS,40.70879017282923,-73.78945261323634,"{'latitude': '40.70879017282923', 'longitude': '-73.78945261323634', 'human_address': '{""address"": """", ""city"": """", ""state"": """", ""zip"": """"}'}",Car,2025-11-10T00:08:48.000,The Police Department responded to the complaint and determined that police action was not necessary.,2025-11-10T00:08:51.000,,,,,,,nyc_opendata_311,2025-11-12 02:39:01.699840
66779100,2025-11-09T23:38:15.000,NYPD,New York City Police Department,Blocked Driveway,No Access,Street/Sidewalk,11236,965 EAST   84 STREET,EAST   84 STREET,FLATLANDS AVENUE,AVENUE J,FLATLANDS AVENUE,AVENUE J,ADDRESS,BROOKLYN,EAST   84 STREET,In Progress,18 BROOKLYN,3080210114,BROOKLYN,1009440,171145,PHONE,Unspecified,BROOKLYN,40.63639425604076,-73.90924004868894,"{'latitude': '40.63639425604076', 'longitude': '-73.90924004868894', 'human_address': '{""address"": """", ""city"": """", ""state"": """", ""zip"": """"}'}",,,,,,,,,,,nyc_opendata_311,2025-11-12 02:39:01.699840
66779852,2025-11-09T23:38:15.000,NYPD,New York City Police Department,Noise - Street/Sidewalk,Loud Music/Party,Street/Sidewalk,10040,564 WEST  188 STREET,WEST  188 STREET,AUDUBON AVENUE,ST NICHOLAS AVENUE,AUDUBON AVENUE,ST NICHOLAS AVENUE,ADDRESS,NEW YORK,WEST  188 STREET,Closed,12 MANHATTAN,1021580007,MANHATTAN,1003692,250178,ONLINE,Unspecified,MANHATTAN,40.853334340957325,-73.92972171211538,"{'latitude': '40.853334340957325', 'longitude': '-73.92972171211538', 'human_address': '{""address"": """", ""city"": """", ""state"": """", ""zip"": """"}'}",,2025-11-10T01:41:47.000,The Police Department responded to the complaint and with the information available observed no evidence of the violation at that time.,2025-11-10T01:41:53.000,,,,,,,nyc_opendata_311,2025-11-12 02:39:01.699840
66772778,2025-11-09T23:37:46.000,NYPD,New York City Police Department,Blocked Driveway,No Access,Street/Sidewalk,10474,861 FAILE STREET,FAILE STREET,GILBERT PLACE,SENECA AVENUE,GILBERT PLACE,SENECA AVENUE,ADDRESS,BRONX,FAILE STREET,Closed,02 BRONX,2027620057,BRONX,1015381,237474,MOBILE,Unspecified,BRONX,40.818432087057055,-73.88752770815232,"{'latitude': '40.818432087057055', 'longitude': '-73.88752770815232', 'human_address': '{""address"": """", ""city"": """", ""state"": """", ""zip"": """"}'}",,2025-11-10T00:46:58.000,The Police Department responded and upon arrival those responsible for the condition were gone.,2025-11-10T00:47:03.000,,,,,,,nyc_opendata_311,2025-11-12 02:39:01.699840
66778083,2025-11-09T23:37:40.000,NYPD,New York City Police Department,Abandoned Vehicle,With License Plate,Street/Sidewalk,11416,95-07 87 STREET,87 STREET,95 AVENUE,97 AVENUE,95 AVENUE,97 AVENUE,ADDRESS,OZONE PARK,87 STREET,In Progress,09 QUEENS,4090250039,QUEENS,1024708,188876,ONLINE,Unspecified,QUEENS,40.6850052937183,-73.8541229072929,"{'latitude': '40.6850052937183', 'longitude': '-73.8541229072929', 'human_address': '{""address"": """", ""city"": """", ""state"": """", ""zip"": """"}'}",Car,,,,,,,,,,nyc_opendata_311,2025-11-12 02:39:01.699840
66777735,2025-11-09T23:37:30.000,NYPD,New York City Police Department,Noise - Residential,Banging/Pounding,Residential Building/House,10033,557 WEST  174 STREET,WEST  174 STREET,AUDUBON AVENUE,ST NICHOLAS AVENUE,AUDUBON AVENUE,ST NICHOLAS AVENUE,ADDRESS,NEW YORK,WEST  174 STREET,Closed,12 MANHATTAN,1021310025,MANHATTAN,1001938,246917,PHONE,Unspecified,MANHATTAN,40.844387549588966,-73.93607061280152,"{'latitude': '40.844387549588966', 'longitude': '-73.93607061280152', 'human_address': '{""address"": """", ""city"": """", ""state"": """", ""zip"": """"}'}",,2025-11-10T01:34:30.000,The Police Department responded to the complaint but officers were unable to gain entry into the premises.,2025-11-10T01:34:35.000,,,,,,,nyc_opendata_311,2025-11-12 02:39:01.699840
66772975,2025-11-09T23:37:24.000,NYPD,New York City Police Department,Noise - Street/Sidewalk,Loud Music/Party,Street/Sidewalk,10016,228 EAST   28 STREET,EAST   28 STREET,3 AVENUE,2 AVENUE,3 AVENUE,2 AVENUE,ADDRESS,NEW YORK,EAST   28 STREET,Closed,06 MANHATTAN,1009080017,MANHATTAN,989852,209429,ONLINE,Unspecified,MANHATTAN,40.74150906673551,-73.97978406864988,"{'latitude': '40.74150906673551', 'longitude': '-73.97978406864988', 'human_address': '{""address"": """", ""city"": """", ""state"": """", ""zip"": """"}'}",,2025-11-10T00:39:18.000,The Police Department responded and upon arrival those responsible for the condition were gone.,2025-11-10T00:39:23.000,,,,,,,nyc_opendata_311,2025-11-12 02:39:01.699840
66775841,2025-11-09T23:37:22.000,NYPD,New York City Police Department,Noise - Residential,Banging/Pounding,Residential Building/House,10458,2323 CROTONA AVENUE,CROTONA AVENUE,EAST  183 STREET,EAST  187 STREET,EAST  183 STREET,EAST  187 STREET,ADDRESS,BRONX,CROTONA AVENUE,Closed,06 BRONX,2031030049,BRONX,1016260,249932,MOBILE,Unspecified,BRONX,40.8526225242521,-73.88429254536014,"{'latitude': '40.8526225242521', 'longitude': '-73.88429254536014', 'human_address': '{""address"": """", ""city"": """", ""state"": """", ""zip"": """"}'}",,2025-11-10T01:49:49.000,The Police Department responded to the complaint but officers were unable to gain entry into the premises.,2025-11-10T01:49:51.000,,,,,,,nyc_opendata_311,2025-11-12 02:39:01.699840
66772605,2025-11-09T23:37:18.000,NYPD,New York City Police Department,Illegal Parking,Blocked Hydrant,Street/Sidewalk,11377,48-32 45 STREET,45 STREET,48 AVENUE,50 AVENUE,48 AVENUE,50 AVENUE,ADDRESS,WOODSIDE,45 STREET,Closed,02 QUEENS,4022880049,QUEENS,1006259,208359,PHONE,Unspecified,QUEENS,40.73854657170558,-73.92057966668949,"{'latitude': '40.73854657170558', 'longitude': '-73.92057966668949', 'human_address': '{""address"": """", ""city"": """", ""state"": """", ""zip"": """"}'}",,2025-11-10T00:00:48.000,The Police Department issued a summons in response to the complaint.,2025-11-10T00:00:52.000,,,,,,,nyc_opendata_311,2025-11-12 02:39:01.699840
66777366,2025-11-09T23:36:56.000,DOHMH,Department of Health and Mental Hygiene,Smoking or Vaping,Allowed in Smoke Free Area,Residential Building,10301,5 STUYVESANT PLACE,STUYVESANT PLACE,RICHMOND TERRACE,HAMILTON AVENUE,RICHMOND TERRACE,HAMILTON AVENUE,ADDRESS,STATEN ISLAND,STUYVESANT PLACE,In Progress,01 STATEN ISLAND,,STATEN ISLAND,962431,174626,ONLINE,Unspecified,STATEN ISLAND,40.64595779613522,-74.0786254518305,"{'latitude': '40.64595779613522', 'longitude': '-74.0786254518305', 'human_address': '{""address"": """", ""city"": """", ""state"": """", ""zip"": """"}'}",,,"The Department of Health and Mental Hygiene has sent official written notification to the Owner/Landlord warning them of potential violations and instructing them to correct the situation. If the situation persists 21 days after your initial complaint, please make a new complaint.",2025-11-09T23:37:04.000,,,,,,,nyc_opendata_311,2025-11-12 02:39:01.699840
66776712,2025-11-09T23:36:55.000,NYPD,New York City Police Department,Noise - Commercial,Banging/Pounding,Club/Bar/Restaurant,10462,1144 CASTLE HILL AVENUE,CASTLE HILL AVENUE,EAST  177 STREET,POWELL AVENUE,EAST  177 STREET,POWELL AVENUE,ADDRESS,BRONX,CASTLE HILL AVENUE,Closed,09 BRONX,2038190001,BRONX,1025544,242026,ONLINE,Unspecified,BRONX,40.83088435396542,-73.85078214628852,"{'latitude': '40.83088435396542', 'longitude': '-73.85078214628852', 'human_address': '{""address"": """", ""city"": """", ""state"": """", ""zip"": """"}'}",,2025-11-10T00:52:48.000,The Police Department responded to the complaint and with the information available observed no evidence of the violation at that time.,2025-11-10T00:52:53.000,,,,,,,nyc_opendata_311,2025-11-12 02:39:01.699840
66778733,2025-11-09T23:36:39.000,NYPD,New York City Police Department,Noise - Residential,Banging/Pounding,Residential Building/House,10453,1865 UNIVERSITY AVENUE,UNIVERSITY AVENUE,MORTON PLACE,WEST BURNSIDE AVENUE,MORTON PLACE,WEST BURNSIDE AVENUE,ADDRESS,BRONX,UNIVERSITY AVENUE,Closed,05 BRONX,2028790043,BRONX,1008032,249657,PHONE,Unspecified,BRONX,40.85189372789487,-73.91403548338681,"{'latitude': '40.85189372789487', 'longitude': '-73.91403548338681', 'human_address': '{""address"": """", ""city"": """", ""state"": """", ""zip"": """"}'}",,2025-11-10T01:16:21.000,The Police Department responded to the complaint and determined that police action was not necessary.,2025-11-10T01:16:29.000,,,,,,,nyc_opendata_311,2025-11-12 02:39:01.699840
66779105,2025-11-09T23:36:36.000,NYPD,New York City Police Department,Blocked Driveway,Partial Access,Street/Sidewalk,11237,289 BLEECKER STREET,BLEECKER STREET,MYRTLE AVENUE,IRVING AVENUE,MYRTLE AVENUE,IRVING AVENUE,ADDRESS,BROOKLYN,BLEECKER STREET,In Progress,04 BROOKLYN,3033000043,BROOKLYN,1007355,194233,MOBILE,Unspecified,BROOKLYN,40.69977132294522,-73.91667319952816,"{'latitude': '40.69977132294522', 'longitude': '-73.91667319952816', 'human_address': '{""address"": """", ""city"": """", ""state"": """", ""zip"": """"}'}",,,,,,,,,,,nyc_opendata_311,2025-11-12 02:39:01.699840
66776900,2025-11-09T23:36:26.000,NYPD,New York City Police Department,Noise - Vehicle,Car/Truck Music,Street/Sidewalk,10012,110 GREENE STREET,GREENE STREET,SPRING STREET,PRINCE STREET,SPRING STREET,PRINCE STREET,ADDRESS,NEW YORK,GREENE STREET,Closed,02 MANHATTAN,1004990007,MANHATTAN,984322,203240,PHONE,Unspecified,MANHATTAN,40.724523556734326,-73.9997402399029,"{'latitude': '40.724523556734326', 'longitude': '-73.9997402399029', 'human_address': '{""address"": """", ""city"": """", ""state"": """", ""zip"": """"}'}",Van,2025-11-10T00:21:54.000,The Police Department responded to the complaint and with the information available observed no evidence of the violation at that time.,2025-11-10T00:21:57.000,,,,,,,nyc_opendata_311,2025-11-12 02:39:01.699840
66779181,2025-11-09T23:36:24.000,DPR,Department of Parks and Recreation,Maintenance or Facility,Structure - Outdoors,Park,11235,760 ORIENTAL BOULEVARD,ORIENTAL BOULEVARD,HASTINGS STREET,MANHATTAN BEACH PROMENADE,HASTINGS STREET,MANHATTAN BEACH PROMENADE,ADDRESS,BROOKLYN,ORIENTAL BOULEVARD,In Progress,15 BROOKLYN,3087600485,BROOKLYN,999793,149806,PHONE,Unspecified,BROOKLYN,40.57784526230184,-73.94404743329734,"{'latitude': '40.57784526230184', 'longitude': '-73.94404743329734', 'human_address': '{""address"": """", ""city"": """", ""state"": """", ""zip"": """"}'}",,,,,,,,,,,nyc_opendata_311,2025-11-12 02:39:01.699840
66780203,2025-11-09T23:36:13.000,NYPD,New York City Police Department,Noise - Vehicle,Car/Truck Music,Street/Sidewalk,11420,122-14 116 AVENUE,116 AVENUE,122 STREET,123 STREET,122 STREET,123 STREET,ADDRESS,SOUTH OZONE PARK,116 AVENUE,In Progress,10 QUEENS,4116790007,QUEENS,1035297,185635,ONLINE,Unspecified,QUEENS,40.67605476860137,-73.81596740814614,"{'latitude': '40.67605476860137', 'longitude': '-73.81596740814614', 'human_address': '{""address"": """", ""city"": """", ""state"": """", ""zip"": """"}'}",Car,,,,,,,,,,nyc_opendata_311,2025-11-12 02:39:01.699840
66777693,2025-11-09T23:35:59.000,NYPD,New York City Police Department,Noise - Residential,Banging/Pounding,Residential Building/House,10031,618 WEST  142 STREET,WEST  142 STREET,BROADWAY,RIVERSIDE DRIVE,BROADWAY,RIVERSIDE DRIVE,ADDRESS,NEW YORK,WEST  142 STREET,Closed,09 MANHATTAN,1020880106,MANHATTAN,997413,239762,ONLINE,Unspecified,MANHATTAN,40.82475704729997,-73.95243926741446,"{'latitude': '40.82475704729997', 'longitude': '-73.95243926741446', 'human_address': '{""address"": """", ""city"": """", ""state"": """", ""zip"": """"}'}",,2025-11-10T00:18:24.000,The Police Department responded to the complaint but officers were unable to gain entry into the premises.,2025-11-10T00:18:27.000,,,,,,,nyc_opendata_311,2025-11-12 02:39:01.699840
66776998,2025-11-09T23:35:53.000,HPD,Department of Housing Preservation and Development,HEAT/HOT WATER,ENTIRE BUILDING,RESIDENTIAL BUILDING,10024,462 AMSTERDAM AVENUE,AMSTERDAM AVENUE,,,,,ADDRESS,NEW YORK,,Open,07 MANHATTAN,1012300030,MANHATTAN,990680,225379,ONLINE,Unspecified,MANHATTAN,40.78528714102654,-73.97678080911399,"{'latitude': '40.78528714102654', 'longitude': '-73.97678080911399', 'human_address': '{""address"": """", ""city"": """", ""state"": """", ""zip"": """"}'}",,,The following complaint conditions are still open. HPD has already attempted to notify the property owner that the condition exists; the tenant should provide access for the owner to make the repair.  HPD may attempt to contact the tenant by phone to verify the correction of the condition or an HPD Inspector may attempt to conduct an inspection.,2025-11-09T00:00:00.000,,,,,,,nyc_opendata_311,2025-11-12 02:39:01.699840
66776231,2025-11-09T23:35:40.000,NYPD,New York City Police Department,Illegal Parking,Commercial Overnight Parking,Street/Sidewalk,11356,12-11 120 STREET,120 STREET,12 AVENUE,BOKER COURT,12 AVENUE,BOKER COURT,ADDRESS,COLLEGE POINT,120 STREET,In Progress,07 QUEENS,4040410073,QUEENS,1026390,226149,PHONE,Unspecified,QUEENS,40.787302458527904,-73.84782475865698,"{'latitude': '40.787302458527904', 'longitude': '-73.84782475865698', 'human_address': '{""address"": """", ""city"": """", ""state"": """", ""zip"": """"}'}",,,,,,,,,,,nyc_opendata_311,2025-11-12 02:39:01.699840
66774003,2025-11-09T23:35:36.000,HPD,Department of Housing Preservation and Development,DOOR/WINDOW,DOOR,RESIDENTIAL BUILDING,11102,18-22 25 ROAD,25 ROAD,,,,,ADDRESS,ASTORIA,,Open,01 QUEENS,4008870042,QUEENS,1004780,221536,ONLINE,Unspecified,QUEENS,40.77471762055693,-73.9258764572372,"{'latitude': '40.77471762055693', 'longitude': '-73.9258764572372', 'human_address': '{""address"": """", ""city"": """", ""state"": """", ""zip"": """"}'}",,,The following complaint conditions are still open. HPD has already attempted to notify the property owner that the condition exists; the tenant should provide access for the owner to make the repair.  HPD may attempt to contact the tenant by phone to verify the correction of the condition or an HPD Inspector may attempt to conduct an inspection.,2025-11-09T00:00:00.000,,,,,,,nyc_opendata_311,2025-11-12 02:39:01.699840
66775018,2025-11-09T23:35:36.000,HPD,Department of Housing Preservation and Development,GENERAL,CABINET,RESIDENTIAL BUILDING,11102,18-22 25 ROAD,25 ROAD,,,,,ADDRESS,ASTORIA,,Open,01 QUEENS,4008870042,QUEENS,1004780,221536,ONLINE,Unspecified,QUEENS,40.77471762055693,-73.9258764572372,"{'latitude': '40.77471762055693', 'longitude': '-73.9258764572372', 'human_address': '{""address"": """", ""city"": """", ""state"": """", ""zip"": """"}'}",,,The following complaint conditions are still open. HPD has already attempted to notify the property owner that the condition exists; the tenant should provide access for the owner to make the repair.  HPD may attempt to contact the tenant by phone to verify the correction of the condition or an HPD Inspector may attempt to conduct an inspection.,2025-11-09T00:00:00.000,,,,,,,nyc_opendata_311,2025-11-12 02:39:01.699840
66776107,2025-11-09T23:35:36.000,HPD,Department of Housing Preservation and Development,UNSANITARY CONDITION,MOLD,RESIDENTIAL BUILDING,11102,18-22 25 ROAD,25 ROAD,,,,,ADDRESS,ASTORIA,,Open,01 QUEENS,4008870042,QUEENS,1004780,221536,ONLINE,Unspecified,QUEENS,40.77471762055693,-73.9258764572372,"{'latitude': '40.77471762055693', 'longitude': '-73.9258764572372', 'human_address': '{""address"": """", ""city"": """", ""state"": """", ""zip"": """"}'}",,,The following complaint conditions are still open. HPD has already attempted to notify the property owner that the condition exists; the tenant should provide access for the owner to make the repair.  HPD may attempt to contact the tenant by phone to verify the correction of the condition or an HPD Inspector may attempt to conduct an inspection.,2025-11-09T00:00:00.000,,,,,,,nyc_opendata_311,2025-11-12 02:39:01.699840
66778010,2025-11-09T23:35:36.000,HPD,Department of Housing Preservation and Development,SAFETY,FIRE ESCAPE,RESIDENTIAL BUILDING,11102,18-22 25 ROAD,25 ROAD,,,,,ADDRESS,ASTORIA,,Open,01 QUEENS,4008870042,QUEENS,1004780,221536,ONLINE,Unspecified,QUEENS,40.77471762055693,-73.9258764572372,"{'latitude': '40.77471762055693', 'longitude': '-73.9258764572372', 'human_address': '{""address"": """", ""city"": """", ""state"": """", ""zip"": """"}'}",,,The following complaint conditions are still open. HPD has already attempted to notify the property owner that the condition exists; the tenant should provide access for the owner to make the repair.  HPD may attempt to contact the tenant by phone to verify the correction of the condition or an HPD Inspector may attempt to conduct an inspection.,2025-11-09T00:00:00.000,,,,,,,nyc_opendata_311,2025-11-12 02:39:01.699840
66773716,2025-11-09T23:35:14.000,NYPD,New York City Police Department,Noise - Commercial,Loud Talking,Club/Bar/Restaurant,11238,733 FRANKLIN AVENUE,FRANKLIN AVENUE,PARK PLACE,STERLING PLACE,PARK PLACE,STERLING PLACE,ADDRESS,BROOKLYN,FRANKLIN AVENUE,Closed,08 BROOKLYN,3012380005,BROOKLYN,996209,184700,ONLINE,Unspecified,BROOKLYN,40.673627507320624,-73.95688749312063,"{'latitude': '40.673627507320624', 'longitude': '-73.95688749312063', 'human_address': '{""address"": """", ""city"": """", ""state"": """", ""zip"": """"}'}",,2025-11-10T00:58:00.000,The Police Department responded to the complaint and took action to fix the condition.,2025-11-10T00:58:03.000,,,,,,,nyc_opendata_311,2025-11-12 02:39:01.699840
66780200,2025-11-09T23:34:54.000,NYPD,New York City Police Department,Noise - Street/Sidewalk,Loud Music/Party,Street/Sidewalk,11368,96-08 57 AVENUE,57 AVENUE,96 STREET,97 STREET,96 STREET,97 STREET,ADDRESS,CORONA,57 AVENUE,In Progress,04 QUEENS,4019180055,QUEENS,1021766,207807,ONLINE,Unspecified,QUEENS,40.73697928571333,-73.86462520253363,"{'latitude': '40.73697928571333', 'longitude': '-73.86462520253363', 'human_address': '{""address"": """", ""city"": """", ""state"": """", ""zip"": """"}'}",,,,,,,,,,,nyc_opendata_311,2025-11-12 02:39:01.699840
66777202,2025-11-09T23:34:41.000,NYPD,New York City Police Department,Noise - Residential,Loud Music/Party,Residential Building/House,10452,1315 MERRIAM AVENUE,MERRIAM AVENUE,WEST  169 STREET,WEST  170 STREET,WEST  169 STREET,WEST  170 STREET,ADDRESS,BRONX,MERRIAM AVENUE,In Progress,04 BRONX,2025320043,BRONX,1004708,245631,MOBILE,Unspecified,BRONX,40.840851873741364,-73.92606298437794,"{'latitude': '40.840851873741364', 'longitude': '-73.92606298437794', 'human_address': '{""address"": """", ""city"": """", ""state"": """", ""zip"": """"}'}",,,,,,,,,,,nyc_opendata_311,2025-11-12 02:39:01.699840
66777195,2025-11-09T23:34:27.000,NYPD,New York City Police Department,Noise - Residential,Banging/Pounding,Residential Building/House,11357,143-31 22 ROAD,22 ROAD,143 STREET,144 STREET,143 STREET,144 STREET,ADDRESS,WHITESTONE,22 ROAD,In Progress,07 QUEENS,4042200052,QUEENS,1032585,223106,PHONE,Unspecified,QUEENS,40.77891853879669,-73.82547543049058,"{'latitude': '40.77891853879669', 'longitude': '-73.82547543049058', 'human_address': '{""address"": """", ""city"": """", ""state"": """", ""zip"": """"}'}",,,,,,,,,,,nyc_opendata_311,2025-11-12 02:39:01.699840
66772884,2025-11-09T23:34:17.000,NYPD,New York City Police Department,Noise - Residential,Banging/Pounding,Residential Building/House,11236,5949 SHORE PARKWAY,SHORE PARKWAY,BELT PARKWAY EXIT   13 WESTBOUND,EAST  102 STREET,BELT PARKWAY EXIT   13 WESTBOUND,EAST  102 STREET,ADDRESS,BROOKLYN,SHORE PARKWAY,Closed,18 BROOKLYN,,BROOKLYN,1016248,169521,PHONE,Unspecified,BROOKLYN,40.63191474713885,-73.88471844748699,"{'latitude': '40.63191474713885', 'longitude': '-73.88471844748699', 'human_address': '{""address"": """", ""city"": """", ""state"": """", ""zip"": """"}'}",,2025-11-10T00:11:33.000,The Police Department responded to the complaint and took action to fix the condition.,2025-11-10T00:11:37.000,,,,,,,nyc_opendata_311,2025-11-12 02:39:01.699840
66779162,2025-11-09T23:34:15.000,NYPD,New York City Police Department,Illegal Parking,Blocked Sidewalk,Street/Sidewalk,11234,4568 KINGS HIGHWAY,KINGS HIGHWAY,AVENUE J,AVENUE I,AVENUE J,AVENUE I,ADDRESS,BROOKLYN,KINGS HIGHWAY,In Progress,18 BROOKLYN,3077710067,BROOKLYN,1002949,168435,MOBILE,Unspecified,BROOKLYN,40.62897196369763,-73.93263471810491,"{'latitude': '40.62897196369763', 'longitude': '-73.93263471810491', 'human_address': '{""address"": """", ""city"": """", ""state"": """", ""zip"": """"}'}",,,,,,,,,,,nyc_opendata_311,2025-11-12 02:39:01.699840
66774966,2025-11-09T23:34:13.000,NYPD,New York City Police Department,Noise - Street/Sidewalk,Loud Music/Party,Street/Sidewalk,10040,1561 ST NICHOLAS AVENUE,ST NICHOLAS AVENUE,WEST  188 STREET,WEST  189 STREET,WEST  188 STREET,WEST  189 STREET,ADDRESS,NEW YORK,ST NICHOLAS AVENUE,Closed,12 MANHATTAN,1021680051,MANHATTAN,1003482,250342,ONLINE,Unspecified,MANHATTAN,40.85378493194444,-73.9304803422538,"{'latitude': '40.85378493194444', 'longitude': '-73.9304803422538', 'human_address': '{""address"": """", ""city"": """", ""state"": """", ""zip"": """"}'}",,2025-11-10T01:34:52.000,The Police Department responded to the complaint and with the information available observed no evidence of the violation at that time.,2025-11-10T01:34:57.000,,,,,,,nyc_opendata_311,2025-11-12 02:39:01.699840
66776873,2025-11-09T23:34:05.000,NYPD,New York City Police Department,Noise - Street/Sidewalk,Loud Music/Party,Street/Sidewalk,10472,1092 CLOSE AVENUE,CLOSE AVENUE,BRUCKNER BOULEVARD,WATSON AVENUE,BRUCKNER BOULEVARD,WATSON AVENUE,ADDRESS,BRONX,CLOSE AVENUE,Closed,09 BRONX,2037107501,BRONX,1016860,239913,PHONE,Unspecified,BRONX,40.8251211103931,-73.88217242522667,"{'latitude': '40.8251211103931', 'longitude': '-73.88217242522667', 'human_address': '{""address"": """", ""city"": """", ""state"": """", ""zip"": """"}'}",,2025-11-10T00:37:49.000,The Police Department responded to the complaint and determined that police action was not necessary.,2025-11-10T00:37:57.000,,,,,,,nyc_opendata_311,2025-11-12 02:39:01.699840
66775453,2025-11-09T23:33:53.000,DOHMH,Department of Health and Mental Hygiene,Smoking or Vaping,Allowed in Smoke Free Area,Residential Building,10301,5 STUYVESANT PLACE,STUYVESANT PLACE,RICHMOND TERRACE,HAMILTON AVENUE,RICHMOND TERRACE,HAMILTON AVENUE,ADDRESS,STATEN ISLAND,STUYVESANT PLACE,In Progress,01 STATEN ISLAND,,STATEN ISLAND,962431,174626,ONLINE,Unspecified,STATEN ISLAND,40.64595779613522,-74.0786254518305,"{'latitude': '40.64595779613522', 'longitude': '-74.0786254518305', 'human_address': '{""address"": """", ""city"": """", ""state"": """", ""zip"": """"}'}",,,"The Department of Health and Mental Hygiene has sent official written notification to the Owner/Landlord warning them of potential violations and instructing them to correct the situation. If the situation persists 21 days after your initial complaint, please make a new complaint.",2025-11-09T23:34:01.000,,,,,,,nyc_opendata_311,2025-11-12 02:39:01.699840
66777865,2025-11-09T23:33:51.000,NYPD,New York City Police Department,Noise - Vehicle,Car/Truck Music,Street/Sidewalk,11226,EAST   25 STREET,EAST   25 STREET,EAST   25 STREET,NEWKIRK AVENUE,EAST   25 STREET,NEWKIRK AVENUE,INTERSECTION,,,Closed,17 BROOKLYN,,BROOKLYN,997237,172337,PHONE,Unspecified,BROOKLYN,40.6396923391357,-73.95320533582682,"{'latitude': '40.6396923391357', 'longitude': '-73.95320533582682', 'human_address': '{""address"": """", ""city"": """", ""state"": """", ""zip"": """"}'}",Car,2025-11-10T00:15:58.000,The Police Department responded to the complaint and took action to fix the condition.,2025-11-10T00:16:02.000,,,,,,,nyc_opendata_311,2025-11-12 02:39:01.699840
66778908,2025-11-09T23:33:41.000,HPD,Department of Housing Preservation and Development,HEAT/HOT WATER,APARTMENT ONLY,RESIDENTIAL BUILDING,10469,1040B EAST  217 STREET,EAST  217 STREET,,,,,ADDRESS,BRONX,,Open,12 BRONX,2046990051,BRONX,1024543,259628,MOBILE,Unspecified,BRONX,40.8792011486289,-73.85429350155603,"{'latitude': '40.8792011486289', 'longitude': '-73.85429350155603', 'human_address': '{""address"": """", ""city"": """", ""state"": """", ""zip"": """"}'}",,,"This complaint is a duplicate of a building-wide condition already reported by another tenant.  The original complaint is still open, and HPD may only need to confirm that the condition exists by inspecting one apartment.  If we cannot contact the tenant from the original complaint or get access to that apartment, HPD may attempt to contact the person who filed this complaint to verify the correction of the condition or may conduct an inspection of your unit. You can check HPDONLINE to see if a",2025-11-09T00:00:00.000,,,,,,,nyc_opendata_311,2025-11-12 02:39:01.699840
66774729,2025-11-09T23:33:34.000,DSNY,Department of Sanitation,Graffiti,Graffiti,,11217,265 NEVINS STREET,NEVINS STREET,,,,,ADDRESS,BROOKLYN,,Open,06 BROOKLYN,3004260001,BROOKLYN,987970,187119,UNKNOWN,Unspecified,BROOKLYN,40.68027441213101,-73.98658796680104,"{'latitude': '40.68027441213101', 'longitude': '-73.98658796680104', 'human_address': '{""address"": """", ""city"": """", ""state"": """", ""zip"": """"}'}",,,The graffiti on this property has been scheduled to be removed by the City.,2025-11-09T23:33:34.000,,,,N/A,2025-12-09T23:33:34.000,,nyc_opendata_311,2025-11-12 02:39:01.699840
66772713,2025-11-09T23:33:29.000,NYPD,New York City Police Department,Noise - Vehicle,Car/Truck Horn,Street/Sidewalk,10039,308 WEST  146 STREET,WEST  146 STREET,FREDERICK DOUGLASS BOULEVARD,BRADHURST AVENUE,FREDERICK DOUGLASS BOULEVARD,BRADHURST AVENUE,ADDRESS,NEW YORK,WEST  146 STREET,Closed,10 MANHATTAN,,MANHATTAN,1000353,239362,ONLINE,Unspecified,MANHATTAN,40.823654290490765,-73.94181738179725,"{'latitude': '40.823654290490765', 'longitude': '-73.94181738179725', 'human_address': '{""address"": """", ""city"": """", ""state"": """", ""zip"": """"}'}",Other,2025-11-10T01:29:47.000,The Police Department responded to the complaint and took action to fix the condition.,2025-11-10T01:29:51.000,,,,,,,nyc_opendata_311,2025-11-12 02:39:01.699840
66780106,2025-11-09T23:33:24.000,NYPD,New York City Police Department,Blocked Driveway,No Access,Street/Sidewalk,11212,2011 UNION STREET,UNION STREET,EAST NEW YORK AVENUE,SUTTER AVENUE,EAST NEW YORK AVENUE,SUTTER AVENUE,ADDRESS,BROOKLYN,UNION STREET,In Progress,16 BROOKLYN,3035100028,BROOKLYN,1005948,182357,PHONE,Unspecified,BROOKLYN,40.66717798547969,-73.92178570043443,"{'latitude': '40.66717798547969', 'longitude': '-73.92178570043443', 'human_address': '{""address"": """", ""city"": """", ""state"": """", ""zip"": """"}'}",,,,,,,,,,,nyc_opendata_311,2025-11-12 02:39:01.699840
66778891,2025-11-09T23:32:35.000,HPD,Department of Housing Preservation and Development,ELECTRIC,POWER OUTAGE,RESIDENTIAL BUILDING,11230,1075 OCEAN PARKWAY,OCEAN PARKWAY,,,,,ADDRESS,BROOKLYN,,Open,12 BROOKLYN,3065270051,BROOKLYN,992552,165973,ONLINE,Unspecified,BROOKLYN,40.62223013565234,-73.9700941207481,"{'latitude': '40.62223013565234', 'longitude': '-73.9700941207481', 'human_address': '{""address"": """", ""city"": """", ""state"": """", ""zip"": """"}'}",,,The following complaint conditions are still open. HPD has already attempted to notify the property owner that the condition exists; the tenant should provide access for the owner to make the repair.  HPD may attempt to contact the tenant by phone to verify the correction of the condition or an HPD Inspector may attempt to conduct an inspection.,2025-11-09T00:00:00.000,,,,,,,nyc_opendata_311,2025-11-12 02:39:01.699840
66777124,2025-11-09T23:32:18.000,NYPD,New York City Police Department,Blocked Driveway,No Access,Street/Sidewalk,11373,86-09 BRITTON AVENUE,BRITTON AVENUE,GLEANE STREET,FORLEY STREET,GLEANE STREET,FORLEY STREET,ADDRESS,ELMHURST,BRITTON AVENUE,In Progress,04 QUEENS,4015030045,QUEENS,1017575,211294,MOBILE,Unspecified,QUEENS,40.74656700745128,-73.87973094147229,"{'latitude': '40.74656700745128', 'longitude': '-73.87973094147229', 'human_address': '{""address"": """", ""city"": """", ""state"": """", ""zip"": """"}'}",,,,,,,,,,,nyc_opendata_311,2025-11-12 02:39:01.699840
66774970,2025-11-09T23:32:04.000,NYPD,New York City Police Department,Noise - Street/Sidewalk,Loud Music/Party,Street/Sidewalk,11373,60-45 WETHEROLE STREET,WETHEROLE STREET,WOODHAVEN BOULEVARD,ELIOT AVENUE,WOODHAVEN BOULEVARD,ELIOT AVENUE,ADDRESS,ELMHURST,WETHEROLE STREET,Closed,06 QUEENS,4030880037,QUEENS,1020030,205601,MOBILE,Unspecified,QUEENS,40.73093155860802,-73.87090120273614,"{'latitude': '40.73093155860802', 'longitude': '-73.87090120273614', 'human_address': '{""address"": """", ""city"": """", ""state"": """", ""zip"": """"}'}",,2025-11-10T01:21:53.000,The Police Department responded to the complaint and with the information available observed no evidence of the violation at that time.,2025-11-10T01:21:56.000,,,,,,,nyc_opendata_311,2025-11-12 02:39:01.699840
66774849,2025-11-09T23:31:47.000,NYPD,New York City Police Department,Noise - Residential,Banging/Pounding,Residential Building/House,10001,330 WEST   30 STREET,WEST   30 STREET,8 AVENUE,9 AVENUE,8 AVENUE,9 AVENUE,ADDRESS,NEW YORK,WEST   30 STREET,Closed,04 MANHATTAN,1007530056,MANHATTAN,985267,212563,PHONE,Unspecified,MANHATTAN,40.75011282688794,-73.99632947923503,"{'latitude': '40.75011282688794', 'longitude': '-73.99632947923503', 'human_address': '{""address"": """", ""city"": """", ""state"": """", ""zip"": """"}'}",,2025-11-09T23:34:23.000,The Police Department responded to the complaint and with the information available observed no evidence of the violation at that time.,2025-11-09T23:34:26.000,,,,,,,nyc_opendata_311,2025-11-12 02:39:01.699840
66776711,2025-11-09T23:31:40.000,NYPD,New York City Police Department,Noise - Commercial,Banging/Pounding,Club/Bar/Restaurant,11238,677 WASHINGTON AVENUE,WASHINGTON AVENUE,ST MARKS AVENUE,PROSPECT PLACE,ST MARKS AVENUE,PROSPECT PLACE,ADDRESS,BROOKLYN,WASHINGTON AVENUE,Closed,08 BROOKLYN,3011540001,BROOKLYN,994346,185924,ONLINE,Unspecified,BROOKLYN,40.676989432024314,-73.96360182236936,"{'latitude': '40.676989432024314', 'longitude': '-73.96360182236936', 'human_address': '{""address"": """", ""city"": """", ""state"": """", ""zip"": """"}'}",,2025-11-10T00:38:09.000,The Police Department responded to the complaint and with the information available observed no evidence of the violation at that time.,2025-11-10T00:38:13.000,,,,,,,nyc_opendata_311,2025-11-12 02:39:01.699840
66779292,2025-11-09T23:31:39.000,DSNY,Department of Sanitation,Residential Disposal Complaint,Trash or Recycling Not Secure,Sidewalk,10471,348 WEST  254 STREET,WEST  254 STREET,BROADWAY,POST ROAD,BROADWAY,POST ROAD,ADDRESS,BRONX,WEST  254 STREET,In Progress,08 BRONX,,BRONX,1012521,267598,ONLINE,Unspecified,BRONX,40.90112296488134,-73.89773345000306,"{'latitude': '40.90112296488134', 'longitude': '-73.89773345000306', 'human_address': '{""address"": """", ""city"": """", ""state"": """", ""zip"": """"}'}",,,,,,,,,,,nyc_opendata_311,2025-11-12 02:39:01.699840
66776263,2025-11-09T23:31:30.000,NYPD,New York City Police Department,Noise - Residential,Loud Music/Party,Residential Building/House,11368,33-17 100 STREET,100 STREET,NORTHERN BOULEVARD,34 AVENUE,NORTHERN BOULEVARD,34 AVENUE,ADDRESS,CORONA,100 STREET,In Progress,03 QUEENS,4017150067,QUEENS,1020723,214979,MOBILE,Unspecified,QUEENS,40.756668965386076,-73.86834992050247,"{'latitude': '40.756668965386076', 'longitude': '-73.86834992050247', 'human_address': '{""address"": """", ""city"": """", ""state"": """", ""zip"": """"}'}",,,,,,,,,,,nyc_opendata_311,2025-11-12 02:39:01.699840
66772705,2025-11-09T23:31:24.000,NYPD,New York City Police Department,Illegal Parking,Double Parked Blocking Vehicle,Street/Sidewalk,10456,1394 CLAY AVENUE,CLAY AVENUE,,EAST  170 STREET,,EAST  170 STREET,ADDRESS,BRONX,CLAY AVENUE,Closed,04 BRONX,2028870082,BRONX,1009717,244251,PHONE,Unspecified,BRONX,40.83705115201998,-73.90796526887999,"{'latitude': '40.83705115201998', 'longitude': '-73.90796526887999', 'human_address': '{""address"": """", ""city"": """", ""state"": """", ""zip"": """"}'}",SUV,2025-11-10T01:42:47.000,The Police Department responded to the complaint and with the information available observed no evidence of the violation at that time.,2025-11-10T01:42:52.000,,,,,,,nyc_opendata_311,2025-11-12 02:39:01.699840
66778837,2025-11-09T23:31:23.000,NYPD,New York City Police Department,Noise - Street/Sidewalk,Loud Music/Party,Street/Sidewalk,10040,564 WEST  188 STREET,WEST  188 STREET,AUDUBON AVENUE,ST NICHOLAS AVENUE,AUDUBON AVENUE,ST NICHOLAS AVENUE,ADDRESS,NEW YORK,WEST  188 STREET,Closed,12 MANHATTAN,1021580007,MANHATTAN,1003692,250178,ONLINE,Unspecified,MANHATTAN,40.853334340957325,-73.92972171211538,"{'latitude': '40.853334340957325', 'longitude': '-73.92972171211538', 'human_address': '{""address"": """", ""city"": """", ""state"": """", ""zip"": """"}'}",,2025-11-10T01:42:09.000,The Police Department responded to the complaint and with the information available observed no evidence of the violation at that time.,2025-11-10T01:42:12.000,,,,,,,nyc_opendata_311,2025-11-12 02:39:01.699840
66778595,2025-11-09T23:31:20.000,DSNY,Department of Sanitation,Graffiti,Graffiti,Comercial,11217,576 DEGRAW STREET,DEGRAW STREET,,,,,ADDRESS,BROOKLYN,,Open,06 BROOKLYN,3004260017,BROOKLYN,988362,186960,UNKNOWN,Unspecified,BROOKLYN,40.67983781978182,-73.98517475282127,"{'latitude': '40.67983781978182', 'longitude': '-73.98517475282127', 'human_address': '{""address"": """", ""city"": """", ""state"": """", ""zip"": """"}'}",,,The graffiti on this property has been scheduled to be removed by the City.,2025-11-09T23:31:20.000,,,,N/A,2025-12-09T23:31:20.000,,nyc_opendata_311,2025-11-12 02:39:01.699840
66774835,2025-11-09T23:31:15.000,NYPD,New York City Police Department,Noise - Residential,Banging/Pounding,Residential Building/House,11102,25-41 30 ROAD,30 ROAD,CRESCENT STREET,29 STREET,CRESCENT STREET,29 STREET,ADDRESS,ASTORIA,30 ROAD,Closed,01 QUEENS,4005760001,QUEENS,1005142,218917,ONLINE,Unspecified,QUEENS,40.7675283031481,-73.92457759892275,"{'latitude': '40.7675283031481', 'longitude': '-73.92457759892275', 'human_address': '{""address"": """", ""city"": """", ""state"": """", ""zip"": """"}'}",,2025-11-10T01:42:56.000,The Police Department responded to the complaint and took action to fix the condition.,2025-11-10T01:43:01.000,,,,,,,nyc_opendata_311,2025-11-12 02:39:01.699840
66778734,2025-11-09T23:31:01.000,NYPD,New York City Police Department,Noise - Residential,Banging/Pounding,Residential Building/House,10027,212 WEST  124 STREET,WEST  124 STREET,ADAM CLAYTON POWELL JR BOULEVARD,FREDERICK DOUGLASS BOULEVARD,ADAM CLAYTON POWELL JR BOULEVARD,FREDERICK DOUGLASS BOULEVARD,ADDRESS,NEW YORK,WEST  124 STREET,Closed,10 MANHATTAN,1019297505,MANHATTAN,998214,233874,PHONE,Unspecified,MANHATTAN,40.808594911223615,-73.94955733475268,"{'latitude': '40.808594911223615', 'longitude': '-73.94955733475268', 'human_address': '{""address"": """", ""city"": """", ""state"": """", ""zip"": """"}'}",,2025-11-10T00:52:19.000,The Police Department responded to the complaint and with the information available observed no evidence of the violation at that time.,2025-11-10T00:52:28.000,,,,,,,nyc_opendata_311,2025-11-12 02:39:01.699840
66774939,2025-11-09T23:30:54.000,NYPD,New York City Police Department,Noise - Residential,Loud Talking,Residential Building/House,10469,2437 WILSON AVENUE,WILSON AVENUE,WARING AVENUE,MACE AVENUE,WARING AVENUE,MACE AVENUE,ADDRESS,BRONX,WILSON AVENUE,Closed,11 BRONX,2044650039,BRONX,1025959,253278,ONLINE,Unspecified,BRONX,40.86176578827353,-73.84921253646662,"{'latitude': '40.86176578827353', 'longitude': '-73.84921253646662', 'human_address': '{""address"": """", ""city"": """", ""state"": """", ""zip"": """"}'}",,2025-11-10T00:13:00.000,The Police Department responded to the complaint and took action to fix the condition.,2025-11-10T00:13:06.000,,,,,,,nyc_opendata_311,2025-11-12 02:39:01.699840
66775236,2025-11-09T23:30:49.000,NYPD,New York City Police Department,Illegal Parking,Blocked Hydrant,Street/Sidewalk,11385,1815 HIMROD STREET,HIMROD STREET,SENECA AVENUE,ONDERDONK AVENUE,SENECA AVENUE,ONDERDONK AVENUE,ADDRESS,RIDGEWOOD,HIMROD STREET,In Progress,05 QUEENS,4034270052,QUEENS,1008287,196737,MOBILE,Unspecified,QUEENS,40.70664172913438,-73.91330306171716,"{'latitude': '40.70664172913438', 'longitude': '-73.91330306171716', 'human_address': '{""address"": """", ""city"": """", ""state"": """", ""zip"": """"}'}",,,,,,,,,,,nyc_opendata_311,2025-11-12 02:39:01.699840
66777820,2025-11-09T23:30:42.000,NYPD,New York City Police Department,Noise - Street/Sidewalk,Loud Music/Party,Street/Sidewalk,11427,220-14 STRONGHURST AVENUE,STRONGHURST AVENUE,BEND,GRAND CENTRAL PARKWAY ET   22 EB,BEND,GRAND CENTRAL PARKWAY ET   22 EB,ADDRESS,QUEENS VILLAGE,STRONGHURST AVENUE,Closed,13 QUEENS,4079140002,QUEENS,1054615,206070,MOBILE,Unspecified,QUEENS,40.73201132724231,-73.74610974011689,"{'latitude': '40.73201132724231', 'longitude': '-73.74610974011689', 'human_address': '{""address"": """", ""city"": """", ""state"": """", ""zip"": """"}'}",,2025-11-10T01:16:19.000,The Police Department responded to the complaint and with the information available observed no evidence of the violation at that time.,2025-11-10T01:16:29.000,,,,,,,nyc_opendata_311,2025-11-12 02:39:01.699840
66780175,2025-11-09T23:30:18.000,DPR,Department of Parks and Recreation,Maintenance or Facility,Garbage or Litter,Street/Curbside,10471,MOSHOLU AVENUE,MOSHOLU AVENUE,MOSHOLU AVENUE,WEST  254 STREET,MOSHOLU AVENUE,WEST  254 STREET,INTERSECTION,,,In Progress,08 BRONX,,BRONX,1010597,267836,ONLINE,Unspecified,BRONX,40.9017821532778,-73.90469231949538,"{'latitude': '40.9017821532778', 'longitude': '-73.90469231949538', 'human_address': '{""address"": """", ""city"": """", ""state"": """", ""zip"": """"}'}",,,,,,,,,,,nyc_opendata_311,2025-11-12 02:39:01.699840
66776795,2025-11-09T23:30:00.000,NYPD,New York City Police Department,Noise - Residential,Loud Music/Party,Residential Building/House,11236,5945 SHORE PARKWAY,SHORE PARKWAY,BELT PARKWAY EXIT   13 WESTBOUND,EAST  102 STREET,BELT PARKWAY EXIT   13 WESTBOUND,EAST  102 STREET,ADDRESS,BROOKLYN,SHORE PARKWAY,Closed,18 BROOKLYN,3083290225,BROOKLYN,1016197,169472,ONLINE,Unspecified,BROOKLYN,40.631780436701845,-73.8849024206911,"{'latitude': '40.631780436701845', 'longitude': '-73.8849024206911', 'human_address': '{""address"": """", ""city"": """", ""state"": """", ""zip"": """"}'}",,2025-11-10T00:10:59.000,The Police Department responded to the complaint and took action to fix the condition.,2025-11-10T00:11:01.000,,,,,,,nyc_opendata_311,2025-11-12 02:39:01.699840
66775276,2025-11-09T23:29:21.000,NYPD,New York City Police Department,Noise - Vehicle,Car/Truck Horn,Street/Sidewalk,11368,43-05 JUNCTION BOULEVARD,JUNCTION BOULEVARD,43 AVENUE,44 AVENUE,43 AVENUE,44 AVENUE,ADDRESS,CORONA,JUNCTION BOULEVARD,In Progress,04 QUEENS,4016130009,QUEENS,1020814,210904,ONLINE,Unspecified,QUEENS,40.74548375717954,-73.86804361184448,"{'latitude': '40.74548375717954', 'longitude': '-73.86804361184448', 'human_address': '{""address"": """", ""city"": """", ""state"": """", ""zip"": """"}'}",Truck,,,,,,,,,,nyc_opendata_311,2025-11-12 02:39:01.699840
66778402,2025-11-09T23:29:00.000,DEP,Department of Environmental Protection,Sewer,Sewer Odor (SA2),,11105,43-01 BERRIAN BOULEVARD,BERRIAN BOULEVARD,43 ST,45 ST,,,ADDRESS,ASTORIA,,Open,01 QUEENS,4007760150,QUEENS,1013443,222894,ONLINE,Unspecified,QUEENS,40.77842060522387,-73.89459283090625,"{'latitude': '40.77842060522387', 'longitude': '-73.89459283090625', 'human_address': '{""address"": """", ""city"": """", ""state"": """", ""zip"": """"}'}",,,,,,,,,,,nyc_opendata_311,2025-11-12 02:39:01.699840
66773950,2025-11-09T23:28:55.000,NYPD,New York City Police Department,Noise - Street/Sidewalk,Loud Music/Party,Street/Sidewalk,10040,564 WEST  188 STREET,WEST  188 STREET,AUDUBON AVENUE,ST NICHOLAS AVENUE,AUDUBON AVENUE,ST NICHOLAS AVENUE,ADDRESS,NEW YORK,WEST  188 STREET,Closed,12 MANHATTAN,1021580007,MANHATTAN,1003692,250178,ONLINE,Unspecified,MANHATTAN,40.853334340957325,-73.92972171211538,"{'latitude': '40.853334340957325', 'longitude': '-73.92972171211538', 'human_address': '{""address"": """", ""city"": """", ""state"": """", ""zip"": """"}'}",,2025-11-10T01:42:59.000,The Police Department responded to the complaint and with the information available observed no evidence of the violation at that time.,2025-11-10T01:43:02.000,,,,,,,nyc_opendata_311,2025-11-12 02:39:01.699840
66775394,2025-11-09T23:28:50.000,DSNY,Department of Sanitation,Vendor Enforcement,Food Vendor,Street,10019,251 WEST   50 STREET,WEST   50 STREET,BROADWAY,8 AVENUE,BROADWAY,8 AVENUE,ADDRESS,NEW YORK,WEST   50 STREET,Closed,05 MANHATTAN,1010220101,MANHATTAN,988394,216840,ONLINE,Unspecified,MANHATTAN,40.76185118984676,-73.98504098445952,"{'latitude': '40.76185118984676', 'longitude': '-73.98504098445952', 'human_address': '{""address"": """", ""city"": """", ""state"": """", ""zip"": """"}'}",,2025-11-09T23:35:11.000,N/A,2025-11-09T23:35:15.000,,,,,,,nyc_opendata_311,2025-11-12 02:39:01.699840
66776816,2025-11-09T23:28:48.000,NYPD,New York City Police Department,Noise - Residential,Loud Music/Party,Residential Building/House,10003,37 ST MARKS PLACE,ST MARKS PLACE,3 AVENUE,2 AVENUE,3 AVENUE,2 AVENUE,ADDRESS,NEW YORK,ST MARKS PLACE,Closed,03 MANHATTAN,1004647503,MANHATTAN,987575,204779,MOBILE,Unspecified,MANHATTAN,40.728747112582255,-73.98800337407098,"{'latitude': '40.728747112582255', 'longitude': '-73.98800337407098', 'human_address': '{""address"": """", ""city"": """", ""state"": """", ""zip"": """"}'}",,2025-11-10T01:12:47.000,The Police Department responded to the complaint and determined that police action was not necessary.,2025-11-10T01:12:50.000,,,,,,,nyc_opendata_311,2025-11-12 02:39:01.699840
66774693,2025-11-09T23:28:44.000,NYPD,New York City Police Department,Noise - Commercial,Car/Truck Horn,Store/Commercial,11385,53-35 METROPOLITAN AVENUE,METROPOLITAN AVENUE,GRANDVIEW AVENUE,ARNOLD AVENUE,GRANDVIEW AVENUE,ARNOLD AVENUE,ADDRESS,RIDGEWOOD,METROPOLITAN AVENUE,Closed,05 QUEENS,4026340046,QUEENS,1008679,199151,MOBILE,Unspecified,QUEENS,40.71326650956246,-73.91188043362862,"{'latitude': '40.71326650956246', 'longitude': '-73.91188043362862', 'human_address': '{""address"": """", ""city"": """", ""state"": """", ""zip"": """"}'}",,2025-11-10T01:10:59.000,The Police Department responded to the complaint and with the information available observed no evidence of the violation at that time.,2025-11-10T01:11:09.000,,,,,,,nyc_opendata_311,2025-11-12 02:39:01.699840
66774281,2025-11-09T23:28:19.000,NYPD,New York City Police Department,Illegal Parking,Double Parked Blocking Traffic,Street/Sidewalk,10040,608 WEST  191 STREET,WEST  191 STREET,ST NICHOLAS AVENUE,WADSWORTH AVENUE,ST NICHOLAS AVENUE,WADSWORTH AVENUE,ADDRESS,NEW YORK,WEST  191 STREET,In Progress,12 MANHATTAN,1021690006,MANHATTAN,1003772,251024,ONLINE,Unspecified,MANHATTAN,40.855656181545385,-73.92943006727548,"{'latitude': '40.855656181545385', 'longitude': '-73.92943006727548', 'human_address': '{""address"": """", ""city"": """", ""state"": """", ""zip"": """"}'}",Car,,,,,,,,,,nyc_opendata_311,2025-11-12 02:39:01.699840
66780097,2025-11-09T23:28:05.000,NYPD,New York City Police Department,Abandoned Vehicle,With License Plate,Street/Sidewalk,11416,95-13 87 STREET,87 STREET,95 AVENUE,97 AVENUE,95 AVENUE,97 AVENUE,ADDRESS,OZONE PARK,87 STREET,In Progress,09 QUEENS,,QUEENS,1024709,188875,ONLINE,Unspecified,QUEENS,40.68500254437964,-73.85411930766155,"{'latitude': '40.68500254437964', 'longitude': '-73.85411930766155', 'human_address': '{""address"": """", ""city"": """", ""state"": """", ""zip"": """"}'}",Car,,,,,,,,,,nyc_opendata_311,2025-11-12 02:39:01.699840
66773355,2025-11-09T23:27:49.000,NYPD,New York City Police Department,Noise - Street/Sidewalk,Loud Talking,Street/Sidewalk,11208,CLEVELAND STREET,CLEVELAND STREET,CLEVELAND STREET,NEW LOTS AVENUE,CLEVELAND STREET,NEW LOTS AVENUE,INTERSECTION,,,In Progress,05 BROOKLYN,,BROOKLYN,1016845,182111,PHONE,Unspecified,BROOKLYN,40.666469358702265,-73.8825067547414,"{'latitude': '40.666469358702265', 'longitude': '-73.8825067547414', 'human_address': '{""address"": """", ""city"": """", ""state"": """", ""zip"": """"}'}",,,,,,,,,,,nyc_opendata_311,2025-11-12 02:39:01.699840
66773673,2025-11-09T23:27:47.000,NYPD,New York City Police Department,Illegal Parking,Commercial Overnight Parking,Street/Sidewalk,11423,88-11 189 STREET,189 STREET,HILLSIDE AVENUE,89 AVENUE,HILLSIDE AVENUE,89 AVENUE,ADDRESS,HOLLIS,189 STREET,Closed,12 QUEENS,4104540014,QUEENS,1047298,199901,ONLINE,Unspecified,QUEENS,40.715134156349414,-73.77256852913585,"{'latitude': '40.715134156349414', 'longitude': '-73.77256852913585', 'human_address': '{""address"": """", ""city"": """", ""state"": """", ""zip"": """"}'}",,2025-11-10T00:07:51.000,The Police Department responded to the complaint and determined that police action was not necessary.,2025-11-10T00:07:56.000,,,,,,,nyc_opendata_311,2025-11-12 02:39:01.699840
66777923,2025-11-09T23:26:40.000,HPD,Department of Housing Preservation and Development,HEAT/HOT WATER,APARTMENT ONLY,RESIDENTIAL BUILDING,10459,1434 BRYANT AVENUE,BRYANT AVENUE,,,,,ADDRESS,BRONX,,Open,03 BRONX,2029990016,BRONX,1015121,242006,ONLINE,Unspecified,BRONX,40.8308720421056,-73.88844620218876,"{'latitude': '40.8308720421056', 'longitude': '-73.88844620218876', 'human_address': '{""address"": """", ""city"": """", ""state"": """", ""zip"": """"}'}",,,The following complaint conditions are still open. HPD has already attempted to notify the property owner that the condition exists; the tenant should provide access for the owner to make the repair.  HPD may attempt to contact the tenant by phone to verify the correction of the condition or an HPD Inspector may attempt to conduct an inspection.,2025-11-09T00:00:00.000,,,,,,,nyc_opendata_311,2025-11-12 02:39:01.699840
66774652,2025-11-09T23:26:36.000,NYPD,New York City Police Department,Illegal Parking,Posted Parking Sign Violation,Street/Sidewalk,11235,2854 BRIGHTON    6 STREET,BRIGHTON    6 STREET,BRIGHTON    4 ROAD,BRIGHTON    4 TERRACE,BRIGHTON    4 ROAD,BRIGHTON    4 TERRACE,ADDRESS,BROOKLYN,BRIGHTON    6 STREET,Closed,13 BROOKLYN,3072620061,BROOKLYN,994537,151376,MOBILE,Unspecified,BROOKLYN,40.582162258922125,-73.96296588581671,"{'latitude': '40.582162258922125', 'longitude': '-73.96296588581671', 'human_address': '{""address"": """", ""city"": """", ""state"": """", ""zip"": """"}'}",,2025-11-10T00:27:31.000,The Police Department issued a summons in response to the complaint.,2025-11-10T00:27:36.000,,,,,,,nyc_opendata_311,2025-11-12 02:39:01.699840
66772986,2025-11-09T23:26:19.000,NYPD,New York City Police Department,Noise - Street/Sidewalk,Loud Music/Party,Street/Sidewalk,10040,564 WEST  188 STREET,WEST  188 STREET,AUDUBON AVENUE,ST NICHOLAS AVENUE,AUDUBON AVENUE,ST NICHOLAS AVENUE,ADDRESS,NEW YORK,WEST  188 STREET,Closed,12 MANHATTAN,1021580007,MANHATTAN,1003692,250178,ONLINE,Unspecified,MANHATTAN,40.853334340957325,-73.92972171211538,"{'latitude': '40.853334340957325', 'longitude': '-73.92972171211538', 'human_address': '{""address"": """", ""city"": """", ""state"": """", ""zip"": """"}'}",,2025-11-10T01:42:31.000,The Police Department responded to the complaint and with the information available observed no evidence of the violation at that time.,2025-11-10T01:42:36.000,,,,,,,nyc_opendata_311,2025-11-12 02:39:01.699840
66776016,2025-11-09T23:26:11.000,HPD,Department of Housing Preservation and Development,HEAT/HOT WATER,ENTIRE BUILDING,RESIDENTIAL BUILDING,10032,522 WEST  157 STREET,WEST  157 STREET,,,,,ADDRESS,NEW YORK,,Open,12 MANHATTAN,1021150021,MANHATTAN,1000007,242871,ONLINE,Unspecified,MANHATTAN,40.833286114600114,-73.94305929128691,"{'latitude': '40.833286114600114', 'longitude': '-73.94305929128691', 'human_address': '{""address"": """", ""city"": """", ""state"": """", ""zip"": """"}'}",,,The following complaint conditions are still open. HPD has already attempted to notify the property owner that the condition exists; the tenant should provide access for the owner to make the repair.  HPD may attempt to contact the tenant by phone to verify the correction of the condition or an HPD Inspector may attempt to conduct an inspection.,2025-11-09T00:00:00.000,,,,,,,nyc_opendata_311,2025-11-12 02:39:01.699840
66774125,2025-11-09T23:26:10.000,HPD,Department of Housing Preservation and Development,PLUMBING,WATER SUPPLY,RESIDENTIAL BUILDING,10454,105 WILLIS AVENUE,WILLIS AVENUE,,,,,ADDRESS,BRONX,,Open,01 BRONX,2022957501,BRONX,1004928,232856,ONLINE,Unspecified,BRONX,40.80578762054628,-73.92530725375082,"{'latitude': '40.80578762054628', 'longitude': '-73.92530725375082', 'human_address': '{""address"": """", ""city"": """", ""state"": """", ""zip"": """"}'}",,,The following complaint conditions are still open. HPD has already attempted to notify the property owner that the condition exists; the tenant should provide access for the owner to make the repair.  HPD may attempt to contact the tenant by phone to verify the correction of the condition or an HPD Inspector may attempt to conduct an inspection.,2025-11-09T00:00:00.000,,,,,,,nyc_opendata_311,2025-11-12 02:39:01.699840
66775037,2025-11-09T23:26:10.000,HPD,Department of Housing Preservation and Development,HEAT/HOT WATER,APARTMENT ONLY,RESIDENTIAL BUILDING,10454,105 WILLIS AVENUE,WILLIS AVENUE,,,,,ADDRESS,BRONX,,Open,01 BRONX,2022957501,BRONX,1004928,232856,ONLINE,Unspecified,BRONX,40.80578762054628,-73.92530725375082,"{'latitude': '40.80578762054628', 'longitude': '-73.92530725375082', 'human_address': '{""address"": """", ""city"": """", ""state"": """", ""zip"": """"}'}",,,"This complaint is a duplicate of a building-wide condition already reported by another tenant.  The original complaint is still open, and HPD may only need to confirm that the condition exists by inspecting one apartment.  If we cannot contact the tenant from the original complaint or get access to that apartment, HPD may attempt to contact the person who filed this complaint to verify the correction of the condition or may conduct an inspection of your unit. You can check HPDONLINE to see if a",2025-11-09T00:00:00.000,,,,,,,nyc_opendata_311,2025-11-12 02:39:01.699840
66776089,2025-11-09T23:26:10.000,HPD,Department of Housing Preservation and Development,PLUMBING,WATER SUPPLY,RESIDENTIAL BUILDING,10454,105 WILLIS AVENUE,WILLIS AVENUE,,,,,ADDRESS,BRONX,,Open,01 BRONX,2022957501,BRONX,1004928,232856,ONLINE,Unspecified,BRONX,40.80578762054628,-73.92530725375082,"{'latitude': '40.80578762054628', 'longitude': '-73.92530725375082', 'human_address': '{""address"": """", ""city"": """", ""state"": """", ""zip"": """"}'}",,,The following complaint conditions are still open. HPD has already attempted to notify the property owner that the condition exists; the tenant should provide access for the owner to make the repair.  HPD may attempt to contact the tenant by phone to verify the correction of the condition or an HPD Inspector may attempt to conduct an inspection.,2025-11-09T00:00:00.000,,,,,,,nyc_opendata_311,2025-11-12 02:39:01.699840
66775116,2025-11-09T23:26:08.000,HPD,Department of Housing Preservation and Development,UNSANITARY CONDITION,GARBAGE/RECYCLING STORAGE,RESIDENTIAL BUILDING,10456,550 EAST  170 STREET,EAST  170 STREET,,,,,ADDRESS,BRONX,,Open,03 BRONX,2029250042,BRONX,1011186,243433,ONLINE,Unspecified,BRONX,40.834801621595524,-73.9026597655281,"{'latitude': '40.834801621595524', 'longitude': '-73.9026597655281', 'human_address': '{""address"": """", ""city"": """", ""state"": """", ""zip"": """"}'}",,,The following complaint conditions are still open. HPD has already attempted to notify the property owner that the condition exists; the tenant should provide access for the owner to make the repair.  HPD may attempt to contact the tenant by phone to verify the correction of the condition or an HPD Inspector may attempt to conduct an inspection.,2025-11-09T00:00:00.000,,,,,,,nyc_opendata_311,2025-11-12 02:39:01.699840
66773250,2025-11-09T23:26:01.000,NYPD,New York City Police Department,Blocked Driveway,No Access,Street/Sidewalk,11223,1724 EAST    4 STREET,EAST    4 STREET,AVENUE P,QUENTIN ROAD,AVENUE P,QUENTIN ROAD,ADDRESS,BROOKLYN,EAST    4 STREET,In Progress,15 BROOKLYN,3066350019,BROOKLYN,992620,160979,MOBILE,Unspecified,BROOKLYN,40.6085225755543,-73.96985535850301,"{'latitude': '40.6085225755543', 'longitude': '-73.96985535850301', 'human_address': '{""address"": """", ""city"": """", ""state"": """", ""zip"": """"}'}",,,,,,,,,,,nyc_opendata_311,2025-11-12 02:39:01.699840
66775253,2025-11-09T23:26:00.000,NYPD,New York City Police Department,Noise - Commercial,Loud Music/Party,Store/Commercial,11420,122-14 116 STREET,116 STREET,ROCKAWAY BOULEVARD,SUTTER AVENUE,ROCKAWAY BOULEVARD,SUTTER AVENUE,ADDRESS,SOUTH OZONE PARK,116 STREET,In Progress,10 QUEENS,,QUEENS,1033560,185476,ONLINE,Unspecified,QUEENS,40.67562819629916,-73.8222307164951,"{'latitude': '40.67562819629916', 'longitude': '-73.8222307164951', 'human_address': '{""address"": """", ""city"": """", ""state"": """", ""zip"": """"}'}",,,,,,,,,,,nyc_opendata_311,2025-11-12 02:39:01.699840
66773347,2025-11-09T23:25:56.000,NYPD,New York City Police Department,Noise - Residential,Loud Music/Party,Residential Building/House,11373,89-25 ELMHURST AVENUE,ELMHURST AVENUE,DENMAN STREET,CASE STREET,DENMAN STREET,CASE STREET,ADDRESS,ELMHURST,ELMHURST AVENUE,In Progress,04 QUEENS,4015100020,QUEENS,1018404,211679,PHONE,Unspecified,QUEENS,40.74762057177522,-73.8767371507515,"{'latitude': '40.74762057177522', 'longitude': '-73.8767371507515', 'human_address': '{""address"": """", ""city"": """", ""state"": """", ""zip"": """"}'}",,,,,,,,,,,nyc_opendata_311,2025-11-12 02:39:01.699840
66777191,2025-11-09T23:25:42.000,NYPD,New York City Police Department,Noise - Residential,Banging/Pounding,Residential Building/House,10026,265 WEST  114 STREET,WEST  114 STREET,ADAM CLAYTON POWELL JR BOULEVARD,FREDERICK DOUGLASS BOULEVARD,ADAM CLAYTON POWELL JR BOULEVARD,FREDERICK DOUGLASS BOULEVARD,ADDRESS,NEW YORK,WEST  114 STREET,In Progress,10 MANHATTAN,1018300011,MANHATTAN,996586,231745,ONLINE,Unspecified,MANHATTAN,40.80275381673463,-73.95544212929333,"{'latitude': '40.80275381673463', 'longitude': '-73.95544212929333', 'human_address': '{""address"": """", ""city"": """", ""state"": """", ""zip"": """"}'}",,,,,,,,,,,nyc_opendata_311,2025-11-12 02:39:01.699840
66775267,2025-11-09T23:25:41.000,NYPD,New York City Police Department,Noise - Residential,Loud Music/Party,Residential Building/House,11221,262 CORNELIA STREET,CORNELIA STREET,WILSON AVENUE,KNICKERBOCKER AVENUE,WILSON AVENUE,KNICKERBOCKER AVENUE,ADDRESS,BROOKLYN,CORNELIA STREET,In Progress,04 BROOKLYN,3033840018,BROOKLYN,1008682,192084,MOBILE,Unspecified,BROOKLYN,40.6938692564579,-73.91189525168343,"{'latitude': '40.6938692564579', 'longitude': '-73.91189525168343', 'human_address': '{""address"": """", ""city"": """", ""state"": """", ""zip"": """"}'}",,,,,,,,,,,nyc_opendata_311,2025-11-12 02:39:01.699840
66774602,2025-11-09T23:25:36.000,NYPD,New York City Police Department,Illegal Parking,Blocked Hydrant,Street/Sidewalk,10459,1125 BRYANT AVENUE,BRYANT AVENUE,EAST  167 STREET,WEST FARMS ROAD,EAST  167 STREET,WEST FARMS ROAD,ADDRESS,BRONX,BRYANT AVENUE,Closed,03 BRONX,2027540015,BRONX,1015002,240616,MOBILE,Unspecified,BRONX,40.82705730788851,-73.88888258524975,"{'latitude': '40.82705730788851', 'longitude': '-73.88888258524975', 'human_address': '{""address"": """", ""city"": """", ""state"": """", ""zip"": """"}'}",,2025-11-10T01:42:09.000,The Police Department issued a summons in response to the complaint.,2025-11-10T01:42:15.000,,,,,,,nyc_opendata_311,2025-11-12 02:39:01.699840
66773306,2025-11-09T23:25:28.000,NYPD,New York City Police Department,Illegal Parking,Blocked Hydrant,Street/Sidewalk,11219,1578 43 STREET,43 STREET,15 AVENUE,16 AVENUE,15 AVENUE,16 AVENUE,ADDRESS,BROOKLYN,43 STREET,In Progress,12 BROOKLYN,3054300039,BROOKLYN,989060,170544,MOBILE,Unspecified,BROOKLYN,40.63477915169163,-73.98266991961515,"{'latitude': '40.63477915169163', 'longitude': '-73.98266991961515', 'human_address': '{""address"": """", ""city"": """", ""state"": """", ""zip"": """"}'}",,,,,,,,,,,nyc_opendata_311,2025-11-12 02:39:01.699840
66775862,2025-11-09T23:25:26.000,NYPD,New York City Police Department,Noise - Residential,Loud Music/Party,Residential Building/House,10462,2227 CROSS BRONX EXPRESSWAY,CROSS BRONX EXPRESSWAY,WATSON AVENUE PEDESTRIAN OVPS,WATSON AVENUE,WATSON AVENUE PEDESTRIAN OVPS,WATSON AVENUE,ADDRESS,BRONX,CROSS BRONX EXPRESSWAY,Closed,09 BRONX,2038180063,BRONX,1025971,241747,ONLINE,Unspecified,BRONX,40.83011657333977,-73.84924089942201,"{'latitude': '40.83011657333977', 'longitude': '-73.84924089942201', 'human_address': '{""address"": """", ""city"": """", ""state"": """", ""zip"": """"}'}",,2025-11-10T00:53:53.000,The Police Department responded to the complaint and with the information available observed no evidence of the violation at that time.,2025-11-10T00:54:03.000,,,,,,,nyc_opendata_311,2025-11-12 02:39:01.699840
66775218,2025-11-09T23:25:04.000,TLC,Taxi and Limousine Commission,Taxi Complaint,Driver Complaint - Passenger,Street,11430,JOHN F KENNEDY AIRPORT,JOHN F KENNEDY AIRPORT,BEND,AIRTRAIN-HOWARD BCH/JAMAICA LINE,BEND,AIRTRAIN-HOWARD BCH/JAMAICA LINE,PLACE,JAMAICA,JOHN F KENNEDY AIRPORT,In Progress,83 QUEENS,4142600001,QUEENS,1043001,175548,ONLINE,Unspecified,QUEENS,40.64832048620134,-73.78828125130184,"{'latitude': '40.64832048620134', 'longitude': '-73.78828125130184', 'human_address': '{""address"": """", ""city"": """", ""state"": """", ""zip"": """"}'}",,,,,,,"JOHN F KENNEDY AIRPORT, QUEENS (JAMAICA) ,NY, 11430",,,,nyc_opendata_311,2025-11-12 02:39:01.699840
66780105,2025-11-09T23:25:02.000,NYPD,New York City Police Department,Blocked Driveway,No Access,Street/Sidewalk,11228,7506 14 AVENUE,14 AVENUE,BAY RIDGE PARKWAY,76 STREET,BAY RIDGE PARKWAY,76 STREET,ADDRESS,BROOKLYN,14 AVENUE,In Progress,10 BROOKLYN,3062220039,BROOKLYN,982763,164745,PHONE,Unspecified,BROOKLYN,40.61886329649837,-74.00535627542102,"{'latitude': '40.61886329649837', 'longitude': '-74.00535627542102', 'human_address': '{""address"": """", ""city"": """", ""state"": """", ""zip"": """"}'}",,,Your complaint has been received by the Police Department and additional information will be available later.,2025-11-09T23:26:29.000,,,,,,,nyc_opendata_311,2025-11-12 02:39:01.699840
66778211,2025-11-09T23:25:00.000,DSNY,Department of Sanitation,Derelict Vehicles,Derelict Vehicles,Street,10471,532 WEST  259 STREET,WEST  259 STREET,RIVERDALE AVENUE,NETHERLAND AVENUE,,,ADDRESS,BRONX,,Closed,08 BRONX,,BRONX,1010590,269718,PHONE,Unspecified,BRONX,40.90694765312729,-73.90471023548548,"{'latitude': '40.90694765312729', 'longitude': '-73.90471023548548', 'human_address': '{""address"": """", ""city"": """", ""state"": """", ""zip"": """"}'}",,2025-11-10T02:07:00.000,The owner claimed the vehicle.Â Your request is now closed and no further action will be taken.,2025-11-10T12:00:00.000,,,,,,,nyc_opendata_311,2025-11-12 02:39:01.699840
66776415,2025-11-09T23:24:46.000,DOHMH,Department of Health and Mental Hygiene,Rodent,Rat Sighting,3+ Family Apt. Building,11232,582 39 STREET,39 STREET,5 AVENUE,6 AVENUE,5 AVENUE,6 AVENUE,ADDRESS,BROOKLYN,39 STREET,In Progress,07 BROOKLYN,3009130034,BROOKLYN,983613,176192,PHONE,Unspecified,BROOKLYN,40.65028298145355,-74.0022955980095,"{'latitude': '40.65028298145355', 'longitude': '-74.0022955980095', 'human_address': '{""address"": """", ""city"": """", ""state"": """", ""zip"": """"}'}",,,,,,,,,,,nyc_opendata_311,2025-11-12 02:39:01.699840
66777758,2025-11-09T23:24:24.000,NYPD,New York City Police Department,Noise - Residential,Loud Music/Party,Residential Building/House,10029,1365 5 AVENUE,5 AVENUE,EAST  112 STREET,EAST  115 STREET,EAST  112 STREET,EAST  115 STREET,ADDRESS,NEW YORK,5 AVENUE,Closed,11 MANHATTAN,1016180001,MANHATTAN,998703,230311,ONLINE,Unspecified,MANHATTAN,40.79881467021513,-73.94779857268328,"{'latitude': '40.79881467021513', 'longitude': '-73.94779857268328', 'human_address': '{""address"": """", ""city"": """", ""state"": """", ""zip"": """"}'}",,2025-11-09T23:25:27.000,The Police Department responded to the complaint and with the information available observed no evidence of the violation at that time.,2025-11-09T23:25:32.000,,,,,,,nyc_opendata_311,2025-11-12 02:39:01.699840
66777140,2025-11-09T23:24:17.000,DPR,Department of Parks and Recreation,Illegal Tree Damage,Trunk Damaged,Street,10451,832 COURTLANDT AVENUE,COURTLANDT AVENUE,EAST  159 STREET,EAST  160 STREET,EAST  159 STREET,EAST  160 STREET,ADDRESS,BRONX,COURTLANDT AVENUE,In Progress,03 BRONX,2024060105,BRONX,1007476,239384,MOBILE,Unspecified,BRONX,40.823698816555165,-73.9160808233275,"{'latitude': '40.823698816555165', 'longitude': '-73.9160808233275', 'human_address': '{""address"": """", ""city"": """", ""state"": """", ""zip"": """"}'}",,,,,,,,,,,nyc_opendata_311,2025-11-12 02:39:01.699840
66777830,2025-11-09T23:24:13.000,NYPD,New York City Police Department,Noise - Street/Sidewalk,Loud Music/Party,Street/Sidewalk,10040,564 WEST  188 STREET,WEST  188 STREET,AUDUBON AVENUE,ST NICHOLAS AVENUE,AUDUBON AVENUE,ST NICHOLAS AVENUE,ADDRESS,NEW YORK,WEST  188 STREET,Closed,12 MANHATTAN,1021580007,MANHATTAN,1003692,250178,ONLINE,Unspecified,MANHATTAN,40.853334340957325,-73.92972171211538,"{'latitude': '40.853334340957325', 'longitude': '-73.92972171211538', 'human_address': '{""address"": """", ""city"": """", ""state"": """", ""zip"": """"}'}",,2025-11-10T01:38:24.000,The Police Department responded to the complaint and with the information available observed no evidence of the violation at that time.,2025-11-10T01:38:27.000,,,,,,,nyc_opendata_311,2025-11-12 02:39:01.699840
66779146,2025-11-09T23:23:47.000,NYPD,New York City Police Department,Illegal Parking,Blocked Hydrant,Street/Sidewalk,11372,73-12 35 AVENUE,35 AVENUE,73 STREET,74 STREET,73 STREET,74 STREET,ADDRESS,JACKSON HEIGHTS,35 AVENUE,In Progress,03 QUEENS,4012730001,QUEENS,1013944,212876,ONLINE,Unspecified,QUEENS,40.75092213370405,-73.8928281269625,"{'latitude': '40.75092213370405', 'longitude': '-73.8928281269625', 'human_address': '{""address"": """", ""city"": """", ""state"": """", ""zip"": """"}'}",,,,,,,,,,,nyc_opendata_311,2025-11-12 02:39:01.699840
66773079,2025-11-09T23:23:25.000,HPD,Department of Housing Preservation and Development,HEAT/HOT WATER,ENTIRE BUILDING,RESIDENTIAL BUILDING,10014,2 CHARLTON STREET,CHARLTON STREET,,,,,ADDRESS,NEW YORK,,Open,02 MANHATTAN,1005060027,MANHATTAN,983207,204135,MOBILE,Unspecified,MANHATTAN,40.7269800530374,-74.00376305233803,"{'latitude': '40.7269800530374', 'longitude': '-74.00376305233803', 'human_address': '{""address"": """", ""city"": """", ""state"": """", ""zip"": """"}'}",,,"This complaint is a duplicate of a building-wide condition already reported by another tenant.  The original complaint is still open, and HPD may only need to confirm that the condition exists by inspecting one apartment.  If we cannot contact the tenant from the original complaint or get access to that apartment, HPD may attempt to contact the person who filed this complaint to verify the correction of the condition or may conduct an inspection of your unit. You can check HPDONLINE to see if a",2025-11-09T00:00:00.000,,,,,,,nyc_opendata_311,2025-11-12 02:39:01.699840
66779757,2025-11-09T23:23:02.000,NYPD,New York City Police Department,Noise - Residential,Loud Music/Party,Residential Building/House,10019,100 WEST   57 STREET,WEST   57 STREET,AVENUE OF THE AMERICAS,6 1/2 AVENUE,AVENUE OF THE AMERICAS,6 1/2 AVENUE,ADDRESS,NEW YORK,WEST   57 STREET,Closed,05 MANHATTAN,1010090029,MANHATTAN,990491,217779,ONLINE,Unspecified,MANHATTAN,40.76442727130689,-73.97747036014913,"{'latitude': '40.76442727130689', 'longitude': '-73.97747036014913', 'human_address': '{""address"": """", ""city"": """", ""state"": """", ""zip"": """"}'}",,2025-11-10T00:11:19.000,The Police Department responded and upon arrival those responsible for the condition were gone.,2025-11-10T00:11:26.000,,,,,,,nyc_opendata_311,2025-11-12 02:39:01.699840
66778365,2025-11-09T23:23:00.000,DEP,Department of Environmental Protection,Noise,Noise: air condition/ventilation equipment (NV1),,10016,1 EAST   32 STREET,EAST   32 STREET,5 AVE,MADISON AVE,,,ADDRESS,NEW YORK,,Open,05 MANHATTAN,1008620001,MANHATTAN,988337,211451,ONLINE,Unspecified,MANHATTAN,40.747059780884896,-73.98525001872795,"{'latitude': '40.747059780884896', 'longitude': '-73.98525001872795', 'human_address': '{""address"": """", ""city"": """", ""state"": """", ""zip"": """"}'}",,,,,,,,N/A,,,nyc_opendata_311,2025-11-12 02:39:01.699840
66777397,2025-11-09T23:23:00.000,DEP,Department of Environmental Protection,Sewer,Catch Basin Clogged/Flooding (Use Comments) (SC),,10465,4338 EAST TREMONT AVENUE,EAST TREMONT AVENUE,SILVER BEACH PL,SCHURZ AVE,,,ADDRESS,BRONX,,Open,10 BRONX,2055890134,BRONX,1035423,236279,PHONE,Unspecified,BRONX,40.81505878789406,-73.815127829162,"{'latitude': '40.81505878789406', 'longitude': '-73.815127829162', 'human_address': '{""address"": """", ""city"": """", ""state"": """", ""zip"": """"}'}",,,,,,,,,,,nyc_opendata_311,2025-11-12 02:39:01.699840
66772942,2025-11-09T23:22:58.000,NYPD,New York City Police Department,Noise - Residential,Loud Music/Party,Residential Building/House,10452,111 TUDOR PLACE,TUDOR PLACE,WALTON AVENUE,GRAND CONCOURSE,WALTON AVENUE,GRAND CONCOURSE,ADDRESS,BRONX,TUDOR PLACE,Closed,04 BRONX,2024630063,BRONX,1006495,243221,MOBILE,Unspecified,BRONX,40.83423280467965,-73.91961260537592,"{'latitude': '40.83423280467965', 'longitude': '-73.91961260537592', 'human_address': '{""address"": """", ""city"": """", ""state"": """", ""zip"": """"}'}",,2025-11-10T00:49:52.000,The Police Department responded to the complaint and took action to fix the condition.,2025-11-10T00:49:58.000,,,,,,,nyc_opendata_311,2025-11-12 02:39:01.699840
66775086,2025-11-09T23:22:58.000,HPD,Department of Housing Preservation and Development,HEAT/HOT WATER,ENTIRE BUILDING,RESIDENTIAL BUILDING,10467,711 EAST  214 STREET,EAST  214 STREET,,,,,ADDRESS,BRONX,,Open,12 BRONX,2046620026,BRONX,1021758,259789,PHONE,Unspecified,BRONX,40.879655318452386,-73.86436362792456,"{'latitude': '40.879655318452386', 'longitude': '-73.86436362792456', 'human_address': '{""address"": """", ""city"": """", ""state"": """", ""zip"": """"}'}",,,"This complaint is a duplicate of a building-wide condition already reported by another tenant.  The original complaint is still open, and HPD may only need to confirm that the condition exists by inspecting one apartment.  If we cannot contact the tenant from the original complaint or get access to that apartment, HPD may attempt to contact the person who filed this complaint to verify the correction of the condition or may conduct an inspection of your unit. You can check HPDONLINE to see if a",2025-11-09T00:00:00.000,,,,,,,nyc_opendata_311,2025-11-12 02:39:01.699840
66774368,2025-11-09T23:22:50.000,NYPD,New York City Police Department,Panhandling,N/A,Subway,,,,,,,,,,,Closed,Unspecified MANHATTAN,,MANHATTAN,984089,201118,MOBILE,Unspecified,MANHATTAN,40.71869917797736,-74.00058080167918,"{'latitude': '40.71869917797736', 'longitude': '-74.00058080167918', 'human_address': '{""address"": """", ""city"": """", ""state"": """", ""zip"": """"}'}",,2025-11-10T00:08:06.000,The Police Department responded and upon arrival those responsible for the condition were gone.,2025-11-10T00:08:10.000,J,Mezzanine,,,,,nyc_opendata_311,2025-11-12 02:39:01.699840
66778864,2025-11-09T23:22:12.000,NYPD,New York City Police Department,Noise - Street/Sidewalk,Loud Talking,Street/Sidewalk,10033,1501 ST NICHOLAS AVENUE,ST NICHOLAS AVENUE,WEST  185 STREET,WEST  186 STREET,WEST  185 STREET,WEST  186 STREET,ADDRESS,NEW YORK,ST NICHOLAS AVENUE,Closed,12 MANHATTAN,1021660052,MANHATTAN,1003101,249655,ONLINE,Unspecified,MANHATTAN,40.85190014341715,-73.93185950877566,"{'latitude': '40.85190014341715', 'longitude': '-73.93185950877566', 'human_address': '{""address"": """", ""city"": """", ""state"": """", ""zip"": """"}'}",,2025-11-10T01:32:38.000,The Police Department responded to the complaint and with the information available observed no evidence of the violation at that time.,2025-11-10T01:32:45.000,,,,,,,nyc_opendata_311,2025-11-12 02:39:01.699840
66776154,2025-11-09T23:22:10.000,NYPD,New York City Police Department,Abandoned Vehicle,With License Plate,Street/Sidewalk,11423,88-10 189 STREET,189 STREET,HILLSIDE AVENUE,89 AVENUE,HILLSIDE AVENUE,89 AVENUE,ADDRESS,HOLLIS,189 STREET,Closed,12 QUEENS,,QUEENS,1047293,199898,ONLINE,Unspecified,QUEENS,40.71512595772454,-73.7725865935243,"{'latitude': '40.71512595772454', 'longitude': '-73.7725865935243', 'human_address': '{""address"": """", ""city"": """", ""state"": """", ""zip"": """"}'}",Car,2025-11-10T00:08:20.000,The Police Department responded to the complaint and determined that police action was not necessary.,2025-11-10T00:08:26.000,,,,,,,nyc_opendata_311,2025-11-12 02:39:01.699840
66779870,2025-11-09T23:21:51.000,NYPD,New York City Police Department,Noise - Street/Sidewalk,Loud Music/Party,Street/Sidewalk,10003,34 ST MARKS PLACE,ST MARKS PLACE,3 AVENUE,2 AVENUE,3 AVENUE,2 AVENUE,ADDRESS,NEW YORK,ST MARKS PLACE,Closed,03 MANHATTAN,1004630026,MANHATTAN,987546,204788,ONLINE,Unspecified,MANHATTAN,40.72877182623828,-73.98810800188751,"{'latitude': '40.72877182623828', 'longitude': '-73.98810800188751', 'human_address': '{""address"": """", ""city"": """", ""state"": """", ""zip"": """"}'}",,2025-11-10T01:12:34.000,The Police Department responded to the complaint and determined that police action was not necessary.,2025-11-10T01:12:44.000,,,,,,,nyc_opendata_311,2025-11-12 02:39:01.699840
66776739,2025-11-09T23:21:39.000,NYPD,New York City Police Department,Noise - Residential,Banging/Pounding,Residential Building/House,10467,3320 KOSSUTH AVENUE,KOSSUTH AVENUE,EAST  208 STREET,EAST  210 STREET,EAST  208 STREET,EAST  210 STREET,ADDRESS,BRONX,KOSSUTH AVENUE,Closed,07 BRONX,2033260064,BRONX,1016890,259709,ONLINE,Unspecified,BRONX,40.879455089466134,-73.88196764897191,"{'latitude': '40.879455089466134', 'longitude': '-73.88196764897191', 'human_address': '{""address"": """", ""city"": """", ""state"": """", ""zip"": """"}'}",,2025-11-09T23:52:16.000,The Police Department responded to the complaint and took action to fix the condition.,2025-11-09T23:52:21.000,,,,,,,nyc_opendata_311,2025-11-12 02:39:01.699840
66774214,2025-11-09T23:21:37.000,NYPD,New York City Police Department,Blocked Driveway,Partial Access,Street/Sidewalk,11223,2246 WEST    6 STREET,WEST    6 STREET,WOLF PLACE,AVENUE W,WOLF PLACE,AVENUE W,ADDRESS,BROOKLYN,WEST    6 STREET,In Progress,15 BROOKLYN,3071440024,BROOKLYN,990675,155353,ONLINE,Unspecified,BROOKLYN,40.59308197102982,-73.97686564693014,"{'latitude': '40.59308197102982', 'longitude': '-73.97686564693014', 'human_address': '{""address"": """", ""city"": """", ""state"": """", ""zip"": """"}'}",,,,,,,,,,,nyc_opendata_311,2025-11-12 02:39:01.699840
66779121,2025-11-09T23:21:25.000,DPR,Department of Parks and Recreation,Illegal Tree Damage,Bicycle Chained to Tree,Street,10451,835 COURTLANDT AVENUE,COURTLANDT AVENUE,EAST  159 STREET,EAST  160 STREET,EAST  159 STREET,EAST  160 STREET,ADDRESS,BRONX,COURTLANDT AVENUE,In Progress,03 BRONX,2024190018,BRONX,1007470,239385,MOBILE,Unspecified,BRONX,40.82370157704511,-73.91610249879368,"{'latitude': '40.82370157704511', 'longitude': '-73.91610249879368', 'human_address': '{""address"": """", ""city"": """", ""state"": """", ""zip"": """"}'}",,,,,,,,,,,nyc_opendata_311,2025-11-12 02:39:01.699840
66779372,2025-11-09T23:21:03.000,NYPD,New York City Police Department,Illegal Parking,License Plate Obscured,Street/Sidewalk,10309,555 JOHNSTON TERRACE,JOHNSTON TERRACE,BAYVIEW AVENUE,COMMODORE DRIVE,BAYVIEW AVENUE,COMMODORE DRIVE,ADDRESS,STATEN ISLAND,JOHNSTON TERRACE,Closed,03 STATEN ISLAND,,STATEN ISLAND,928373,126378,ONLINE,Unspecified,STATEN ISLAND,40.51337754043283,-74.20095536864437,"{'latitude': '40.51337754043283', 'longitude': '-74.20095536864437', 'human_address': '{""address"": """", ""city"": """", ""state"": """", ""zip"": """"}'}",,2025-11-09T23:50:52.000,The Police Department responded to the complaint and determined that police action was not necessary.,2025-11-09T23:50:56.000,,,,,,,nyc_opendata_311,2025-11-12 02:39:01.699840
66774870,2025-11-09T23:21:03.000,NYPD,New York City Police Department,Noise - Residential,Banging/Pounding,Residential Building/House,10457,1872 MONROE AVENUE,MONROE AVENUE,MOUNT HOPE PLACE,EAST TREMONT AVENUE,MOUNT HOPE PLACE,EAST TREMONT AVENUE,ADDRESS,BRONX,MONROE AVENUE,Closed,05 BRONX,2028040001,BRONX,1010260,248435,PHONE,Unspecified,BRONX,40.848533419181855,-73.90598670450618,"{'latitude': '40.848533419181855', 'longitude': '-73.90598670450618', 'human_address': '{""address"": """", ""city"": """", ""state"": """", ""zip"": """"}'}",,2025-11-10T01:15:52.000,The Police Department responded to the complaint and determined that police action was not necessary.,2025-11-10T01:15:59.000,,,,,,,nyc_opendata_311,2025-11-12 02:39:01.699840
66779861,2025-11-09T23:21:01.000,NYPD,New York City Police Department,Noise - Street/Sidewalk,Loud Music/Party,Street/Sidewalk,10462,780 PELHAM PARKWAY SOUTH,PELHAM PARKWAY SOUTH,WALLACE AVENUE,BARNES AVENUE,WALLACE AVENUE,BARNES AVENUE,ADDRESS,BRONX,PELHAM PARKWAY SOUTH,Closed,11 BRONX,2043210038,BRONX,1021752,251422,MOBILE,Unspecified,BRONX,40.856690505926935,-73.86443215118308,"{'latitude': '40.856690505926935', 'longitude': '-73.86443215118308', 'human_address': '{""address"": """", ""city"": """", ""state"": """", ""zip"": """"}'}",,2025-11-10T00:05:38.000,The Police Department responded to the complaint and took action to fix the condition.,2025-11-10T00:05:42.000,,,,,,,nyc_opendata_311,2025-11-12 02:39:01.699840
66779155,2025-11-09T23:20:24.000,NYPD,New York City Police Department,Illegal Parking,Blocked Hydrant,Street/Sidewalk,11385,61-15 PALMETTO STREET,PALMETTO STREET,FRESH POND ROAD,64 STREET,FRESH POND ROAD,64 STREET,ADDRESS,RIDGEWOOD,PALMETTO STREET,In Progress,05 QUEENS,4036120059,QUEENS,1012619,197416,MOBILE,Unspecified,QUEENS,40.708492593828595,-73.89767550481257,"{'latitude': '40.708492593828595', 'longitude': '-73.89767550481257', 'human_address': '{""address"": """", ""city"": """", ""state"": """", ""zip"": """"}'}",,,,,,,,,,,nyc_opendata_311,2025-11-12 02:39:01.699840
66775188,2025-11-09T23:20:22.000,NYPD,New York City Police Department,Blocked Driveway,No Access,Street/Sidewalk,11203,637 RUTLAND ROAD,RUTLAND ROAD,ALBANY AVENUE,TROY AVENUE,ALBANY AVENUE,TROY AVENUE,ADDRESS,BROOKLYN,RUTLAND ROAD,In Progress,09 BROOKLYN,3048057502,BROOKLYN,1001124,179780,MOBILE,Unspecified,BROOKLYN,40.6601152011002,-73.93918110944358,"{'latitude': '40.6601152011002', 'longitude': '-73.93918110944358', 'human_address': '{""address"": """", ""city"": """", ""state"": """", ""zip"": """"}'}",,,,,,,,,,,nyc_opendata_311,2025-11-12 02:39:01.699840
66774684,2025-11-09T23:20:17.000,NYPD,New York City Police Department,Illegal Parking,Double Parked Blocking Vehicle,Street/Sidewalk,10461,1938 PILGRIM AVENUE,PILGRIM AVENUE,ST THERESA AVENUE,SANTO DONATO PLACE,ST THERESA AVENUE,SANTO DONATO PLACE,ADDRESS,BRONX,PILGRIM AVENUE,Closed,10 BRONX,2042330013,BRONX,1030456,249187,ONLINE,Unspecified,BRONX,40.850514844035345,-73.83298310143499,"{'latitude': '40.850514844035345', 'longitude': '-73.83298310143499', 'human_address': '{""address"": """", ""city"": """", ""state"": """", ""zip"": """"}'}",Car,2025-11-10T00:18:34.000,The Police Department issued a summons in response to the complaint.,2025-11-10T00:18:37.000,,,,,,,nyc_opendata_311,2025-11-12 02:39:01.699840
66776472,2025-11-09T23:20:00.000,DEP,Department of Environmental Protection,Water System,Dirty Water (WE),,11229,2229 KNAPP STREET,KNAPP STREET,AVENUE V,WHITNEY AVE,,,ADDRESS,BROOKLYN,,Open,15 BROOKLYN,3088210001,BROOKLYN,1002643,157408,ONLINE,Unspecified,BROOKLYN,40.59870577457519,-73.93376715471487,"{'latitude': '40.59870577457519', 'longitude': '-73.93376715471487', 'human_address': '{""address"": """", ""city"": """", ""state"": """", ""zip"": """"}'}",,,,,,,,,,,nyc_opendata_311,2025-11-12 02:39:01.699840
66778995,2025-11-09T23:19:57.000,HPD,Department of Housing Preservation and Development,PLUMBING,RADIATOR,RESIDENTIAL BUILDING,11229,4082 BEDFORD AVENUE,BEDFORD AVENUE,,,,,ADDRESS,BROOKLYN,,Open,15 BROOKLYN,3073030041,BROOKLYN,998920,158860,PHONE,Unspecified,BROOKLYN,40.602698163945504,-73.9471704503066,"{'latitude': '40.602698163945504', 'longitude': '-73.9471704503066', 'human_address': '{""address"": """", ""city"": """", ""state"": """", ""zip"": """"}'}",,,The following complaint conditions are still open. HPD has already attempted to notify the property owner that the condition exists; the tenant should provide access for the owner to make the repair.  HPD may attempt to contact the tenant by phone to verify the correction of the condition or an HPD Inspector may attempt to conduct an inspection.,2025-11-09T00:00:00.000,,,,,,,nyc_opendata_311,2025-11-12 02:39:01.699840
66777935,2025-11-09T23:19:53.000,HPD,Department of Housing Preservation and Development,HEAT/HOT WATER,ENTIRE BUILDING,RESIDENTIAL BUILDING,11229,2129 KNAPP STREET,KNAPP STREET,,,,,ADDRESS,BROOKLYN,,Open,15 BROOKLYN,3088220002,BROOKLYN,1002543,158039,PHONE,Unspecified,BROOKLYN,40.60043794827397,-73.93412554394513,"{'latitude': '40.60043794827397', 'longitude': '-73.93412554394513', 'human_address': '{""address"": """", ""city"": """", ""state"": """", ""zip"": """"}'}",,,The following complaint conditions are still open. HPD has already attempted to notify the property owner that the condition exists; the tenant should provide access for the owner to make the repair.  HPD may attempt to contact the tenant by phone to verify the correction of the condition or an HPD Inspector may attempt to conduct an inspection.,2025-11-09T00:00:00.000,,,,,,,nyc_opendata_311,2025-11-12 02:39:01.699840
66773020,2025-11-09T23:19:45.000,NYPD,New York City Police Department,Noise - Street/Sidewalk,Loud Talking,Street/Sidewalk,10026,143 WEST  116 STREET,WEST  116 STREET,LENOX AVENUE,ADAM CLAYTON POWELL JR BOULEVARD,LENOX AVENUE,ADAM CLAYTON POWELL JR BOULEVARD,ADDRESS,NEW YORK,WEST  116 STREET,Closed,10 MANHATTAN,1019010009,MANHATTAN,997830,231677,PHONE,Unspecified,MANHATTAN,40.802565351023446,-73.95094891565394,"{'latitude': '40.802565351023446', 'longitude': '-73.95094891565394', 'human_address': '{""address"": """", ""city"": """", ""state"": """", ""zip"": """"}'}",,2025-11-10T00:36:35.000,The Police Department responded to the complaint and with the information available observed no evidence of the violation at that time.,2025-11-10T00:36:38.000,,,,,,,nyc_opendata_311,2025-11-12 02:39:01.699840
66774637,2025-11-09T23:19:35.000,NYPD,New York City Police Department,Illegal Parking,Commercial Overnight Parking,Street/Sidewalk,11418,111-02 85 AVENUE,85 AVENUE,MYRTLE AVENUE,112 STREET,MYRTLE AVENUE,112 STREET,ADDRESS,RICHMOND HILL,85 AVENUE,Closed,09 QUEENS,4092170070,QUEENS,1028901,194710,ONLINE,Unspecified,QUEENS,40.70099808867104,-73.83896580967702,"{'latitude': '40.70099808867104', 'longitude': '-73.83896580967702', 'human_address': '{""address"": """", ""city"": """", ""state"": """", ""zip"": """"}'}",,2025-11-10T01:03:56.000,The Police Department responded to the complaint and determined that police action was not necessary.,2025-11-10T01:04:04.000,,,,,,,nyc_opendata_311,2025-11-12 02:39:01.699840
66773924,2025-11-09T23:19:29.000,NYPD,New York City Police Department,Noise - Residential,Loud Music/Party,Residential Building/House,11221,1126 BUSHWICK AVENUE,BUSHWICK AVENUE,MADISON STREET,PUTNAM AVENUE,MADISON STREET,PUTNAM AVENUE,ADDRESS,BROOKLYN,BUSHWICK AVENUE,Closed,04 BROOKLYN,3033660035,BROOKLYN,1006923,190508,ONLINE,Unspecified,BROOKLYN,40.68954818326782,-73.91824371898736,"{'latitude': '40.68954818326782', 'longitude': '-73.91824371898736', 'human_address': '{""address"": """", ""city"": """", ""state"": """", ""zip"": """"}'}",,2025-11-10T01:05:06.000,The Police Department responded to the complaint and with the information available observed no evidence of the violation at that time.,2025-11-10T01:05:14.000,,,,,,,nyc_opendata_311,2025-11-12 02:39:01.699840
66775280,2025-11-09T23:19:24.000,NYPD,New York City Police Department,Non-Emergency Police Matter,Trespassing,Residential Building/House,10455,422 EAST  148 STREET,EAST  148 STREET,BERGEN AVENUE,BROOK AVENUE,BERGEN AVENUE,BROOK AVENUE,ADDRESS,BRONX,EAST  148 STREET,In Progress,01 BRONX,2022920024,BRONX,1007194,236170,ONLINE,Unspecified,BRONX,40.814878032618935,-73.917110721448,"{'latitude': '40.814878032618935', 'longitude': '-73.917110721448', 'human_address': '{""address"": """", ""city"": """", ""state"": """", ""zip"": """"}'}",,,,,,,,,,,nyc_opendata_311,2025-11-12 02:39:01.699840
66773887,2025-11-09T23:19:19.000,NYPD,New York City Police Department,Noise - Residential,Loud Music/Party,Residential Building/House,11210,867 EAST   34 STREET,EAST   34 STREET,FARRAGUT ROAD,GLENWOOD ROAD,FARRAGUT ROAD,GLENWOOD ROAD,ADDRESS,BROOKLYN,EAST   34 STREET,Closed,17 BROOKLYN,3050090018,BROOKLYN,999793,170686,ONLINE,Unspecified,BROOKLYN,40.63515658057204,-73.94399938056817,"{'latitude': '40.63515658057204', 'longitude': '-73.94399938056817', 'human_address': '{""address"": """", ""city"": """", ""state"": """", ""zip"": """"}'}",,2025-11-10T00:09:54.000,The Police Department responded to the complaint and with the information available observed no evidence of the violation at that time.,2025-11-10T00:09:57.000,,,,,,,nyc_opendata_311,2025-11-12 02:39:01.699840
66780167,2025-11-09T23:19:05.000,NYPD,New York City Police Department,Illegal Parking,Double Parked Blocking Traffic,Street/Sidewalk,11213,1588 CARROLL STREET,CARROLL STREET,TROY AVENUE,SCHENECTADY AVENUE,TROY AVENUE,SCHENECTADY AVENUE,ADDRESS,BROOKLYN,CARROLL STREET,In Progress,09 BROOKLYN,3014130028,BROOKLYN,1002226,182044,MOBILE,Unspecified,BROOKLYN,40.66632720974833,-73.93520314051068,"{'latitude': '40.66632720974833', 'longitude': '-73.93520314051068', 'human_address': '{""address"": """", ""city"": """", ""state"": """", ""zip"": """"}'}",Car,,,,,,,,,,nyc_opendata_311,2025-11-12 02:39:01.699840
66775332,2025-11-09T23:18:28.000,NYPD,New York City Police Department,Encampment,N/A,Park/Playground,10065,504 EAST   63 STREET,EAST   63 STREET,YORK AVENUE,EAST   63 STREET PEDESTRIAN OVPS,YORK AVENUE,EAST   63 STREET PEDESTRIAN OVPS,ADDRESS,NEW YORK,EAST   63 STREET,Closed,08 MANHATTAN,1014750005,MANHATTAN,995961,216570,MOBILE,N/A,MANHATTAN,40.76110332422125,-73.9577260931632,"{'latitude': '40.76110332422125', 'longitude': '-73.9577260931632', 'human_address': '{""address"": """", ""city"": """", ""state"": """", ""zip"": """"}'}",,2025-11-10T01:36:18.000,The Police Department visited the location and no Encampment was found.,2025-11-10T01:36:21.000,,,,,,,nyc_opendata_311,2025-11-12 02:39:01.699840
66776620,2025-11-09T23:18:10.000,NYPD,New York City Police Department,Illegal Parking,Double Parked Blocking Vehicle,Street/Sidewalk,10039,2738 8 AVENUE,8 AVENUE,WEST  145 STREET,WEST  146 STREET,WEST  145 STREET,WEST  146 STREET,ADDRESS,NEW YORK,8 AVENUE,Closed,10 MANHATTAN,1020310003,MANHATTAN,1000391,239175,PHONE,Unspecified,MANHATTAN,40.823140959256094,-73.9416805318202,"{'latitude': '40.823140959256094', 'longitude': '-73.9416805318202', 'human_address': '{""address"": """", ""city"": """", ""state"": """", ""zip"": """"}'}",Other,2025-11-10T01:06:30.000,The Police Department responded to the complaint and took action to fix the condition.,2025-11-10T01:06:38.000,,,,,,,nyc_opendata_311,2025-11-12 02:39:01.699840
66776752,2025-11-09T23:17:58.000,NYPD,New York City Police Department,Noise - Residential,Banging/Pounding,Residential Building/House,11237,1507 GATES AVENUE,GATES AVENUE,IRVING AVENUE,MYRTLE AVENUE,IRVING AVENUE,MYRTLE AVENUE,ADDRESS,BROOKLYN,GATES AVENUE,Closed,04 BROOKLYN,3033360028,BROOKLYN,1008353,193831,ONLINE,Unspecified,BROOKLYN,40.69866526530284,-73.91307541319335,"{'latitude': '40.69866526530284', 'longitude': '-73.91307541319335', 'human_address': '{""address"": """", ""city"": """", ""state"": """", ""zip"": """"}'}",,2025-11-10T01:03:42.000,The Police Department responded to the complaint and with the information available observed no evidence of the violation at that time.,2025-11-10T01:03:48.000,,,,,,,nyc_opendata_311,2025-11-12 02:39:01.699840
66773418,2025-11-09T23:17:57.000,DHS,Department of Homeless Services,Homeless Person Assistance,Non-Chronic,Store/Commercial,10169,230 PARK AVENUE,PARK AVENUE,EAST 45 STREET,EAST 46 STREET,EAST   45 STREET,EAST   46 STREET,ADDRESS,NEW YORK,PARK AVENUE,Assigned,05 MANHATTAN,1013000001,MANHATTAN,990913,214165,MOBILE,Unspecified,MANHATTAN,40.75450745921105,-73.97595054706579,"{'latitude': '40.75450745921105', 'longitude': '-73.97595054706579', 'human_address': '{""address"": """", ""city"": """", ""state"": """", ""zip"": """"}'}",,,The Department of Homeless Services has sent a mobile outreach response team to the location.,2025-11-09T23:34:35.000,,,,,,,nyc_opendata_311,2025-11-12 02:39:01.699840
66775791,2025-11-09T23:17:54.000,NYPD,New York City Police Department,Noise - Commercial,Loud Music/Party,Store/Commercial,11221,664 KNICKERBOCKER AVENUE,KNICKERBOCKER AVENUE,PUTNAM AVENUE,CORNELIA STREET,PUTNAM AVENUE,CORNELIA STREET,ADDRESS,BROOKLYN,KNICKERBOCKER AVENUE,Closed,04 BROOKLYN,3033770035,BROOKLYN,1008743,192495,MOBILE,Unspecified,BROOKLYN,40.69499718703465,-73.9116737840018,"{'latitude': '40.69499718703465', 'longitude': '-73.9116737840018', 'human_address': '{""address"": """", ""city"": """", ""state"": """", ""zip"": """"}'}",,2025-11-10T01:05:44.000,The Police Department responded to the complaint and determined that police action was not necessary.,2025-11-10T01:05:53.000,,,,,,,nyc_opendata_311,2025-11-12 02:39:01.699840
66779363,2025-11-09T23:17:40.000,DOHMH,Department of Health and Mental Hygiene,Pet Sale,Animals Sold From Residence,Private Residence,11206,130 HUMBOLDT STREET,HUMBOLDT STREET,BORINQUEN PLZ II PEDESTRIAN PATH,BOERUM STREET,BORINQUEN PLZ II PEDESTRIAN PATH,BOERUM STREET,ADDRESS,BROOKLYN,HUMBOLDT STREET,In Progress,01 BROOKLYN,3030810001,BROOKLYN,1000550,196386,ONLINE,Unspecified,BROOKLYN,40.7056959524984,-73.94120980488535,"{'latitude': '40.7056959524984', 'longitude': '-73.94120980488535', 'human_address': '{""address"": """", ""city"": """", ""state"": """", ""zip"": """"}'}",,,,,,,,,,,nyc_opendata_311,2025-11-12 02:39:01.699840
66774834,2025-11-09T23:17:33.000,NYPD,New York City Police Department,Noise - Residential,Banging/Pounding,Residential Building/House,10031,853 ST NICHOLAS AVENUE,ST NICHOLAS AVENUE,WEST  152 STREET,WEST  153 STREET,WEST  152 STREET,WEST  153 STREET,ADDRESS,NEW YORK,ST NICHOLAS AVENUE,Closed,09 MANHATTAN,1020670044,MANHATTAN,1000294,241406,ONLINE,Unspecified,MANHATTAN,40.82926459434787,-73.94202567002712,"{'latitude': '40.82926459434787', 'longitude': '-73.94202567002712', 'human_address': '{""address"": """", ""city"": """", ""state"": """", ""zip"": """"}'}",,2025-11-10T00:14:29.000,The Police Department responded to the complaint but officers were unable to gain entry into the premises.,2025-11-10T00:14:32.000,,,,,,,nyc_opendata_311,2025-11-12 02:39:01.699840
66777091,2025-11-09T23:17:20.000,NYPD,New York City Police Department,Drug Activity,Use Indoor,Hallway,10452,15 EAST CLARKE PLACE,EAST CLARKE PLACE,JEROME AVENUE,WALTON AVENUE,JEROME AVENUE,WALTON AVENUE,ADDRESS,BRONX,EAST CLARKE PLACE,Closed,04 BRONX,2028400038,BRONX,1006864,244631,PHONE,Unspecified,BRONX,40.83810190786086,-73.91827438644238,"{'latitude': '40.83810190786086', 'longitude': '-73.91827438644238', 'human_address': '{""address"": """", ""city"": """", ""state"": """", ""zip"": """"}'}",,2025-11-10T01:22:21.000,The Police Department responded to the complaint and with the information available observed no evidence of the violation at that time.,2025-11-10T01:23:00.000,,,,,,,nyc_opendata_311,2025-11-12 02:39:01.699840
66776258,2025-11-09T23:17:17.000,NYPD,New York City Police Department,Noise - Residential,Loud Music/Party,Residential Building/House,11213,341 NEW YORK AVENUE,NEW YORK AVENUE,PRESIDENT STREET,CARROLL STREET,PRESIDENT STREET,CARROLL STREET,ADDRESS,BROOKLYN,NEW YORK AVENUE,In Progress,09 BROOKLYN,3012840008,BROOKLYN,998700,182530,ONLINE,Unspecified,BROOKLYN,40.66766762826478,-73.94791202682953,"{'latitude': '40.66766762826478', 'longitude': '-73.94791202682953', 'human_address': '{""address"": """", ""city"": """", ""state"": """", ""zip"": """"}'}",,,,,,,,,,,nyc_opendata_311,2025-11-12 02:39:01.699840
66774756,2025-11-09T23:17:07.000,NYPD,New York City Police Department,Blocked Driveway,No Access,Street/Sidewalk,11375,102-33 66 AVENUE,66 AVENUE,102 STREET,103 STREET,102 STREET,103 STREET,ADDRESS,FOREST HILLS,66 AVENUE,Closed,06 QUEENS,4021300046,QUEENS,1025298,205059,ONLINE,Unspecified,QUEENS,40.72942102471023,-73.85189692804805,"{'latitude': '40.72942102471023', 'longitude': '-73.85189692804805', 'human_address': '{""address"": """", ""city"": """", ""state"": """", ""zip"": """"}'}",,2025-11-10T00:28:19.000,The Police Department responded to the complaint and took action to fix the condition.,2025-11-10T00:28:22.000,,,,,,,nyc_opendata_311,2025-11-12 02:39:01.699840
66777813,2025-11-09T23:17:03.000,NYPD,New York City Police Department,Noise - Street/Sidewalk,Loud Music/Party,Street/Sidewalk,11210,867 EAST   34 STREET,EAST   34 STREET,FARRAGUT ROAD,GLENWOOD ROAD,FARRAGUT ROAD,GLENWOOD ROAD,ADDRESS,BROOKLYN,EAST   34 STREET,Closed,17 BROOKLYN,3050090018,BROOKLYN,999793,170686,ONLINE,Unspecified,BROOKLYN,40.63515658057204,-73.94399938056817,"{'latitude': '40.63515658057204', 'longitude': '-73.94399938056817', 'human_address': '{""address"": """", ""city"": """", ""state"": """", ""zip"": """"}'}",,2025-11-10T00:09:44.000,The Police Department responded to the complaint and with the information available observed no evidence of the violation at that time.,2025-11-10T00:09:47.000,,,,,,,nyc_opendata_311,2025-11-12 02:39:01.699840
66777190,2025-11-09T23:16:58.000,NYPD,New York City Police Department,Noise - Commercial,Loud Music/Party,Store/Commercial,11235,153 WEST END AVENUE,WEST END AVENUE,NEPTUNE COURT,SEA BREEZE COURT,NEPTUNE COURT,SEA BREEZE COURT,ADDRESS,BROOKLYN,WEST END AVENUE,In Progress,15 BROOKLYN,3087320021,BROOKLYN,997284,149842,PHONE,Unspecified,BROOKLYN,40.577948119033366,-73.95307940148139,"{'latitude': '40.577948119033366', 'longitude': '-73.95307940148139', 'human_address': '{""address"": """", ""city"": """", ""state"": """", ""zip"": """"}'}",,,,,,,,,,,nyc_opendata_311,2025-11-12 02:39:01.699840
66773274,2025-11-09T23:16:40.000,DOHMH,Department of Health and Mental Hygiene,Food Poisoning,1 or 2,Restaurant/Bar/Deli/Bakery,10012,301 ELIZABETH STREET,ELIZABETH STREET,MOTT STREET,ELIZABETH STREET,MOTT STREET,ELIZABETH STREET,ADDRESS,NEW YORK,ELIZABETH STREET,In Progress,02 MANHATTAN,1005210045,MANHATTAN,986039,203293,ONLINE,Unspecified,MANHATTAN,40.724668848267584,-73.99354566906585,"{'latitude': '40.724668848267584', 'longitude': '-73.99354566906585', 'human_address': '{""address"": """", ""city"": """", ""state"": """", ""zip"": """"}'}",,,,,,,,,,,nyc_opendata_311,2025-11-12 02:39:01.699840
66779795,2025-11-09T23:16:37.000,NYPD,New York City Police Department,Noise - Residential,Loud Music/Party,Residential Building/House,11374,99-60 64 AVENUE,64 AVENUE,99 STREET,102 STREET,99 STREET,102 STREET,ADDRESS,REGO PARK,64 AVENUE,Closed,06 QUEENS,4021130034,QUEENS,1024608,205818,ONLINE,Unspecified,QUEENS,40.731507466162846,-73.85438192277974,"{'latitude': '40.731507466162846', 'longitude': '-73.85438192277974', 'human_address': '{""address"": """", ""city"": """", ""state"": """", ""zip"": """"}'}",,2025-11-10T01:16:03.000,The Police Department responded to the complaint but officers were unable to gain entry into the premises.,2025-11-10T01:16:09.000,,,,,,,nyc_opendata_311,2025-11-12 02:39:01.699840
66779193,2025-11-09T23:16:34.000,NYPD,New York City Police Department,Noise - Residential,Loud Music/Party,Residential Building/House,11368,53-10 105 STREET,105 STREET,DEAD END,MARTENSE AVENUE,DEAD END,MARTENSE AVENUE,ADDRESS,CORONA,105 STREET,In Progress,04 QUEENS,4019440062,QUEENS,1024236,209546,ONLINE,Unspecified,QUEENS,40.74174158050324,-73.85570199742625,"{'latitude': '40.74174158050324', 'longitude': '-73.85570199742625', 'human_address': '{""address"": """", ""city"": """", ""state"": """", ""zip"": """"}'}",,,,,,,,,,,nyc_opendata_311,2025-11-12 02:39:01.699840
66775433,2025-11-09T23:16:24.000,DOHMH,Department of Health and Mental Hygiene,Rodent,Rat Sighting,1-2 Family Dwelling,11372,35-63 80 STREET,80 STREET,35 AVENUE,37 AVENUE,35 AVENUE,37 AVENUE,ADDRESS,JACKSON HEIGHTS,80 STREET,In Progress,03 QUEENS,4012800038,QUEENS,1015708,212982,PHONE,Unspecified,QUEENS,40.75120697704298,-73.8864609920949,"{'latitude': '40.75120697704298', 'longitude': '-73.8864609920949', 'human_address': '{""address"": """", ""city"": """", ""state"": """", ""zip"": """"}'}",,,,,,,,,,,nyc_opendata_311,2025-11-12 02:39:01.699840
66777178,2025-11-09T23:16:02.000,NYPD,New York City Police Department,Illegal Parking,Commercial Overnight Parking,Street/Sidewalk,11228,1367 77 STREET,77 STREET,13 AVENUE,14 AVENUE,13 AVENUE,14 AVENUE,ADDRESS,BROOKLYN,77 STREET,In Progress,10 BROOKLYN,3062330049,BROOKLYN,982234,164549,ONLINE,Unspecified,BROOKLYN,40.61832521264535,-74.0072617109669,"{'latitude': '40.61832521264535', 'longitude': '-74.0072617109669', 'human_address': '{""address"": """", ""city"": """", ""state"": """", ""zip"": """"}'}",,,Your complaint has been received by the Police Department and additional information will be available later.,2025-11-09T23:20:25.000,,,,,,,nyc_opendata_311,2025-11-12 02:39:01.699840
66779064,2025-11-09T23:15:59.000,NYPD,New York City Police Department,Drug Activity,Use Outside,Street/Sidewalk,10452,15 EAST CLARKE PLACE,EAST CLARKE PLACE,JEROME AVENUE,WALTON AVENUE,JEROME AVENUE,WALTON AVENUE,ADDRESS,BRONX,EAST CLARKE PLACE,Closed,04 BRONX,2028400038,BRONX,1006864,244631,PHONE,Unspecified,BRONX,40.83810190786086,-73.91827438644238,"{'latitude': '40.83810190786086', 'longitude': '-73.91827438644238', 'human_address': '{""address"": """", ""city"": """", ""state"": """", ""zip"": """"}'}",,2025-11-10T01:26:52.000,The Police Department responded to the complaint and with the information available observed no evidence of the violation at that time.,2025-11-10T01:26:57.000,,,,,,,nyc_opendata_311,2025-11-12 02:39:01.699840
66779524,2025-11-09T23:15:58.000,NYPD,New York City Police Department,Illegal Parking,Commercial Overnight Parking,Street/Sidewalk,11201,76 CONGRESS STREET,CONGRESS STREET,COLUMBIA STREET,HICKS STREET,COLUMBIA STREET,HICKS STREET,ADDRESS,BROOKLYN,CONGRESS STREET,Closed,06 BROOKLYN,3002997505,BROOKLYN,984271,190478,MOBILE,Unspecified,BROOKLYN,40.68949488142223,-73.99992427643984,"{'latitude': '40.68949488142223', 'longitude': '-73.99992427643984', 'human_address': '{""address"": """", ""city"": """", ""state"": """", ""zip"": """"}'}",,2025-11-10T00:03:17.000,The Police Department issued a summons in response to the complaint.,2025-11-10T00:03:25.000,,,,,,,nyc_opendata_311,2025-11-12 02:39:01.699840
66779825,2025-11-09T23:15:49.000,NYPD,New York City Police Department,Noise - Residential,Loud Music/Party,Residential Building/House,10030,211 EDGECOMBE AVENUE,EDGECOMBE AVENUE,WEST  142 STREET,WEST  145 STREET,WEST  142 STREET,WEST  145 STREET,ADDRESS,NEW YORK,EDGECOMBE AVENUE,Closed,09 MANHATTAN,1020510066,MANHATTAN,999671,239033,PHONE,Unspecified,MANHATTAN,40.82275249590342,-73.94428230822813,"{'latitude': '40.82275249590342', 'longitude': '-73.94428230822813', 'human_address': '{""address"": """", ""city"": """", ""state"": """", ""zip"": """"}'}",,2025-11-10T00:35:26.000,The Police Department responded to the complaint and with the information available observed no evidence of the violation at that time.,2025-11-10T00:35:32.000,,,,,,,nyc_opendata_311,2025-11-12 02:39:01.699840
66777798,2025-11-09T23:15:26.000,NYPD,New York City Police Department,Noise - Residential,Loud Talking,Residential Building/House,10467,659 EAST  222 STREET,EAST  222 STREET,CARPENTER AVENUE,WHITE PLAINS ROAD,CARPENTER AVENUE,WHITE PLAINS ROAD,ADDRESS,BRONX,EAST  222 STREET,Closed,12 BRONX,2048240025,BRONX,1022082,262171,ONLINE,Unspecified,BRONX,40.88619177427693,-73.86317852732898,"{'latitude': '40.88619177427693', 'longitude': '-73.86317852732898', 'human_address': '{""address"": """", ""city"": """", ""state"": """", ""zip"": """"}'}",,2025-11-10T00:14:12.000,The Police Department responded to the complaint and took action to fix the condition.,2025-11-10T00:14:16.000,,,,,,,nyc_opendata_311,2025-11-12 02:39:01.699840
66780108,2025-11-09T23:15:19.000,NYPD,New York City Police Department,Blocked Driveway,Partial Access,Street/Sidewalk,10459,1381 INTERVALE AVENUE,INTERVALE AVENUE,,JENNINGS STREET,,JENNINGS STREET,ADDRESS,BRONX,INTERVALE AVENUE,In Progress,03 BRONX,2029650206,BRONX,1013925,242481,MOBILE,Unspecified,BRONX,40.83217987916955,-73.892765898335,"{'latitude': '40.83217987916955', 'longitude': '-73.892765898335', 'human_address': '{""address"": """", ""city"": """", ""state"": """", ""zip"": """"}'}",,,,,,,,,,,nyc_opendata_311,2025-11-12 02:39:01.699840
66773685,2025-11-09T23:15:04.000,NYPD,New York City Police Department,Illegal Parking,Double Parked Blocking Traffic,Street/Sidewalk,10039,2737 FREDERICK DOUGLASS BOULEVARD,FREDERICK DOUGLASS BOULEVARD,WEST  145 STREET,WEST  146 STREET,WEST  145 STREET,WEST  146 STREET,ADDRESS,NEW YORK,8 AVENUE,Closed,10 MANHATTAN,1020450014,MANHATTAN,1000422,239245,MOBILE,Unspecified,MANHATTAN,40.82333303267324,-73.94156835623546,"{'latitude': '40.82333303267324', 'longitude': '-73.94156835623546', 'human_address': '{""address"": """", ""city"": """", ""state"": """", ""zip"": """"}'}",Car,2025-11-10T01:06:16.000,The Police Department responded to the complaint and took action to fix the condition.,2025-11-10T01:06:23.000,,,,,,,nyc_opendata_311,2025-11-12 02:39:01.699840
66772779,2025-11-09T23:14:56.000,NYPD,New York City Police Department,Blocked Driveway,No Access,Street/Sidewalk,11201,30 DEKALB AVENUE,DEKALB AVENUE,BOND STREET,UNIVERSITY PLAZA,BOND STREET,UNIVERSITY PLAZA,ADDRESS,BROOKLYN,DEKALB AVENUE,Closed,02 BROOKLYN,3001490014,BROOKLYN,989258,190642,MOBILE,Unspecified,BROOKLYN,40.6899436068452,-73.98194161218774,"{'latitude': '40.6899436068452', 'longitude': '-73.98194161218774', 'human_address': '{""address"": """", ""city"": """", ""state"": """", ""zip"": """"}'}",,2025-11-10T00:06:56.000,The Police Department responded and upon arrival those responsible for the condition were gone.,2025-11-10T00:07:01.000,,,,,,,nyc_opendata_311,2025-11-12 02:39:01.699840
66777808,2025-11-09T23:14:52.000,NYPD,New York City Police Department,Noise - Street/Sidewalk,Loud Music/Party,Street/Sidewalk,10453,2050 DAVIDSON AVENUE,DAVIDSON AVENUE,WEST BURNSIDE AVENUE,WEST  180 STREET,WEST BURNSIDE AVENUE,WEST  180 STREET,ADDRESS,BRONX,DAVIDSON AVENUE,Closed,05 BRONX,2031920001,BRONX,1009618,250434,ONLINE,Unspecified,BRONX,40.85402194632436,-73.90829965166698,"{'latitude': '40.85402194632436', 'longitude': '-73.90829965166698', 'human_address': '{""address"": """", ""city"": """", ""state"": """", ""zip"": """"}'}",,2025-11-10T01:14:49.000,The Police Department responded to the complaint and took action to fix the condition.,2025-11-10T01:14:54.000,,,,,,,nyc_opendata_311,2025-11-12 02:39:01.699840
66776535,2025-11-09T23:14:17.000,NYPD,New York City Police Department,Illegal Parking,Blocked Hydrant,Street/Sidewalk,10465,3063 DEWEY AVENUE,DEWEY AVENUE,LOGAN AVENUE,HOLLYWOOD AVENUE,LOGAN AVENUE,HOLLYWOOD AVENUE,ADDRESS,BRONX,DEWEY AVENUE,Closed,10 BRONX,,BRONX,1034895,239194,ONLINE,Unspecified,BRONX,40.823062667588495,-73.81701332502092,"{'latitude': '40.823062667588495', 'longitude': '-73.81701332502092', 'human_address': '{""address"": """", ""city"": """", ""state"": """", ""zip"": """"}'}",,2025-11-09T23:39:01.000,The Police Department issued a summons in response to the complaint.,2025-11-09T23:39:06.000,,,,,,,nyc_opendata_311,2025-11-12 02:39:01.699840
66776256,2025-11-09T23:14:04.000,NYPD,New York City Police Department,Noise - Residential,Banging/Pounding,Residential Building/House,11225,415 LEFFERTS AVENUE,LEFFERTS AVENUE,NEW YORK AVENUE,BROOKLYN AVENUE,NEW YORK AVENUE,BROOKLYN AVENUE,ADDRESS,BROOKLYN,LEFFERTS AVENUE,In Progress,09 BROOKLYN,3013220046,BROOKLYN,998864,180676,PHONE,Unspecified,BROOKLYN,40.66257854139589,-73.94732487429349,"{'latitude': '40.66257854139589', 'longitude': '-73.94732487429349', 'human_address': '{""address"": """", ""city"": """", ""state"": """", ""zip"": """"}'}",,,,,,,,,,,nyc_opendata_311,2025-11-12 02:39:01.699840
66779183,2025-11-09T23:14:01.000,NYPD,New York City Police Department,Noise - Commercial,Loud Music/Party,Club/Bar/Restaurant,11377,41-21 58 STREET,58 STREET,41 DRIVE,43 AVENUE,41 DRIVE,43 AVENUE,ADDRESS,WOODSIDE,58 STREET,In Progress,02 QUEENS,4013320049,QUEENS,1010031,210344,PHONE,Unspecified,QUEENS,40.74398470840349,-73.90696065937668,"{'latitude': '40.74398470840349', 'longitude': '-73.90696065937668', 'human_address': '{""address"": """", ""city"": """", ""state"": """", ""zip"": """"}'}",,,,,,,,,,,nyc_opendata_311,2025-11-12 02:39:01.699840
66775261,2025-11-09T23:14:01.000,NYPD,New York City Police Department,Noise - Residential,Banging/Pounding,Residential Building/House,11354,136-43 37 AVENUE,37 AVENUE,138 STREET,UNION STREET,138 STREET,UNION STREET,ADDRESS,FLUSHING,37 AVENUE,In Progress,07 QUEENS,4049770090,QUEENS,1031526,216932,ONLINE,Unspecified,QUEENS,40.761978277332226,-73.82934261293097,"{'latitude': '40.761978277332226', 'longitude': '-73.82934261293097', 'human_address': '{""address"": """", ""city"": """", ""state"": """", ""zip"": """"}'}",,,,,,,,,,,nyc_opendata_311,2025-11-12 02:39:01.699840
66774130,2025-11-09T23:13:57.000,HPD,Department of Housing Preservation and Development,UNSANITARY CONDITION,GARBAGE/RECYCLING STORAGE,RESIDENTIAL BUILDING,10033,510 WEST  184 STREET,WEST  184 STREET,,,,,ADDRESS,NEW YORK,,Open,12 MANHATTAN,1021550083,MANHATTAN,1003586,249002,ONLINE,Unspecified,MANHATTAN,40.85010680368162,-73.93010826893078,"{'latitude': '40.85010680368162', 'longitude': '-73.93010826893078', 'human_address': '{""address"": """", ""city"": """", ""state"": """", ""zip"": """"}'}",,,The following complaint conditions are still open. HPD has already attempted to notify the property owner that the condition exists; the tenant should provide access for the owner to make the repair.  HPD may attempt to contact the tenant by phone to verify the correction of the condition or an HPD Inspector may attempt to conduct an inspection.,2025-11-09T00:00:00.000,,,,,,,nyc_opendata_311,2025-11-12 02:39:01.699840
66778182,2025-11-09T23:13:53.000,NYPD,New York City Police Department,Noise - Street/Sidewalk,Loud Talking,Street/Sidewalk,11237,199 STOCKHOLM STREET,STOCKHOLM STREET,WILSON AVENUE,KNICKERBOCKER AVENUE,WILSON AVENUE,KNICKERBOCKER AVENUE,ADDRESS,BROOKLYN,STOCKHOLM STREET,In Progress,04 BROOKLYN,3032460036,BROOKLYN,1005849,194391,MOBILE,Unspecified,BROOKLYN,40.70020879980634,-73.92210398877226,"{'latitude': '40.70020879980634', 'longitude': '-73.92210398877226', 'human_address': '{""address"": """", ""city"": """", ""state"": """", ""zip"": """"}'}",,,,,,,,,,,nyc_opendata_311,2025-11-12 02:39:01.699840
66776809,2025-11-09T23:13:17.000,NYPD,New York City Police Department,Noise - Residential,Loud Music/Party,Residential Building/House,11236,639 REMSEN AVENUE,REMSEN AVENUE,CHURCH AVENUE,AVENUE A,CHURCH AVENUE,AVENUE A,ADDRESS,BROOKLYN,REMSEN AVENUE,Closed,17 BROOKLYN,3047110008,BROOKLYN,1006866,176642,ONLINE,Unspecified,BROOKLYN,40.65148927744981,-73.91849577585931,"{'latitude': '40.65148927744981', 'longitude': '-73.91849577585931', 'human_address': '{""address"": """", ""city"": """", ""state"": """", ""zip"": """"}'}",,2025-11-09T23:58:40.000,The Police Department responded to the complaint and with the information available observed no evidence of the violation at that time.,2025-11-09T23:58:42.000,,,,,,,nyc_opendata_311,2025-11-12 02:39:01.699840
66777759,2025-11-09T23:13:09.000,NYPD,New York City Police Department,Noise - Residential,Loud Music/Party,Residential Building/House,10467,659 EAST  222 STREET,EAST  222 STREET,CARPENTER AVENUE,WHITE PLAINS ROAD,CARPENTER AVENUE,WHITE PLAINS ROAD,ADDRESS,BRONX,EAST  222 STREET,Closed,12 BRONX,2048240025,BRONX,1022082,262171,ONLINE,Unspecified,BRONX,40.88619177427693,-73.86317852732898,"{'latitude': '40.88619177427693', 'longitude': '-73.86317852732898', 'human_address': '{""address"": """", ""city"": """", ""state"": """", ""zip"": """"}'}",,2025-11-10T00:19:22.000,The Police Department responded to the complaint and took action to fix the condition.,2025-11-10T00:19:27.000,,,,,,,nyc_opendata_311,2025-11-12 02:39:01.699840
66775774,2025-11-09T23:12:52.000,NYPD,New York City Police Department,Noise - Commercial,Loud Music/Party,Club/Bar/Restaurant,10030,2271 7 AVENUE,7 AVENUE,WEST  133 STREET,WEST  134 STREET,WEST  133 STREET,WEST  134 STREET,ADDRESS,NEW YORK,7 AVENUE,Closed,10 MANHATTAN,1019180061,MANHATTAN,999649,235980,ONLINE,Unspecified,MANHATTAN,40.814372909738026,-73.94436880195522,"{'latitude': '40.814372909738026', 'longitude': '-73.94436880195522', 'human_address': '{""address"": """", ""city"": """", ""state"": """", ""zip"": """"}'}",,2025-11-10T00:22:15.000,The Police Department responded to the complaint and took action to fix the condition.,2025-11-10T00:22:17.000,,,,,,,nyc_opendata_311,2025-11-12 02:39:01.699840
66776175,2025-11-09T23:12:49.000,NYPD,New York City Police Department,Blocked Driveway,No Access,Street/Sidewalk,11209,341 96 STREET,96 STREET,3 AVENUE,4 AVENUE,3 AVENUE,4 AVENUE,ADDRESS,BROOKLYN,96 STREET,In Progress,10 BROOKLYN,3061170053,BROOKLYN,975128,163705,MOBILE,Unspecified,BROOKLYN,40.61600414129391,-74.03285665953133,"{'latitude': '40.61600414129391', 'longitude': '-74.03285665953133', 'human_address': '{""address"": """", ""city"": """", ""state"": """", ""zip"": """"}'}",,,Your complaint has been received by the Police Department and additional information will be available later.,2025-11-09T23:15:49.000,,,,,,,nyc_opendata_311,2025-11-12 02:39:01.699840
66772819,2025-11-09T23:12:48.000,NYPD,New York City Police Department,Noise - Commercial,Banging/Pounding,Store/Commercial,10314,1700 SOUTH AVENUE,SOUTH AVENUE,INDUSTRY ROAD,SPENCER STREET,INDUSTRY ROAD,SPENCER STREET,ADDRESS,STATEN ISLAND,SOUTH AVENUE,Closed,02 STATEN ISLAND,,STATEN ISLAND,930837,158604,MOBILE,Unspecified,STATEN ISLAND,40.6018466753592,-74.19234838769532,"{'latitude': '40.6018466753592', 'longitude': '-74.19234838769532', 'human_address': '{""address"": """", ""city"": """", ""state"": """", ""zip"": """"}'}",,2025-11-10T00:37:21.000,The Police Department responded to the complaint and took action to fix the condition.,2025-11-10T00:37:27.000,,,,,,,nyc_opendata_311,2025-11-12 02:39:01.699840
66779684,2025-11-09T23:12:36.000,NYPD,New York City Police Department,Noise - Commercial,Loud Music/Party,Store/Commercial,11203,4112 AVENUE D,AVENUE D,ALBANY AVENUE,EAST   42 STREET,ALBANY AVENUE,EAST   42 STREET,ADDRESS,BROOKLYN,AVENUE D,Closed,17 BROOKLYN,3049750005,BROOKLYN,1001517,173038,MOBILE,Unspecified,BROOKLYN,40.641609123724876,-73.93778188138478,"{'latitude': '40.641609123724876', 'longitude': '-73.93778188138478', 'human_address': '{""address"": """", ""city"": """", ""state"": """", ""zip"": """"}'}",,2025-11-09T23:33:41.000,The Police Department responded to the complaint and took action to fix the condition.,2025-11-09T23:33:46.000,,,,,,,nyc_opendata_311,2025-11-12 02:39:01.699840
66776706,2025-11-09T23:12:00.000,DOT,Department of Transportation,Street Light Condition,Street Light Out,,11101,,,,,5 STREET,49 AVENUE,INTERSECTION,QUEENS,,Open,02 QUEENS,,QUEENS,996385,210292,UNKNOWN,Unspecified,QUEENS,40.743871234875215,-73.95620688451805,"{'latitude': '40.743871234875215', 'longitude': '-73.95620688451805', 'human_address': '{""address"": """", ""city"": """", ""state"": """", ""zip"": """"}'}",,,,,,,,,,,nyc_opendata_311,2025-11-12 02:39:01.699840
66778150,2025-11-09T23:11:53.000,NYPD,New York City Police Department,Illegal Parking,Commercial Overnight Parking,Street/Sidewalk,11418,85-19 111 STREET,111 STREET,85 AVENUE,86 AVENUE,85 AVENUE,86 AVENUE,ADDRESS,RICHMOND HILL,111 STREET,In Progress,09 QUEENS,,QUEENS,1028944,194429,ONLINE,Unspecified,QUEENS,40.700226593623896,-73.8388125949865,"{'latitude': '40.700226593623896', 'longitude': '-73.8388125949865', 'human_address': '{""address"": """", ""city"": """", ""state"": """", ""zip"": """"}'}",,,,,,,,,,,nyc_opendata_311,2025-11-12 02:39:01.699840
66775456,2025-11-09T23:11:52.000,DSNY,Department of Sanitation,Residential Disposal Complaint,Bin Not Used,Sidewalk,10472,1042 ELDER AVENUE,ELDER AVENUE,BRUCKNER BOULEVARD,WATSON AVENUE,BRUCKNER BOULEVARD,WATSON AVENUE,ADDRESS,BRONX,ELDER AVENUE,In Progress,09 BRONX,2037140023,BRONX,1017936,239806,PHONE,Unspecified,BRONX,40.82482338802654,-73.87828512709996,"{'latitude': '40.82482338802654', 'longitude': '-73.87828512709996', 'human_address': '{""address"": """", ""city"": """", ""state"": """", ""zip"": """"}'}",,,,,,,,,,,nyc_opendata_311,2025-11-12 02:39:01.699840
66775849,2025-11-09T23:11:41.000,NYPD,New York City Police Department,Noise - Residential,Banging/Pounding,Residential Building/House,10459,1080 INTERVALE AVENUE,INTERVALE AVENUE,EAST  165 STREET,EAST  167 STREET,EAST  165 STREET,EAST  167 STREET,ADDRESS,BRONX,INTERVALE AVENUE,Closed,02 BRONX,2027050026,BRONX,1012802,239982,PHONE,Unspecified,BRONX,40.825324545335675,-73.89683462240124,"{'latitude': '40.825324545335675', 'longitude': '-73.89683462240124', 'human_address': '{""address"": """", ""city"": """", ""state"": """", ""zip"": """"}'}",,2025-11-10T01:38:04.000,The Police Department responded to the complaint but officers were unable to gain entry into the premises.,2025-11-10T01:38:07.000,,,,,,,nyc_opendata_311,2025-11-12 02:39:01.699840
66773232,2025-11-09T23:11:40.000,NYPD,New York City Police Department,Abandoned Vehicle,With License Plate,Street/Sidewalk,11379,66-26 METROPOLITAN AVENUE,METROPOLITAN AVENUE,,LIRR CONNECTING RAIL LINE,,LIRR CONNECTING RAIL LINE,ADDRESS,MIDDLE VILLAGE,METROPOLITAN AVENUE,Closed,05 QUEENS,4036050001,QUEENS,1014151,198833,PHONE,Unspecified,QUEENS,40.712376874932,-73.89214342754849,"{'latitude': '40.712376874932', 'longitude': '-73.89214342754849', 'human_address': '{""address"": """", ""city"": """", ""state"": """", ""zip"": """"}'}",Car,2025-11-10T00:05:17.000,The Police Department responded to the complaint and took action to fix the condition.,2025-11-10T00:05:21.000,,,,,,,nyc_opendata_311,2025-11-12 02:39:01.699840
66774305,2025-11-09T23:11:29.000,NYPD,New York City Police Department,Noise - Residential,Loud Music/Party,Residential Building/House,11213,1588 CARROLL STREET,CARROLL STREET,TROY AVENUE,SCHENECTADY AVENUE,TROY AVENUE,SCHENECTADY AVENUE,ADDRESS,BROOKLYN,CARROLL STREET,In Progress,09 BROOKLYN,3014130028,BROOKLYN,1002226,182044,MOBILE,Unspecified,BROOKLYN,40.66632720974833,-73.93520314051068,"{'latitude': '40.66632720974833', 'longitude': '-73.93520314051068', 'human_address': '{""address"": """", ""city"": """", ""state"": """", ""zip"": """"}'}",,,,,,,,,,,nyc_opendata_311,2025-11-12 02:39:01.699840
66775651,2025-11-09T23:11:11.000,NYPD,New York City Police Department,Illegal Parking,Posted Parking Sign Violation,Street/Sidewalk,11201,100 CONGRESS STREET,CONGRESS STREET,COLUMBIA STREET,HICKS STREET,COLUMBIA STREET,HICKS STREET,ADDRESS,BROOKLYN,CONGRESS STREET,Closed,06 BROOKLYN,3002997501,BROOKLYN,984436,190416,MOBILE,Unspecified,BROOKLYN,40.689324703752,-73.99932930732174,"{'latitude': '40.689324703752', 'longitude': '-73.99932930732174', 'human_address': '{""address"": """", ""city"": """", ""state"": """", ""zip"": """"}'}",,2025-11-10T00:03:36.000,The Police Department issued a summons in response to the complaint.,2025-11-10T00:03:41.000,,,,,,,nyc_opendata_311,2025-11-12 02:39:01.699840
66778017,2025-11-09T23:11:03.000,HPD,Department of Housing Preservation and Development,UNSANITARY CONDITION,MOLD,RESIDENTIAL BUILDING,11367,75-25 153 STREET,153 STREET,,,,,ADDRESS,FLUSHING,,Open,08 QUEENS,4068090001,QUEENS,1035896,203659,ONLINE,Unspecified,QUEENS,40.725522844148855,-73.81366970477723,"{'latitude': '40.725522844148855', 'longitude': '-73.81366970477723', 'human_address': '{""address"": """", ""city"": """", ""state"": """", ""zip"": """"}'}",,,The following complaint conditions are still open. HPD has already attempted to notify the property owner that the condition exists; the tenant should provide access for the owner to make the repair.  HPD may attempt to contact the tenant by phone to verify the correction of the condition or an HPD Inspector may attempt to conduct an inspection.,2025-11-09T00:00:00.000,,,,,,,nyc_opendata_311,2025-11-12 02:39:01.699840
66775485,2025-11-09T23:11:00.000,DEP,Department of Environmental Protection,Sewer,Catch Basin Search (SC2),,10458,2486 WEBSTER AVENUE,WEBSTER AVENUE,E 189 ST,E FORDHAM RD,,,ADDRESS,BRONX,,Open,06 BRONX,2030330001,BRONX,1014046,252904,PHONE,Unspecified,BRONX,40.86078751840031,-73.89228233502408,"{'latitude': '40.86078751840031', 'longitude': '-73.89228233502408', 'human_address': '{""address"": """", ""city"": """", ""state"": """", ""zip"": """"}'}",,,,,,,,,,,nyc_opendata_311,2025-11-12 02:39:01.699840
66778820,2025-11-09T23:10:53.000,NYPD,New York City Police Department,Noise - Street/Sidewalk,Loud Music/Party,Street/Sidewalk,11230,1601 AVENUE H,AVENUE H,EAST   16 STREET,EAST   17 STREET,EAST   16 STREET,EAST   17 STREET,ADDRESS,BROOKLYN,AVENUE H,Closed,14 BROOKLYN,3066910054,BROOKLYN,995010,168834,ONLINE,Unspecified,BROOKLYN,40.63008033492466,-73.96123523057187,"{'latitude': '40.63008033492466', 'longitude': '-73.96123523057187', 'human_address': '{""address"": """", ""city"": """", ""state"": """", ""zip"": """"}'}",,2025-11-09T23:14:19.000,The Police Department responded to the complaint and took action to fix the condition.,2025-11-09T23:14:23.000,,,,,,,nyc_opendata_311,2025-11-12 02:39:01.699840
66773048,2025-11-09T23:10:51.000,HPD,Department of Housing Preservation and Development,FLOORING/STAIRS,FLOOR,RESIDENTIAL BUILDING,10467,615 PELHAM PARKWAY NORTH,PELHAM PARKWAY NORTH,,,,,ADDRESS,BRONX,,Open,11 BRONX,2043370090,BRONX,1020103,251697,ONLINE,Unspecified,BRONX,40.85745214837792,-73.87039172368647,"{'latitude': '40.85745214837792', 'longitude': '-73.87039172368647', 'human_address': '{""address"": """", ""city"": """", ""state"": """", ""zip"": """"}'}",,,The following complaint conditions are still open. HPD has already attempted to notify the property owner that the condition exists; the tenant should provide access for the owner to make the repair.  HPD may attempt to contact the tenant by phone to verify the correction of the condition or an HPD Inspector may attempt to conduct an inspection.,2025-11-09T00:00:00.000,,,,,,,nyc_opendata_311,2025-11-12 02:39:01.699840
66773037,2025-11-09T23:10:51.000,HPD,Department of Housing Preservation and Development,DOOR/WINDOW,DOOR FRAME,RESIDENTIAL BUILDING,10467,615 PELHAM PARKWAY NORTH,PELHAM PARKWAY NORTH,,,,,ADDRESS,BRONX,,Open,11 BRONX,2043370090,BRONX,1020103,251697,ONLINE,Unspecified,BRONX,40.85745214837792,-73.87039172368647,"{'latitude': '40.85745214837792', 'longitude': '-73.87039172368647', 'human_address': '{""address"": """", ""city"": """", ""state"": """", ""zip"": """"}'}",,,The following complaint conditions are still open. HPD has already attempted to notify the property owner that the condition exists; the tenant should provide access for the owner to make the repair.  HPD may attempt to contact the tenant by phone to verify the correction of the condition or an HPD Inspector may attempt to conduct an inspection.,2025-11-09T00:00:00.000,,,,,,,nyc_opendata_311,2025-11-12 02:39:01.699840
66774010,2025-11-09T23:10:51.000,HPD,Department of Housing Preservation and Development,ELECTRIC,OUTLET/SWITCH,RESIDENTIAL BUILDING,10467,615 PELHAM PARKWAY NORTH,PELHAM PARKWAY NORTH,,,,,ADDRESS,BRONX,,Open,11 BRONX,2043370090,BRONX,1020103,251697,ONLINE,Unspecified,BRONX,40.85745214837792,-73.87039172368647,"{'latitude': '40.85745214837792', 'longitude': '-73.87039172368647', 'human_address': '{""address"": """", ""city"": """", ""state"": """", ""zip"": """"}'}",,,The following complaint conditions are still open. HPD has already attempted to notify the property owner that the condition exists; the tenant should provide access for the owner to make the repair.  HPD may attempt to contact the tenant by phone to verify the correction of the condition or an HPD Inspector may attempt to conduct an inspection.,2025-11-09T00:00:00.000,,,,,,,nyc_opendata_311,2025-11-12 02:39:01.699840
66778984,2025-11-09T23:10:51.000,HPD,Department of Housing Preservation and Development,PAINT/PLASTER,WALL,RESIDENTIAL BUILDING,10467,615 PELHAM PARKWAY NORTH,PELHAM PARKWAY NORTH,,,,,ADDRESS,BRONX,,Open,11 BRONX,2043370090,BRONX,1020103,251697,ONLINE,Unspecified,BRONX,40.85745214837792,-73.87039172368647,"{'latitude': '40.85745214837792', 'longitude': '-73.87039172368647', 'human_address': '{""address"": """", ""city"": """", ""state"": """", ""zip"": """"}'}",,,The following complaint conditions are still open. HPD has already attempted to notify the property owner that the condition exists; the tenant should provide access for the owner to make the repair.  HPD may attempt to contact the tenant by phone to verify the correction of the condition or an HPD Inspector may attempt to conduct an inspection.,2025-11-09T00:00:00.000,,,,,,,nyc_opendata_311,2025-11-12 02:39:01.699840
66777082,2025-11-09T23:10:51.000,HPD,Department of Housing Preservation and Development,DOOR/WINDOW,WINDOW FRAME,RESIDENTIAL BUILDING,10467,615 PELHAM PARKWAY NORTH,PELHAM PARKWAY NORTH,,,,,ADDRESS,BRONX,,Open,11 BRONX,2043370090,BRONX,1020103,251697,ONLINE,Unspecified,BRONX,40.85745214837792,-73.87039172368647,"{'latitude': '40.85745214837792', 'longitude': '-73.87039172368647', 'human_address': '{""address"": """", ""city"": """", ""state"": """", ""zip"": """"}'}",,,The following complaint conditions are still open. HPD has already attempted to notify the property owner that the condition exists; the tenant should provide access for the owner to make the repair.  HPD may attempt to contact the tenant by phone to verify the correction of the condition or an HPD Inspector may attempt to conduct an inspection.,2025-11-09T00:00:00.000,,,,,,,nyc_opendata_311,2025-11-12 02:39:01.699840
66777991,2025-11-09T23:10:51.000,HPD,Department of Housing Preservation and Development,PAINT/PLASTER,RADIATOR,RESIDENTIAL BUILDING,10467,615 PELHAM PARKWAY NORTH,PELHAM PARKWAY NORTH,,,,,ADDRESS,BRONX,,Open,11 BRONX,2043370090,BRONX,1020103,251697,ONLINE,Unspecified,BRONX,40.85745214837792,-73.87039172368647,"{'latitude': '40.85745214837792', 'longitude': '-73.87039172368647', 'human_address': '{""address"": """", ""city"": """", ""state"": """", ""zip"": """"}'}",,,The following complaint conditions are still open. HPD has already attempted to notify the property owner that the condition exists; the tenant should provide access for the owner to make the repair.  HPD may attempt to contact the tenant by phone to verify the correction of the condition or an HPD Inspector may attempt to conduct an inspection.,2025-11-09T00:00:00.000,,,,,,,nyc_opendata_311,2025-11-12 02:39:01.699840
66779164,2025-11-09T23:10:25.000,NYPD,New York City Police Department,Illegal Parking,Commercial Overnight Parking,Street/Sidewalk,11214,7522 20 AVENUE,20 AVENUE,BAY RIDGE PARKWAY,76 STREET,BAY RIDGE PARKWAY,76 STREET,ADDRESS,BROOKLYN,20 AVENUE,In Progress,11 BROOKLYN,3062280045,BROOKLYN,986480,161758,ONLINE,Unspecified,BROOKLYN,40.610664443048826,-73.99196837442223,"{'latitude': '40.610664443048826', 'longitude': '-73.99196837442223', 'human_address': '{""address"": """", ""city"": """", ""state"": """", ""zip"": """"}'}",,,,,,,,,,,nyc_opendata_311,2025-11-12 02:39:01.699840
66775881,2025-11-09T23:10:13.000,NYPD,New York City Police Department,Noise - Residential,Loud Music/Party,Residential Building/House,11238,64 ST JAMES PLACE,ST JAMES PLACE,LAFAYETTE AVENUE,CLIFTON PLACE,LAFAYETTE AVENUE,CLIFTON PLACE,ADDRESS,BROOKLYN,ST JAMES PLACE,Closed,02 BROOKLYN,3019460029,BROOKLYN,994032,189920,PHONE,Unspecified,BROOKLYN,40.68795789406554,-73.9647280565925,"{'latitude': '40.68795789406554', 'longitude': '-73.9647280565925', 'human_address': '{""address"": """", ""city"": """", ""state"": """", ""zip"": """"}'}",,2025-11-10T01:07:19.000,The Police Department responded to the complaint and took action to fix the condition.,2025-11-10T01:07:28.000,,,,,,,nyc_opendata_311,2025-11-12 02:39:01.699840
66773009,2025-11-09T23:10:04.000,NYPD,New York City Police Department,Noise - Street/Sidewalk,Loud Talking,Street/Sidewalk,11206,14 COOK STREET,COOK STREET,MANHATTAN AVENUE,GRAHAM AVENUE,MANHATTAN AVENUE,GRAHAM AVENUE,ADDRESS,BROOKLYN,COOK STREET,Closed,01 BROOKLYN,3031190017,BROOKLYN,999938,195127,MOBILE,Unspecified,BROOKLYN,40.702241400397554,-73.94342007466611,"{'latitude': '40.702241400397554', 'longitude': '-73.94342007466611', 'human_address': '{""address"": """", ""city"": """", ""state"": """", ""zip"": """"}'}",,2025-11-09T23:44:03.000,The Police Department responded to the complaint and took action to fix the condition.,2025-11-09T23:44:06.000,,,,,,,nyc_opendata_311,2025-11-12 02:39:01.699840
66779158,2025-11-09T23:10:01.000,NYPD,New York City Police Department,Illegal Parking,Blocked Hydrant,Street/Sidewalk,11385,71-75 70 STREET,70 STREET,CENTRAL AVENUE,MYRTLE AVENUE,CENTRAL AVENUE,MYRTLE AVENUE,ADDRESS,RIDGEWOOD,70 STREET,In Progress,05 QUEENS,4036860062,QUEENS,1017022,195755,MOBILE,Unspecified,QUEENS,40.70391833223954,-73.88180237186026,"{'latitude': '40.70391833223954', 'longitude': '-73.88180237186026', 'human_address': '{""address"": """", ""city"": """", ""state"": """", ""zip"": """"}'}",,,,,,,,,,,nyc_opendata_311,2025-11-12 02:39:01.699840
66779104,2025-11-09T23:09:57.000,NYPD,New York City Police Department,Blocked Driveway,Partial Access,Street/Sidewalk,11225,13 LAMONT COURT,LAMONT COURT,EMPIRE BOULEVARD,LEFFERTS AVENUE,EMPIRE BOULEVARD,LEFFERTS AVENUE,ADDRESS,BROOKLYN,LAMONT COURT,In Progress,09 BROOKLYN,3013250063,BROOKLYN,999755,181075,MOBILE,Unspecified,BROOKLYN,40.66367219244266,-73.94411241132295,"{'latitude': '40.66367219244266', 'longitude': '-73.94411241132295', 'human_address': '{""address"": """", ""city"": """", ""state"": """", ""zip"": """"}'}",,,,,,,,,,,nyc_opendata_311,2025-11-12 02:39:01.699840
66776260,2025-11-09T23:09:43.000,NYPD,New York City Police Department,Noise - Residential,Loud Music/Party,Residential Building/House,11235,2750 HOMECREST AVENUE,HOMECREST AVENUE,NASSAU COURT,GUIDER AVENUE,NASSAU COURT,GUIDER AVENUE,ADDRESS,BROOKLYN,HOMECREST AVENUE,In Progress,15 BROOKLYN,3087640010,BROOKLYN,996391,152155,ONLINE,Unspecified,BROOKLYN,40.58429811390181,-73.95628992267918,"{'latitude': '40.58429811390181', 'longitude': '-73.95628992267918', 'human_address': '{""address"": """", ""city"": """", ""state"": """", ""zip"": """"}'}",,,,,,,,,,,nyc_opendata_311,2025-11-12 02:39:01.699840
66778183,2025-11-09T23:09:40.000,NYPD,New York City Police Department,Noise - Vehicle,Car/Truck Horn,Street/Sidewalk,11366,158-33 78 AVENUE,78 AVENUE,PARSONS BOULEVARD,160 STREET,PARSONS BOULEVARD,160 STREET,ADDRESS,FRESH MEADOWS,78 AVENUE,In Progress,08 QUEENS,4068280015,QUEENS,1037047,202519,ONLINE,Unspecified,QUEENS,40.72238703289527,-73.8095260418184,"{'latitude': '40.72238703289527', 'longitude': '-73.8095260418184', 'human_address': '{""address"": """", ""city"": """", ""state"": """", ""zip"": """"}'}",Other,,,,,,,,,,nyc_opendata_311,2025-11-12 02:39:01.699840
66779701,2025-11-09T23:09:34.000,NYPD,New York City Police Department,Noise - Residential,Banging/Pounding,Residential Building/House,11212,270 MOTHER GASTON BOULEVARD,MOTHER GASTON BOULEVARD,EAST NEW YORK AVENUE,LIBERTY AVENUE,EAST NEW YORK AVENUE,LIBERTY AVENUE,ADDRESS,BROOKLYN,MOTHER GASTON BOULEVARD,Closed,16 BROOKLYN,3034890001,BROOKLYN,1009861,184398,ONLINE,Unspecified,BROOKLYN,40.672769616675254,-73.9076728513286,"{'latitude': '40.672769616675254', 'longitude': '-73.9076728513286', 'human_address': '{""address"": """", ""city"": """", ""state"": """", ""zip"": """"}'}",,2025-11-10T00:03:39.000,The Police Department responded to the complaint and with the information available observed no evidence of the violation at that time.,2025-11-10T00:03:42.000,,,,,,,nyc_opendata_311,2025-11-12 02:39:01.699840
66773539,2025-11-09T23:09:11.000,DSNY,Department of Sanitation,Residential Disposal Complaint,Waste Not Separated,Street,11103,30-15 45 STREET,45 STREET,30 AVENUE,30 ROAD,30 AVENUE,30 ROAD,ADDRESS,ASTORIA,45 STREET,In Progress,01 QUEENS,4007140078,QUEENS,1008838,216792,ONLINE,Unspecified,QUEENS,40.76168622251317,-73.91124241692398,"{'latitude': '40.76168622251317', 'longitude': '-73.91124241692398', 'human_address': '{""address"": """", ""city"": """", ""state"": """", ""zip"": """"}'}",,,,,,,,,,,nyc_opendata_311,2025-11-12 02:39:01.699840
66777680,2025-11-09T23:09:08.000,NYPD,New York City Police Department,Noise - Commercial,Loud Talking,Store/Commercial,10009,268 EAST   10 STREET,EAST   10 STREET,1 AVENUE,AVENUE A,1 AVENUE,AVENUE A,ADDRESS,NEW YORK,EAST   10 STREET,Closed,03 MANHATTAN,1004370015,MANHATTAN,988836,204635,MOBILE,Unspecified,MANHATTAN,40.728351303840775,-73.9834537744691,"{'latitude': '40.728351303840775', 'longitude': '-73.9834537744691', 'human_address': '{""address"": """", ""city"": """", ""state"": """", ""zip"": """"}'}",,2025-11-10T00:37:32.000,The Police Department responded to the complaint and with the information available observed no evidence of the violation at that time.,2025-11-10T00:37:38.000,,,,,,,nyc_opendata_311,2025-11-12 02:39:01.699840
66778136,2025-11-09T23:08:42.000,NYPD,New York City Police Department,Illegal Parking,Blocked Hydrant,Street/Sidewalk,11367,144-25 72 AVENUE,72 AVENUE,VLEIGH PLACE,147 STREET,VLEIGH PLACE,147 STREET,ADDRESS,FLUSHING,72 AVENUE,In Progress,08 QUEENS,4066590021,QUEENS,1033924,204183,PHONE,Unspecified,QUEENS,40.7269723872929,-73.82078046913826,"{'latitude': '40.7269723872929', 'longitude': '-73.82078046913826', 'human_address': '{""address"": """", ""city"": """", ""state"": """", ""zip"": """"}'}",,,,,,,,,,,nyc_opendata_311,2025-11-12 02:39:01.699840
66776995,2025-11-09T23:08:14.000,HPD,Department of Housing Preservation and Development,HEAT/HOT WATER,ENTIRE BUILDING,RESIDENTIAL BUILDING,10032,884 RIVERSIDE DRIVE,RIVERSIDE DRIVE,,,,,ADDRESS,NEW YORK,,Open,12 MANHATTAN,1021360106,MANHATTAN,999035,244344,MOBILE,Unspecified,MANHATTAN,40.83733075391628,-73.94656853762118,"{'latitude': '40.83733075391628', 'longitude': '-73.94656853762118', 'human_address': '{""address"": """", ""city"": """", ""state"": """", ""zip"": """"}'}",,,"This complaint is a duplicate of a building-wide condition already reported by another tenant.  The original complaint is still open, and HPD may only need to confirm that the condition exists by inspecting one apartment.  If we cannot contact the tenant from the original complaint or get access to that apartment, HPD may attempt to contact the person who filed this complaint to verify the correction of the condition or may conduct an inspection of your unit. You can check HPDONLINE to see if a",2025-11-09T00:00:00.000,,,,,,,nyc_opendata_311,2025-11-12 02:39:01.699840
66774202,2025-11-09T23:08:09.000,NYPD,New York City Police Department,Abandoned Vehicle,With License Plate,Street/Sidewalk,11421,80-23 86 ROAD,86 ROAD,80 STREET,DEAD END,80 STREET,DEAD END,ADDRESS,WOODHAVEN,86 ROAD,In Progress,09 QUEENS,4088470190,QUEENS,1022415,191731,PHONE,Unspecified,QUEENS,40.69285178697425,-73.86237445876841,"{'latitude': '40.69285178697425', 'longitude': '-73.86237445876841', 'human_address': '{""address"": """", ""city"": """", ""state"": """", ""zip"": """"}'}",Car,,,,,,,,,,nyc_opendata_311,2025-11-12 02:39:01.699840
66776949,2025-11-09T23:08:04.000,HPD,Department of Housing Preservation and Development,HEAT/HOT WATER,APARTMENT ONLY,RESIDENTIAL BUILDING,11238,26 GATES AVENUE,GATES AVENUE,,,,,ADDRESS,BROOKLYN,,Open,02 BROOKLYN,3019760007,BROOKLYN,993303,188578,MOBILE,Unspecified,BROOKLYN,40.68427518713264,-73.96735848828058,"{'latitude': '40.68427518713264', 'longitude': '-73.96735848828058', 'human_address': '{""address"": """", ""city"": """", ""state"": """", ""zip"": """"}'}",,,The following complaint conditions are still open. HPD has already attempted to notify the property owner that the condition exists; the tenant should provide access for the owner to make the repair.  HPD may attempt to contact the tenant by phone to verify the correction of the condition or an HPD Inspector may attempt to conduct an inspection.,2025-11-09T00:00:00.000,,,,,,,nyc_opendata_311,2025-11-12 02:39:01.699840
66776554,2025-11-09T23:07:44.000,NYPD,New York City Police Department,Illegal Parking,Blocked Sidewalk,Street/Sidewalk,11213,1216 ST JOHNS PLACE,ST JOHNS PLACE,ALBANY AVENUE,TROY AVENUE,ALBANY AVENUE,TROY AVENUE,ADDRESS,BROOKLYN,ST JOHNS PLACE,Closed,08 BROOKLYN,3013820023,BROOKLYN,1001456,183730,ONLINE,Unspecified,BROOKLYN,40.670956432428234,-73.93797440269964,"{'latitude': '40.670956432428234', 'longitude': '-73.93797440269964', 'human_address': '{""address"": """", ""city"": """", ""state"": """", ""zip"": """"}'}",,2025-11-10T00:46:34.000,The Police Department responded to the complaint and determined that police action was not necessary.,2025-11-10T00:46:38.000,,,,,,,nyc_opendata_311,2025-11-12 02:39:01.699840
66775165,2025-11-09T23:07:17.000,NYPD,New York City Police Department,Abandoned Vehicle,With License Plate,Street/Sidewalk,11379,66-26 METROPOLITAN AVENUE,METROPOLITAN AVENUE,,LIRR CONNECTING RAIL LINE,,LIRR CONNECTING RAIL LINE,ADDRESS,MIDDLE VILLAGE,METROPOLITAN AVENUE,Closed,05 QUEENS,4036050001,QUEENS,1014151,198833,PHONE,Unspecified,QUEENS,40.712376874932,-73.89214342754849,"{'latitude': '40.712376874932', 'longitude': '-73.89214342754849', 'human_address': '{""address"": """", ""city"": """", ""state"": """", ""zip"": """"}'}",SUV,2025-11-10T00:06:48.000,The Police Department responded to the complaint and took action to fix the condition.,2025-11-10T00:06:51.000,,,,,,,nyc_opendata_311,2025-11-12 02:39:01.699840
66773298,2025-11-09T23:07:02.000,NYPD,New York City Police Department,Illegal Parking,Blocked Hydrant,Street/Sidewalk,11204,2133 64 STREET,64 STREET,21 AVENUE,BAY PARKWAY,21 AVENUE,BAY PARKWAY,ADDRESS,BROOKLYN,64 STREET,In Progress,11 BROOKLYN,3055430062,BROOKLYN,989206,163426,ONLINE,Unspecified,BROOKLYN,40.61524165369769,-73.98214911840239,"{'latitude': '40.61524165369769', 'longitude': '-73.98214911840239', 'human_address': '{""address"": """", ""city"": """", ""state"": """", ""zip"": """"}'}",,,,,,,,,,,nyc_opendata_311,2025-11-12 02:39:01.699840
66772809,2025-11-09T23:07:00.000,DOT,Department of Transportation,Traffic Signal Condition,Controller,,11201,,,,,HENRY STREET,WARREN STREET,INTERSECTION,BROOKLYN,,Open,06 BROOKLYN,,BROOKLYN,984926,189933,UNKNOWN,Unspecified,BROOKLYN,40.68799895585178,-73.99756247722497,"{'latitude': '40.68799895585178', 'longitude': '-73.99756247722497', 'human_address': '{""address"": """", ""city"": """", ""state"": """", ""zip"": """"}'}",,,,,,,,N/A,,,nyc_opendata_311,2025-11-12 02:39:01.699840
66779722,2025-11-09T23:06:54.000,NYPD,New York City Police Department,Noise - Residential,Banging/Pounding,Residential Building/House,11101,40-14 12 STREET,12 STREET,40 AVENUE,41 AVENUE,40 AVENUE,41 AVENUE,ADDRESS,LONG ISLAND CITY,12 STREET,Closed,01 QUEENS,4004700200,QUEENS,1000021,214633,MOBILE,Unspecified,QUEENS,40.75578044551614,-73.9430750123803,"{'latitude': '40.75578044551614', 'longitude': '-73.9430750123803', 'human_address': '{""address"": """", ""city"": """", ""state"": """", ""zip"": """"}'}",,2025-11-09T23:15:08.000,The Police Department responded to the complaint and with the information available observed no evidence of the violation at that time.,2025-11-09T23:15:10.000,,,,,,,nyc_opendata_311,2025-11-12 02:39:01.699840
66773767,2025-11-09T23:06:52.000,NYPD,New York City Police Department,Blocked Driveway,No Access,Street/Sidewalk,11374,65-65 BOOTH STREET,BOOTH STREET,65 ROAD,66 AVENUE,65 ROAD,66 AVENUE,ADDRESS,REGO PARK,BOOTH STREET,Closed,06 QUEENS,4030870052,QUEENS,1023626,204073,PHONE,Unspecified,QUEENS,40.72672229985371,-73.85793533972758,"{'latitude': '40.72672229985371', 'longitude': '-73.85793533972758', 'human_address': '{""address"": """", ""city"": """", ""state"": """", ""zip"": """"}'}",,2025-11-09T23:21:04.000,The Police Department issued a summons in response to the complaint.,2025-11-09T23:21:08.000,,,,,,,nyc_opendata_311,2025-11-12 02:39:01.699840
66778361,2025-11-09T23:06:42.000,NYPD,New York City Police Department,Illegal Parking,License Plate Obscured,Street/Sidewalk,11214,7623 20 AVENUE,20 AVENUE,76 STREET,77 STREET,76 STREET,77 STREET,ADDRESS,BROOKLYN,20 AVENUE,In Progress,11 BROOKLYN,3062400001,BROOKLYN,986315,161540,ONLINE,Unspecified,BROOKLYN,40.61006611782878,-73.99256270934167,"{'latitude': '40.61006611782878', 'longitude': '-73.99256270934167', 'human_address': '{""address"": """", ""city"": """", ""state"": """", ""zip"": """"}'}",,,,,,,,,,,nyc_opendata_311,2025-11-12 02:39:01.699840
66775187,2025-11-09T23:06:28.000,NYPD,New York City Police Department,Blocked Driveway,No Access,Street/Sidewalk,11373,94-10 60 AVENUE,60 AVENUE,94 STREET,JUNCTION BOULEVARD,94 STREET,JUNCTION BOULEVARD,ADDRESS,ELMHURST,60 AVENUE,In Progress,04 QUEENS,4019130001,QUEENS,1021350,206816,PHONE,Unspecified,QUEENS,40.73426099321965,-73.8661317823534,"{'latitude': '40.73426099321965', 'longitude': '-73.8661317823534', 'human_address': '{""address"": """", ""city"": """", ""state"": """", ""zip"": """"}'}",,,,,,,,,,,nyc_opendata_311,2025-11-12 02:39:01.699840
66776430,2025-11-09T23:06:22.000,DSNY,Department of Sanitation,Residential Disposal Complaint,Waste Not Separated,Street,10032,725 WEST  172 STREET,WEST  172 STREET,FORT WASHINGTON AVENUE,HAVEN AVENUE,FORT WASHINGTON AVENUE,HAVEN AVENUE,ADDRESS,NEW YORK,WEST  172 STREET,In Progress,12 MANHATTAN,1021390335,MANHATTAN,1000495,247103,ONLINE,Unspecified,MANHATTAN,40.844900837506614,-73.94128556682087,"{'latitude': '40.844900837506614', 'longitude': '-73.94128556682087', 'human_address': '{""address"": """", ""city"": """", ""state"": """", ""zip"": """"}'}",,,,,,,,,,,nyc_opendata_311,2025-11-12 02:39:01.699840
66775248,2025-11-09T23:06:14.000,TLC,Taxi and Limousine Commission,Lost Property,Electronics/Phones,Taxi,10009,169 AVENUE A,AVENUE A,EAST   10 STREET,EAST   11 STREET,EAST   10 STREET,EAST   11 STREET,ADDRESS,NEW YORK,AVENUE A,In Progress,03 MANHATTAN,1004380029,MANHATTAN,989248,204587,PHONE,Unspecified,MANHATTAN,40.72821933235486,-73.98196731977285,"{'latitude': '40.72821933235486', 'longitude': '-73.98196731977285', 'human_address': '{""address"": """", ""city"": """", ""state"": """", ""zip"": """"}'}",,,,,,,"169 AVENUE A, MANHATTAN (NEW YORK), NY, 10009",,,,nyc_opendata_311,2025-11-12 02:39:01.699840
66779645,2025-11-09T23:05:37.000,NYPD,New York City Police Department,Non-Emergency Police Matter,Trespassing,Residential Building/House,11231,624 CLINTON STREET,CLINTON STREET,CENTRE MALL,BUSH STREET,CENTRE MALL,BUSH STREET,ADDRESS,BROOKLYN,CLINTON STREET,Closed,06 BROOKLYN,3005380001,BROOKLYN,983643,184858,ONLINE,Unspecified,BROOKLYN,40.67406923864178,-74.00218826523523,"{'latitude': '40.67406923864178', 'longitude': '-74.00218826523523', 'human_address': '{""address"": """", ""city"": """", ""state"": """", ""zip"": """"}'}",,2025-11-09T23:18:40.000,The Police Department responded to the complaint and with the information available observed no evidence of the violation at that time.,2025-11-09T23:18:44.000,,,,,,,nyc_opendata_311,2025-11-12 02:39:01.699840
66773302,2025-11-09T23:05:30.000,NYPD,New York City Police Department,Illegal Parking,Blocked Hydrant,Street/Sidewalk,11421,80-23 86 ROAD,86 ROAD,80 STREET,DEAD END,80 STREET,DEAD END,ADDRESS,WOODHAVEN,86 ROAD,In Progress,09 QUEENS,4088470190,QUEENS,1022415,191731,PHONE,Unspecified,QUEENS,40.69285178697425,-73.86237445876841,"{'latitude': '40.69285178697425', 'longitude': '-73.86237445876841', 'human_address': '{""address"": """", ""city"": """", ""state"": """", ""zip"": """"}'}",,,,,,,,,,,nyc_opendata_311,2025-11-12 02:39:01.699840
66775789,2025-11-09T23:05:20.000,NYPD,New York City Police Department,Noise - Commercial,Loud Music/Party,Store/Commercial,11249,139 NORTH    6 STREET,NORTH    6 STREET,BERRY STREET,BEDFORD AVENUE,BERRY STREET,BEDFORD AVENUE,ADDRESS,BROOKLYN,NORTH    6 STREET,Closed,01 BROOKLYN,3023270034,BROOKLYN,995664,200722,MOBILE,Unspecified,BROOKLYN,40.717604891565394,-73.9588250821852,"{'latitude': '40.717604891565394', 'longitude': '-73.9588250821852', 'human_address': '{""address"": """", ""city"": """", ""state"": """", ""zip"": """"}'}",,2025-11-10T00:23:04.000,The Police Department responded to the complaint and took action to fix the condition.,2025-11-10T00:23:07.000,,,,,,,nyc_opendata_311,2025-11-12 02:39:01.699840
66777123,2025-11-09T23:05:10.000,NYPD,New York City Police Department,Blocked Driveway,No Access,Street/Sidewalk,11368,104-10 34 AVENUE,34 AVENUE,104 STREET,105 STREET,104 STREET,105 STREET,ADDRESS,CORONA,34 AVENUE,In Progress,03 QUEENS,4017440014,QUEENS,1021902,214710,ONLINE,Unspecified,QUEENS,40.755925687741964,-73.86409580773002,"{'latitude': '40.755925687741964', 'longitude': '-73.86409580773002', 'human_address': '{""address"": """", ""city"": """", ""state"": """", ""zip"": """"}'}",,,,,,,,,,,nyc_opendata_311,2025-11-12 02:39:01.699840
66774380,2025-11-09T23:05:04.000,DSNY,Department of Sanitation,Dirty Condition,Trash,Sidewalk,11237,474 IRVING AVENUE,IRVING AVENUE,JEFFERSON AVENUE,HANCOCK STREET,JEFFERSON AVENUE,HANCOCK STREET,ADDRESS,BROOKLYN,IRVING AVENUE,In Progress,04 BROOKLYN,3033920041,BROOKLYN,1009666,192706,ONLINE,Unspecified,BROOKLYN,40.695573730125496,-73.9083444842348,"{'latitude': '40.695573730125496', 'longitude': '-73.9083444842348', 'human_address': '{""address"": """", ""city"": """", ""state"": """", ""zip"": """"}'}",,,,,,,,,,,nyc_opendata_311,2025-11-12 02:39:01.699840
66776216,2025-11-09T23:05:02.000,NYPD,New York City Police Department,Illegal Parking,Blocked Hydrant,Street/Sidewalk,11223,21 AVENUE S,AVENUE S,STILLWELL AVENUE,WEST   13 STREET,STILLWELL AVENUE,WEST   13 STREET,ADDRESS,BROOKLYN,AVENUE S,In Progress,11 BROOKLYN,3066670044,BROOKLYN,988371,158024,ONLINE,Unspecified,BROOKLYN,40.6004146977406,-73.98515997842998,"{'latitude': '40.6004146977406', 'longitude': '-73.98515997842998', 'human_address': '{""address"": """", ""city"": """", ""state"": """", ""zip"": """"}'}",,,,,,,,,,,nyc_opendata_311,2025-11-12 02:39:01.699840
66779160,2025-11-09T23:05:02.000,NYPD,New York City Police Department,Illegal Parking,Blocked Hydrant,Street/Sidewalk,11218,258 EAST    4 STREET,EAST    4 STREET,CATON AVENUE,ALBEMARLE ROAD,CATON AVENUE,ALBEMARLE ROAD,ADDRESS,BROOKLYN,EAST    4 STREET,In Progress,12 BROOKLYN,3053260034,BROOKLYN,990635,174681,MOBILE,Unspecified,BROOKLYN,40.64613333492579,-73.97699139424019,"{'latitude': '40.64613333492579', 'longitude': '-73.97699139424019', 'human_address': '{""address"": """", ""city"": """", ""state"": """", ""zip"": """"}'}",,,,,,,,,,,nyc_opendata_311,2025-11-12 02:39:01.699840
66777047,2025-11-09T23:04:58.000,HPD,Department of Housing Preservation and Development,UNSANITARY CONDITION,GARBAGE/RECYCLING STORAGE,RESIDENTIAL BUILDING,10033,510 WEST  184 STREET,WEST  184 STREET,,,,,ADDRESS,NEW YORK,,Open,12 MANHATTAN,1021550083,MANHATTAN,1003586,249002,ONLINE,Unspecified,MANHATTAN,40.85010680368162,-73.93010826893078,"{'latitude': '40.85010680368162', 'longitude': '-73.93010826893078', 'human_address': '{""address"": """", ""city"": """", ""state"": """", ""zip"": """"}'}",,,The following complaint conditions are still open. HPD has already attempted to notify the property owner that the condition exists; the tenant should provide access for the owner to make the repair.  HPD may attempt to contact the tenant by phone to verify the correction of the condition or an HPD Inspector may attempt to conduct an inspection.,2025-11-09T00:00:00.000,,,,,,,nyc_opendata_311,2025-11-12 02:39:01.699840
66775430,2025-11-09T23:04:43.000,DCWP,Department of Consumer and Worker Protection,Consumer Complaint,Garage or Parking Lot,Business,11433,109-02 MERRICK BOULEVARD,MERRICK BOULEVARD,108 DRIVE,109 AVENUE,108 DRIVE,109 AVENUE,ADDRESS,JAMAICA,MERRICK BOULEVARD,In Progress,12 QUEENS,4101800001,QUEENS,1043976,193414,ONLINE,Unspecified,QUEENS,40.69735197537959,-73.78460938536982,"{'latitude': '40.69735197537959', 'longitude': '-73.78460938536982', 'human_address': '{""address"": """", ""city"": """", ""state"": """", ""zip"": """"}'}",,,,,,,,,,,nyc_opendata_311,2025-11-12 02:39:01.699840
66776340,2025-11-09T23:04:30.000,NYPD,New York City Police Department,Illegal Parking,Blocked Crosswalk,Street/Sidewalk,10468,2805 CRESTON AVENUE,CRESTON AVENUE,EAST  197 STREET,EAST  198 STREET,EAST  197 STREET,EAST  198 STREET,ADDRESS,BRONX,CRESTON AVENUE,Closed,07 BRONX,2033187501,BRONX,1013981,256332,ONLINE,Unspecified,BRONX,40.870196550500566,-73.89250211272257,"{'latitude': '40.870196550500566', 'longitude': '-73.89250211272257', 'human_address': '{""address"": """", ""city"": """", ""state"": """", ""zip"": """"}'}",,2025-11-09T23:52:52.000,The Police Department responded to the complaint and with the information available observed no evidence of the violation at that time.,2025-11-09T23:52:56.000,,,,,,,nyc_opendata_311,2025-11-12 02:39:01.699840
66776308,2025-11-09T23:04:19.000,NYPD,New York City Police Department,Panhandling,N/A,Subway,,,,,,,,,,,Closed,Unspecified MANHATTAN,,MANHATTAN,986974,199302,MOBILE,Unspecified,MANHATTAN,40.71371427501245,-73.99017400338403,"{'latitude': '40.71371427501245', 'longitude': '-73.99017400338403', 'human_address': '{""address"": """", ""city"": """", ""state"": """", ""zip"": """"}'}",,2025-11-10T00:00:28.000,The Police Department responded and upon arrival those responsible for the condition were gone.,2025-11-10T00:00:35.000,F,Mezzanine,,,,,nyc_opendata_311,2025-11-12 02:39:01.699840
66776217,2025-11-09T23:04:06.000,NYPD,New York City Police Department,Illegal Parking,Blocked Hydrant,Street/Sidewalk,11223,1906 WEST   13 STREET,WEST   13 STREET,AVENUE S,AVENUE T,AVENUE S,AVENUE T,ADDRESS,BROOKLYN,WEST   13 STREET,In Progress,11 BROOKLYN,3070750008,BROOKLYN,988451,157861,ONLINE,Unspecified,BROOKLYN,40.599967258222144,-73.98487199397107,"{'latitude': '40.599967258222144', 'longitude': '-73.98487199397107', 'human_address': '{""address"": """", ""city"": """", ""state"": """", ""zip"": """"}'}",,,,,,,,,,,nyc_opendata_311,2025-11-12 02:39:01.699840
66772708,2025-11-09T23:04:00.000,NYPD,New York City Police Department,Noise - Commercial,Loud Talking,Club/Bar/Restaurant,11211,600 METROPOLITAN AVENUE,METROPOLITAN AVENUE,LORIMER STREET,LEONARD STREET,LORIMER STREET,LEONARD STREET,ADDRESS,BROOKLYN,METROPOLITAN AVENUE,Closed,01 BROOKLYN,3027620006,BROOKLYN,998421,199447,ONLINE,Unspecified,BROOKLYN,40.7141013357581,-73.94888215335709,"{'latitude': '40.7141013357581', 'longitude': '-73.94888215335709', 'human_address': '{""address"": """", ""city"": """", ""state"": """", ""zip"": """"}'}",,2025-11-09T23:43:45.000,The Police Department responded to the complaint and took action to fix the condition.,2025-11-09T23:43:51.000,,,,,,,nyc_opendata_311,2025-11-12 02:39:01.699840
66774701,2025-11-09T23:03:17.000,NYPD,New York City Police Department,Noise - Vehicle,Car/Truck Horn,Street/Sidewalk,10462,782 PELHAM PARKWAY SOUTH,PELHAM PARKWAY SOUTH,WALLACE AVENUE,BARNES AVENUE,WALLACE AVENUE,BARNES AVENUE,ADDRESS,BRONX,PELHAM PARKWAY SOUTH,Closed,11 BRONX,2043210042,BRONX,1021767,251423,ONLINE,Unspecified,BRONX,40.85669318689525,-73.86437792142532,"{'latitude': '40.85669318689525', 'longitude': '-73.86437792142532', 'human_address': '{""address"": """", ""city"": """", ""state"": """", ""zip"": """"}'}",Other,2025-11-10T00:06:05.000,The Police Department responded to the complaint and took action to fix the condition.,2025-11-10T00:06:10.000,,,,,,,nyc_opendata_311,2025-11-12 02:39:01.699840
66777183,2025-11-09T23:03:07.000,NYPD,New York City Police Department,Illegal Parking,Posted Parking Sign Violation,Street/Sidewalk,11223,21 AVENUE S,AVENUE S,STILLWELL AVENUE,WEST   13 STREET,STILLWELL AVENUE,WEST   13 STREET,ADDRESS,BROOKLYN,AVENUE S,In Progress,11 BROOKLYN,3066670044,BROOKLYN,988371,158024,ONLINE,Unspecified,BROOKLYN,40.6004146977406,-73.98515997842998,"{'latitude': '40.6004146977406', 'longitude': '-73.98515997842998', 'human_address': '{""address"": """", ""city"": """", ""state"": """", ""zip"": """"}'}",,,,,,,,,,,nyc_opendata_311,2025-11-12 02:39:01.699840
66772808,2025-11-09T23:03:00.000,DOT,Department of Transportation,Traffic Signal Condition,Controller,,11229,,,,,AVENUE V,GERRITSEN AVENUE,INTERSECTION,BROOKLYN,,Closed,15 BROOKLYN,,BROOKLYN,1002794,157919,UNKNOWN,Unspecified,BROOKLYN,40.600108051042476,-73.93322200401512,"{'latitude': '40.600108051042476', 'longitude': '-73.93322200401512', 'human_address': '{""address"": """", ""city"": """", ""state"": """", ""zip"": """"}'}",,2025-11-10T00:35:00.000,Service Request status for this request is available on the Department of Transportationâs website. Please click the âLearn Moreâ link below.,2025-11-10T00:35:00.000,,,,N/A,,,nyc_opendata_311,2025-11-12 02:39:01.699840
66777905,2025-11-09T23:02:51.000,HPD,Department of Housing Preservation and Development,HEAT/HOT WATER,APARTMENT ONLY,RESIDENTIAL BUILDING,10469,1040B EAST  217 STREET,EAST  217 STREET,,,,,ADDRESS,BRONX,,Open,12 BRONX,2046990051,BRONX,1024543,259628,MOBILE,Unspecified,BRONX,40.8792011486289,-73.85429350155603,"{'latitude': '40.8792011486289', 'longitude': '-73.85429350155603', 'human_address': '{""address"": """", ""city"": """", ""state"": """", ""zip"": """"}'}",,,"This complaint is a duplicate of a building-wide condition already reported by another tenant.  The original complaint is still open, and HPD may only need to confirm that the condition exists by inspecting one apartment.  If we cannot contact the tenant from the original complaint or get access to that apartment, HPD may attempt to contact the person who filed this complaint to verify the correction of the condition or may conduct an inspection of your unit. You can check HPDONLINE to see if a",2025-11-09T00:00:00.000,,,,,,,nyc_opendata_311,2025-11-12 02:39:01.699840
66775928,2025-11-09T23:02:48.000,NYPD,New York City Police Department,Noise - Street/Sidewalk,Loud Music/Party,Street/Sidewalk,11433,108-09 159 STREET,159 STREET,108 AVENUE,109 AVENUE,108 AVENUE,109 AVENUE,ADDRESS,JAMAICA,159 STREET,Closed,12 QUEENS,4101480001,QUEENS,1041408,192609,ONLINE,Unspecified,QUEENS,40.69515940246868,-73.79387719182293,"{'latitude': '40.69515940246868', 'longitude': '-73.79387719182293', 'human_address': '{""address"": """", ""city"": """", ""state"": """", ""zip"": """"}'}",,2025-11-09T23:08:18.000,The Police Department responded to the complaint and with the information available observed no evidence of the violation at that time.,2025-11-09T23:08:23.000,,,,,,,nyc_opendata_311,2025-11-12 02:39:01.699840
66776234,2025-11-09T23:02:43.000,NYPD,New York City Police Department,Illegal Parking,Double Parked Blocking Traffic,Street/Sidewalk,11421,80-23 86 ROAD,86 ROAD,80 STREET,DEAD END,80 STREET,DEAD END,ADDRESS,WOODHAVEN,86 ROAD,In Progress,09 QUEENS,4088470190,QUEENS,1022415,191731,PHONE,Unspecified,QUEENS,40.69285178697425,-73.86237445876841,"{'latitude': '40.69285178697425', 'longitude': '-73.86237445876841', 'human_address': '{""address"": """", ""city"": """", ""state"": """", ""zip"": """"}'}",SUV,,,,,,,,,,nyc_opendata_311,2025-11-12 02:39:01.699840
66776210,2025-11-09T23:02:36.000,DOHMH,Department of Health and Mental Hygiene,Food Establishment,Rodents/Insects/Garbage,Restaurant/Bar/Deli/Bakery,11215,256 PROSPECT PARK WEST,PROSPECT PARK WEST,WINDSOR PLACE,PROSPECT AVENUE,WINDSOR PLACE,PROSPECT AVENUE,ADDRESS,BROOKLYN,PROSPECT PARK WEST,In Progress,07 BROOKLYN,3011130058,BROOKLYN,989355,179354,ONLINE,Unspecified,BROOKLYN,40.65896053169189,-73.98160038879253,"{'latitude': '40.65896053169189', 'longitude': '-73.98160038879253', 'human_address': '{""address"": """", ""city"": """", ""state"": """", ""zip"": """"}'}",,,"The Department of Health and Mental Hygiene has sent official written notification to the Owner/Landlord warning them of potential violations and instructing them to correct the situation. If the situation persists 21 days after your initial complaint, please make a new complaint.",2025-11-09T23:02:44.000,,,,,,,nyc_opendata_311,2025-11-12 02:39:01.699840
66778097,2025-11-09T23:02:31.000,NYPD,New York City Police Department,Blocked Driveway,No Access,Street/Sidewalk,11368,110-72 CORONA AVENUE,CORONA AVENUE,56 AVENUE,111 STREET,56 AVENUE,111 STREET,ADDRESS,CORONA,CORONA AVENUE,In Progress,04 QUEENS,4019680039,QUEENS,1025593,209246,MOBILE,Unspecified,QUEENS,40.740911916731385,-73.85080682692175,"{'latitude': '40.740911916731385', 'longitude': '-73.85080682692175', 'human_address': '{""address"": """", ""city"": """", ""state"": """", ""zip"": """"}'}",,,,,,,,,,,nyc_opendata_311,2025-11-12 02:39:01.699840
66777193,2025-11-09T23:02:13.000,NYPD,New York City Police Department,Noise - Residential,Banging/Pounding,Residential Building/House,10026,214 WEST  114 STREET,WEST  114 STREET,ADAM CLAYTON POWELL JR BOULEVARD,FREDERICK DOUGLASS BOULEVARD,ADAM CLAYTON POWELL JR BOULEVARD,FREDERICK DOUGLASS BOULEVARD,ADDRESS,NEW YORK,WEST  114 STREET,In Progress,10 MANHATTAN,1018290038,MANHATTAN,996943,231541,ONLINE,Unspecified,MANHATTAN,40.80219338709589,-73.9541530242738,"{'latitude': '40.80219338709589', 'longitude': '-73.9541530242738', 'human_address': '{""address"": """", ""city"": """", ""state"": """", ""zip"": """"}'}",,,,,,,,,,,nyc_opendata_311,2025-11-12 02:39:01.699840
66775131,2025-11-09T23:01:51.000,HPD,Department of Housing Preservation and Development,UNSANITARY CONDITION,PESTS,RESIDENTIAL BUILDING,10461,1650 HUTCH RIVER PARKWAY EAST,HUTCH RIVER PARKWAY EAST,,,,,ADDRESS,BRONX,,Open,10 BRONX,2041540001,BRONX,1029504,247151,PHONE,Unspecified,BRONX,40.84493156463539,-73.83643794820416,"{'latitude': '40.84493156463539', 'longitude': '-73.83643794820416', 'human_address': '{""address"": """", ""city"": """", ""state"": """", ""zip"": """"}'}",,,The following complaint conditions are still open. HPD has already attempted to notify the property owner that the condition exists; the tenant should provide access for the owner to make the repair.  HPD may attempt to contact the tenant by phone to verify the correction of the condition or an HPD Inspector may attempt to conduct an inspection.,2025-11-09T00:00:00.000,,,,,,,nyc_opendata_311,2025-11-12 02:39:01.699840
66778824,2025-11-09T23:01:48.000,NYPD,New York City Police Department,Noise - Street/Sidewalk,Loud Music/Party,Street/Sidewalk,11201,101 CLINTON STREET,CLINTON STREET,REMSEN STREET,JORALEMON STREET,REMSEN STREET,JORALEMON STREET,ADDRESS,BROOKLYN,CLINTON STREET,Closed,02 BROOKLYN,3002550020,BROOKLYN,986206,191809,ONLINE,Unspecified,BROOKLYN,40.69314795330376,-73.9929465048094,"{'latitude': '40.69314795330376', 'longitude': '-73.9929465048094', 'human_address': '{""address"": """", ""city"": """", ""state"": """", ""zip"": """"}'}",,2025-11-09T23:47:37.000,The Police Department responded to the complaint and took action to fix the condition.,2025-11-09T23:47:41.000,,,,,,,nyc_opendata_311,2025-11-12 02:39:01.699840
66778781,2025-11-09T23:01:42.000,NYPD,New York City Police Department,Noise - Residential,Loud Music/Party,Residential Building/House,10467,3076 HULL AVENUE,HULL AVENUE,EAST MOSHOLU PARKWAY NORTH,EAST  204 STREET,EAST MOSHOLU PARKWAY NORTH,EAST  204 STREET,ADDRESS,BRONX,HULL AVENUE,Closed,07 BRONX,2033320028,BRONX,1017745,256994,MOBILE,Unspecified,BRONX,40.87200005550844,-73.87888938692372,"{'latitude': '40.87200005550844', 'longitude': '-73.87888938692372', 'human_address': '{""address"": """", ""city"": """", ""state"": """", ""zip"": """"}'}",,2025-11-10T00:03:24.000,The Police Department responded to the complaint and took action to fix the condition.,2025-11-10T00:03:30.000,,,,,,,nyc_opendata_311,2025-11-12 02:39:01.699840
66773635,2025-11-09T23:01:33.000,NYPD,New York City Police Department,Illegal Parking,Blocked Hydrant,Street/Sidewalk,11213,960 STERLING PLACE,STERLING PLACE,NEW YORK AVENUE,BROOKLYN AVENUE,NEW YORK AVENUE,BROOKLYN AVENUE,ADDRESS,BROOKLYN,STERLING PLACE,Closed,08 BROOKLYN,3012490007,BROOKLYN,999052,184227,MOBILE,Unspecified,BROOKLYN,40.67232493164511,-73.9466394449922,"{'latitude': '40.67232493164511', 'longitude': '-73.9466394449922', 'human_address': '{""address"": """", ""city"": """", ""state"": """", ""zip"": """"}'}",,2025-11-10T01:27:06.000,The Police Department issued a summons in response to the complaint.,2025-11-10T01:27:11.000,,,,,,,nyc_opendata_311,2025-11-12 02:39:01.699840
66773790,2025-11-09T23:01:33.000,NYPD,New York City Police Department,Blocked Driveway,Partial Access,Street/Sidewalk,11230,1928 BAY AVENUE,BAY AVENUE,EAST   19 STREET,OCEAN AVENUE,EAST   19 STREET,OCEAN AVENUE,ADDRESS,BROOKLYN,BAY AVENUE,Closed,14 BROOKLYN,3067480102,BROOKLYN,996637,164193,MOBILE,Unspecified,BROOKLYN,40.61733963697909,-73.95538219771144,"{'latitude': '40.61733963697909', 'longitude': '-73.95538219771144', 'human_address': '{""address"": """", ""city"": """", ""state"": """", ""zip"": """"}'}",,2025-11-10T00:43:39.000,The Police Department issued a summons in response to the complaint.,2025-11-10T00:43:47.000,,,,,,,nyc_opendata_311,2025-11-12 02:39:01.699840
66773315,2025-11-09T23:00:51.000,NYPD,New York City Police Department,Illegal Parking,Commercial Overnight Parking,Street/Sidewalk,11214,1945 77 STREET,77 STREET,19 AVENUE,20 AVENUE,19 AVENUE,20 AVENUE,ADDRESS,BROOKLYN,77 STREET,In Progress,11 BROOKLYN,3062390060,BROOKLYN,985874,161662,ONLINE,Unspecified,BROOKLYN,40.610401074564535,-73.99415098274795,"{'latitude': '40.610401074564535', 'longitude': '-73.99415098274795', 'human_address': '{""address"": """", ""city"": """", ""state"": """", ""zip"": """"}'}",,,,,,,,,,,nyc_opendata_311,2025-11-12 02:39:01.699840
66778099,2025-11-09T23:00:45.000,NYPD,New York City Police Department,Blocked Driveway,No Access,Street/Sidewalk,11218,502 CORTELYOU ROAD,CORTELYOU ROAD,EAST    5 STREET,OCEAN PARKWAY,EAST    5 STREET,OCEAN PARKWAY,ADDRESS,BROOKLYN,CORTELYOU ROAD,In Progress,12 BROOKLYN,3053890001,BROOKLYN,991360,171858,ONLINE,Unspecified,BROOKLYN,40.63838425407296,-73.97438180263556,"{'latitude': '40.63838425407296', 'longitude': '-73.97438180263556', 'human_address': '{""address"": """", ""city"": """", ""state"": """", ""zip"": """"}'}",,,,,,,,,,,nyc_opendata_311,2025-11-12 02:39:01.699840
66777753,2025-11-09T23:00:36.000,NYPD,New York City Police Department,Noise - Residential,Loud Music/Party,Residential Building/House,10462,2227 CROSS BRONX EXPRESSWAY,CROSS BRONX EXPRESSWAY,WATSON AVENUE PEDESTRIAN OVPS,WATSON AVENUE,WATSON AVENUE PEDESTRIAN OVPS,WATSON AVENUE,ADDRESS,BRONX,CROSS BRONX EXPRESSWAY,Closed,09 BRONX,2038180063,BRONX,1025971,241747,ONLINE,Unspecified,BRONX,40.83011657333977,-73.84924089942201,"{'latitude': '40.83011657333977', 'longitude': '-73.84924089942201', 'human_address': '{""address"": """", ""city"": """", ""state"": """", ""zip"": """"}'}",,2025-11-10T00:53:35.000,The Police Department responded to the complaint and with the information available observed no evidence of the violation at that time.,2025-11-10T00:53:38.000,,,,,,,nyc_opendata_311,2025-11-12 02:39:01.699840
66774632,2025-11-09T23:00:35.000,NYPD,New York City Police Department,Illegal Parking,Blocked Sidewalk,Street/Sidewalk,10463,2667 KINGSBRIDGE TERRACE,KINGSBRIDGE TERRACE,HEATH AVENUE,WEST KINGSBRIDGE ROAD,HEATH AVENUE,WEST KINGSBRIDGE ROAD,ADDRESS,BRONX,KINGSBRIDGE TERRACE,Closed,07 BRONX,2032400062,BRONX,1010470,256354,MOBILE,Unspecified,BRONX,40.8702680613686,-73.90519668096042,"{'latitude': '40.8702680613686', 'longitude': '-73.90519668096042', 'human_address': '{""address"": """", ""city"": """", ""state"": """", ""zip"": """"}'}",,2025-11-10T01:28:59.000,The Police Department issued a summons in response to the complaint.,2025-11-10T01:29:05.000,,,,,,,nyc_opendata_311,2025-11-12 02:39:01.699840
66778194,2025-11-09T23:00:35.000,DOT,Department of Transportation,Street Condition,"Rough, Pitted or Cracked Roads",Street,10312,11 ADLAI CIRCLE,ADLAI CIRCLE,POMPEY AVENUE,BEND,POMPEY AVENUE,BEND,ADDRESS,STATEN ISLAND,ADLAI CIRCLE,In Progress,03 STATEN ISLAND,5056190115,STATEN ISLAND,936090,137889,ONLINE,Unspecified,STATEN ISLAND,40.54501827308118,-74.17328401418608,"{'latitude': '40.54501827308118', 'longitude': '-74.17328401418608', 'human_address': '{""address"": """", ""city"": """", ""state"": """", ""zip"": """"}'}",,,,,,,,,,,nyc_opendata_311,2025-11-12 02:39:01.699840
66773850,2025-11-09T23:00:33.000,NYPD,New York City Police Department,Noise - Residential,Banging/Pounding,Residential Building/House,10467,3050 BAINBRIDGE AVENUE,BAINBRIDGE AVENUE,EAST MOSHOLU PARKWAY NORTH,ROCHAMBEAU AVENUE,EAST MOSHOLU PARKWAY NORTH,ROCHAMBEAU AVENUE,ADDRESS,BRONX,BAINBRIDGE AVENUE,Closed,07 BRONX,2033340010,BRONX,1017413,257433,ONLINE,Unspecified,BRONX,40.87320622828063,-73.88008765208957,"{'latitude': '40.87320622828063', 'longitude': '-73.88008765208957', 'human_address': '{""address"": """", ""city"": """", ""state"": """", ""zip"": """"}'}",,2025-11-10T00:01:46.000,The Police Department responded to the complaint and with the information available observed no evidence of the violation at that time.,2025-11-10T00:01:51.000,,,,,,,nyc_opendata_311,2025-11-12 02:39:01.699840
66778172,2025-11-09T23:00:15.000,NYPD,New York City Police Department,Noise - Residential,Loud Music/Party,Residential Building/House,10032,1020 ST NICHOLAS AVENUE,ST NICHOLAS AVENUE,SYLVAN TERRACE,WEST  161 STREET,SYLVAN TERRACE,WEST  161 STREET,ADDRESS,NEW YORK,ST NICHOLAS AVENUE,In Progress,12 MANHATTAN,1021090081,MANHATTAN,1000927,243541,ONLINE,Unspecified,MANHATTAN,40.83512338158197,-73.93973304369197,"{'latitude': '40.83512338158197', 'longitude': '-73.93973304369197', 'human_address': '{""address"": """", ""city"": """", ""state"": """", ""zip"": """"}'}",,,,,,,,,,,nyc_opendata_311,2025-11-12 02:39:01.699840
66773910,2025-11-09T22:59:50.000,NYPD,New York City Police Department,Noise - Residential,Loud Music/Party,Residential Building/House,10033,615 WEST  183 STREET,WEST  183 STREET,ST NICHOLAS AVENUE,WADSWORTH AVENUE,ST NICHOLAS AVENUE,WADSWORTH AVENUE,ADDRESS,NEW YORK,WEST  183 STREET,Closed,12 MANHATTAN,1021650053,MANHATTAN,1002686,249226,ONLINE,Unspecified,MANHATTAN,40.850723542254315,-73.93336078356981,"{'latitude': '40.850723542254315', 'longitude': '-73.93336078356981', 'human_address': '{""address"": """", ""city"": """", ""state"": """", ""zip"": """"}'}",,2025-11-10T01:32:15.000,The Police Department responded to the complaint but officers were unable to gain entry into the premises.,2025-11-10T01:32:20.000,,,,,,,nyc_opendata_311,2025-11-12 02:39:01.699840
66772943,2025-11-09T22:59:49.000,NYPD,New York City Police Department,Noise - Residential,Loud Music/Party,Residential Building/House,11216,1120 BERGEN STREET,BERGEN STREET,NOSTRAND AVENUE,NEW YORK AVENUE,NOSTRAND AVENUE,NEW YORK AVENUE,ADDRESS,BROOKLYN,BERGEN STREET,Closed,08 BROOKLYN,3012200024,BROOKLYN,998495,185572,MOBILE,Unspecified,BROOKLYN,40.6760175673633,-73.94864456225949,"{'latitude': '40.6760175673633', 'longitude': '-73.94864456225949', 'human_address': '{""address"": """", ""city"": """", ""state"": """", ""zip"": """"}'}",,2025-11-09T23:11:18.000,The Police Department responded to the complaint and took action to fix the condition.,2025-11-09T23:11:23.000,,,,,,,nyc_opendata_311,2025-11-12 02:39:01.699840
66776407,2025-11-09T22:59:42.000,DOHMH,Department of Health and Mental Hygiene,Food Establishment,Food Contaminated,Restaurant/Bar/Deli/Bakery,11234,2115 RALPH AVENUE,RALPH AVENUE,AVENUE K,AVENUE L,AVENUE K,AVENUE L,ADDRESS,BROOKLYN,RALPH AVENUE,In Progress,18 BROOKLYN,3083440001,BROOKLYN,1007040,167243,PHONE,Unspecified,BROOKLYN,40.62569059571879,-73.9179004562943,"{'latitude': '40.62569059571879', 'longitude': '-73.9179004562943', 'human_address': '{""address"": """", ""city"": """", ""state"": """", ""zip"": """"}'}",,,,,,,,,,,nyc_opendata_311,2025-11-12 02:39:01.699840
66773353,2025-11-09T22:59:38.000,NYPD,New York City Police Department,Noise - Street/Sidewalk,Loud Music/Party,Street/Sidewalk,11368,95-17 57 AVENUE,57 AVENUE,JUNCTION BOULEVARD,96 STREET,JUNCTION BOULEVARD,96 STREET,ADDRESS,CORONA,57 AVENUE,In Progress,04 QUEENS,4019030056,QUEENS,1021497,207711,ONLINE,Unspecified,QUEENS,40.73671692671016,-73.86559640690896,"{'latitude': '40.73671692671016', 'longitude': '-73.86559640690896', 'human_address': '{""address"": """", ""city"": """", ""state"": """", ""zip"": """"}'}",,,,,,,,,,,nyc_opendata_311,2025-11-12 02:39:01.699840
66775859,2025-11-09T22:59:05.000,NYPD,New York City Police Department,Noise - Residential,Loud Music/Party,Residential Building/House,10469,935 EAST  221 STREET,EAST  221 STREET,BRONXWOOD AVENUE,PAULDING AVENUE,BRONXWOOD AVENUE,PAULDING AVENUE,ADDRESS,BRONX,EAST  221 STREET,Closed,12 BRONX,2046920024,BRONX,1024275,260952,ONLINE,Unspecified,BRONX,40.88283633126098,-73.85525472305842,"{'latitude': '40.88283633126098', 'longitude': '-73.85525472305842', 'human_address': '{""address"": """", ""city"": """", ""state"": """", ""zip"": """"}'}",,2025-11-10T00:13:45.000,The Police Department responded to the complaint but officers were unable to gain entry into the premises.,2025-11-10T00:13:51.000,,,,,,,nyc_opendata_311,2025-11-12 02:39:01.699840
66779995,2025-11-09T22:59:01.000,HPD,Department of Housing Preservation and Development,HEAT/HOT WATER,ENTIRE BUILDING,RESIDENTIAL BUILDING,11235,2835 OCEAN AVENUE,OCEAN AVENUE,,,,,ADDRESS,BROOKLYN,,Open,15 BROOKLYN,3074220146,BROOKLYN,998135,154976,ONLINE,Unspecified,BROOKLYN,40.592038634655815,-73.95000537163712,"{'latitude': '40.592038634655815', 'longitude': '-73.95000537163712', 'human_address': '{""address"": """", ""city"": """", ""state"": """", ""zip"": """"}'}",,,The following complaint conditions are still open. HPD has already attempted to notify the property owner that the condition exists; the tenant should provide access for the owner to make the repair.  HPD may attempt to contact the tenant by phone to verify the correction of the condition or an HPD Inspector may attempt to conduct an inspection.,2025-11-09T00:00:00.000,,,,,,,nyc_opendata_311,2025-11-12 02:39:01.699840
66780369,2025-11-09T22:58:28.000,NYPD,New York City Police Department,Illegal Parking,Blocked Crosswalk,Street/Sidewalk,10040,608 WEST  191 STREET,WEST  191 STREET,ST NICHOLAS AVENUE,WADSWORTH AVENUE,ST NICHOLAS AVENUE,WADSWORTH AVENUE,ADDRESS,NEW YORK,WEST  191 STREET,In Progress,12 MANHATTAN,1021690006,MANHATTAN,1003772,251024,ONLINE,Unspecified,MANHATTAN,40.855656181545385,-73.92943006727548,"{'latitude': '40.855656181545385', 'longitude': '-73.92943006727548', 'human_address': '{""address"": """", ""city"": """", ""state"": """", ""zip"": """"}'}",,,,,,,,,,,nyc_opendata_311,2025-11-12 02:39:01.699840
66772635,2025-11-09T22:58:24.000,NYPD,New York City Police Department,Illegal Parking,Blocked Sidewalk,Street/Sidewalk,11238,480 ST JOHNS PLACE,ST JOHNS PLACE,WASHINGTON AVENUE,CLASSON AVENUE,WASHINGTON AVENUE,CLASSON AVENUE,ADDRESS,BROOKLYN,ST JOHNS PLACE,Closed,08 BROOKLYN,3011770011,BROOKLYN,994768,184616,MOBILE,Unspecified,BROOKLYN,40.67339877556325,-73.96208246608747,"{'latitude': '40.67339877556325', 'longitude': '-73.96208246608747', 'human_address': '{""address"": """", ""city"": """", ""state"": """", ""zip"": """"}'}",,2025-11-10T00:57:48.000,The Police Department responded to the complaint and determined that police action was not necessary.,2025-11-10T00:57:58.000,,,,,,,nyc_opendata_311,2025-11-12 02:39:01.699840
66774220,2025-11-09T22:58:17.000,DOHMH,Department of Health and Mental Hygiene,Calorie Labeling,Failure to Post Calorie Information,Restaurant/Bar/Deli/Bakery,11215,256 PROSPECT PARK WEST,PROSPECT PARK WEST,WINDSOR PLACE,PROSPECT AVENUE,WINDSOR PLACE,PROSPECT AVENUE,ADDRESS,BROOKLYN,PROSPECT PARK WEST,In Progress,07 BROOKLYN,3011130058,BROOKLYN,989355,179354,ONLINE,Unspecified,BROOKLYN,40.65896053169189,-73.98160038879253,"{'latitude': '40.65896053169189', 'longitude': '-73.98160038879253', 'human_address': '{""address"": """", ""city"": """", ""state"": """", ""zip"": """"}'}",,,,,,,,,,,nyc_opendata_311,2025-11-12 02:39:01.699840
66774308,2025-11-09T22:57:53.000,NYPD,New York City Police Department,Noise - Residential,Loud Television,Residential Building/House,11223,2032 EAST    1 STREET,EAST    1 STREET,AVENUE T,AVENUE U,AVENUE T,AVENUE U,ADDRESS,BROOKLYN,EAST    1 STREET,In Progress,15 BROOKLYN,3071040384,BROOKLYN,992350,157392,ONLINE,Unspecified,BROOKLYN,40.59867724233354,-73.97083206783272,"{'latitude': '40.59867724233354', 'longitude': '-73.97083206783272', 'human_address': '{""address"": """", ""city"": """", ""state"": """", ""zip"": """"}'}",,,,,,,,,,,nyc_opendata_311,2025-11-12 02:39:01.699840
66778496,2025-11-09T22:57:43.000,NYPD,New York City Police Department,Illegal Parking,Commercial Overnight Parking,Street/Sidewalk,11692,75-00 AMSTEL BOULEVARD,AMSTEL BOULEVARD,BEACH   75 STREET,DEAD END,BEACH   75 STREET,DEAD END,ADDRESS,ARVERNE,AMSTEL BOULEVARD,Closed,14 QUEENS,,QUEENS,1038841,155171,ONLINE,Unspecified,QUEENS,40.592416628855744,-73.80343720932603,"{'latitude': '40.592416628855744', 'longitude': '-73.80343720932603', 'human_address': '{""address"": """", ""city"": """", ""state"": """", ""zip"": """"}'}",,2025-11-09T23:17:07.000,The Police Department issued a summons in response to the complaint.,2025-11-09T23:17:11.000,,,,,,,nyc_opendata_311,2025-11-12 02:39:01.699840
66773284,2025-11-09T22:57:27.000,NYPD,New York City Police Department,Traffic,Chronic Speeding,Street/Sidewalk,11366,77-42 160 STREET,160 STREET,77 ROAD,78 AVENUE,77 ROAD,78 AVENUE,ADDRESS,FRESH MEADOWS,160 STREET,In Progress,08 QUEENS,4068280008,QUEENS,1037465,202756,ONLINE,Unspecified,QUEENS,40.723035034391216,-73.80801616820261,"{'latitude': '40.723035034391216', 'longitude': '-73.80801616820261', 'human_address': '{""address"": """", ""city"": """", ""state"": """", ""zip"": """"}'}",,,,,,,,,,,nyc_opendata_311,2025-11-12 02:39:01.699840
66772755,2025-11-09T22:57:25.000,NYPD,New York City Police Department,Blocked Driveway,No Access,Street/Sidewalk,10468,2776 SEDGWICK AVENUE,SEDGWICK AVENUE,WEST  195 STREET,WEST  197 STREET,WEST  195 STREET,WEST  197 STREET,ADDRESS,BRONX,SEDGWICK AVENUE,Closed,08 BRONX,2032490190,BRONX,1011237,256773,ONLINE,Unspecified,BRONX,40.87141577575548,-73.902421763529,"{'latitude': '40.87141577575548', 'longitude': '-73.902421763529', 'human_address': '{""address"": """", ""city"": """", ""state"": """", ""zip"": """"}'}",,2025-11-10T01:27:57.000,The Police Department issued a summons in response to the complaint.,2025-11-10T01:28:01.000,,,,,,,nyc_opendata_311,2025-11-12 02:39:01.699840
66778155,2025-11-09T22:57:18.000,NYPD,New York City Police Department,Illegal Parking,Posted Parking Sign Violation,Street/Sidewalk,11208,790 GLENMORE AVENUE,GLENMORE AVENUE,SHEPHERD AVENUE,BERRIMAN STREET,SHEPHERD AVENUE,BERRIMAN STREET,ADDRESS,BROOKLYN,GLENMORE AVENUE,In Progress,05 BROOKLYN,3040050010,BROOKLYN,1017265,185366,MOBILE,Unspecified,BROOKLYN,40.67540204080552,-73.88097686533713,"{'latitude': '40.67540204080552', 'longitude': '-73.88097686533713', 'human_address': '{""address"": """", ""city"": """", ""state"": """", ""zip"": """"}'}",,,,,,,,,,,nyc_opendata_311,2025-11-12 02:39:01.699840
66776869,2025-11-09T22:57:11.000,NYPD,New York City Police Department,Noise - Street/Sidewalk,Loud Music/Party,Street/Sidewalk,11433,108-26 159 STREET,159 STREET,108 AVENUE,109 AVENUE,108 AVENUE,109 AVENUE,ADDRESS,JAMAICA,159 STREET,Closed,12 QUEENS,4101460051,QUEENS,1041463,192497,ONLINE,Unspecified,QUEENS,40.694851633900804,-73.79367980321378,"{'latitude': '40.694851633900804', 'longitude': '-73.79367980321378', 'human_address': '{""address"": """", ""city"": """", ""state"": """", ""zip"": """"}'}",,2025-11-09T23:07:48.000,The Police Department responded to the complaint and with the information available observed no evidence of the violation at that time.,2025-11-09T23:07:53.000,,,,,,,nyc_opendata_311,2025-11-12 02:39:01.699840
66778154,2025-11-09T22:57:06.000,NYPD,New York City Police Department,Illegal Parking,Posted Parking Sign Violation,Street/Sidewalk,10282,MURRAY STREET,MURRAY STREET,MURRAY STREET,RIVER TERRACE,MURRAY STREET,RIVER TERRACE,INTERSECTION,,,In Progress,01 MANHATTAN,,MANHATTAN,979693,200244,ONLINE,Unspecified,MANHATTAN,40.716299085546076,-74.01643862087079,"{'latitude': '40.716299085546076', 'longitude': '-74.01643862087079', 'human_address': '{""address"": """", ""city"": """", ""state"": """", ""zip"": """"}'}",,,,,,,,,,,nyc_opendata_311,2025-11-12 02:39:01.699840
66777199,2025-11-09T22:57:04.000,NYPD,New York City Police Department,Noise - Residential,Loud Music/Party,Residential Building/House,10032,1026 ST NICHOLAS AVENUE,ST NICHOLAS AVENUE,WEST  161 STREET,WEST  162 STREET,WEST  161 STREET,WEST  162 STREET,ADDRESS,NEW YORK,ST NICHOLAS AVENUE,In Progress,12 MANHATTAN,1021090088,MANHATTAN,1000927,243610,ONLINE,Unspecified,MANHATTAN,40.83531276660229,-73.93973287213812,"{'latitude': '40.83531276660229', 'longitude': '-73.93973287213812', 'human_address': '{""address"": """", ""city"": """", ""state"": """", ""zip"": """"}'}",,,,,,,,,,,nyc_opendata_311,2025-11-12 02:39:01.699840
66778164,2025-11-09T22:56:55.000,NYPD,New York City Police Department,Noise - Commercial,Loud Music/Party,Store/Commercial,10458,632 EAST  186 STREET,EAST  186 STREET,HUGHES AVENUE,BELMONT AVENUE,HUGHES AVENUE,BELMONT AVENUE,ADDRESS,BRONX,EAST  186 STREET,In Progress,06 BRONX,2030740010,BRONX,1015524,250481,MOBILE,Unspecified,BRONX,40.85413200235494,-73.88695042134171,"{'latitude': '40.85413200235494', 'longitude': '-73.88695042134171', 'human_address': '{""address"": """", ""city"": """", ""state"": """", ""zip"": """"}'}",,,,,,,,,,,nyc_opendata_311,2025-11-12 02:39:01.699840
66773843,2025-11-09T22:56:46.000,NYPD,New York City Police Department,Noise - Residential,Banging/Pounding,Residential Building/House,10453,1669 GRAND AVENUE,GRAND AVENUE,WEST  174 STREET,WEST  175 STREET,WEST  174 STREET,WEST  175 STREET,ADDRESS,BRONX,GRAND AVENUE,Closed,05 BRONX,2028660050,BRONX,1007863,248115,ONLINE,Unspecified,BRONX,40.847661849572106,-73.91465179605878,"{'latitude': '40.847661849572106', 'longitude': '-73.91465179605878', 'human_address': '{""address"": """", ""city"": """", ""state"": """", ""zip"": """"}'}",,2025-11-10T01:14:26.000,The Police Department responded to the complaint and with the information available observed no evidence of the violation at that time.,2025-11-10T01:14:34.000,,,,,,,nyc_opendata_311,2025-11-12 02:39:01.699840
66778755,2025-11-09T22:56:45.000,NYPD,New York City Police Department,Noise - Residential,Loud Music/Party,Residential Building/House,10463,135 WEST  238 STREET,WEST  238 STREET,FORT INDEPENDENCE STREET,BAILEY AVENUE,FORT INDEPENDENCE STREET,BAILEY AVENUE,ADDRESS,BRONX,WEST  238 STREET,Closed,08 BRONX,2032630145,BRONX,1012544,261188,ONLINE,Unspecified,BRONX,40.883529484075694,-73.89767733584449,"{'latitude': '40.883529484075694', 'longitude': '-73.89767733584449', 'human_address': '{""address"": """", ""city"": """", ""state"": """", ""zip"": """"}'}",,2025-11-10T01:04:16.000,The Police Department responded to the complaint but officers were unable to gain entry into the premises.,2025-11-10T01:04:19.000,,,,,,,nyc_opendata_311,2025-11-12 02:39:01.699840
66775262,2025-11-09T22:56:40.000,NYPD,New York City Police Department,Noise - Residential,Loud Music/Party,Residential Building/House,11207,1469 BUSHWICK AVENUE,BUSHWICK AVENUE,PILLING STREET,GRANITE STREET,PILLING STREET,GRANITE STREET,ADDRESS,BROOKLYN,BUSHWICK AVENUE,In Progress,04 BROOKLYN,3034570006,BROOKLYN,1009886,188304,ONLINE,Unspecified,BROOKLYN,40.6834906249131,-73.90756786864323,"{'latitude': '40.6834906249131', 'longitude': '-73.90756786864323', 'human_address': '{""address"": """", ""city"": """", ""state"": """", ""zip"": """"}'}",,,,,,,,,,,nyc_opendata_311,2025-11-12 02:39:01.699840
66776254,2025-11-09T22:56:36.000,NYPD,New York City Police Department,Noise - Residential,Banging/Pounding,Residential Building/House,11218,535 OCEAN PARKWAY,OCEAN PARKWAY,DITMAS AVENUE,AVENUE F,DITMAS AVENUE,AVENUE F,ADDRESS,BROOKLYN,OCEAN PARKWAY,In Progress,12 BROOKLYN,3054000083,BROOKLYN,991869,170701,ONLINE,Unspecified,BROOKLYN,40.63520811255041,-73.97254912006372,"{'latitude': '40.63520811255041', 'longitude': '-73.97254912006372', 'human_address': '{""address"": """", ""city"": """", ""state"": """", ""zip"": """"}'}",,,,,,,,,,,nyc_opendata_311,2025-11-12 02:39:01.699840
66777866,2025-11-09T22:56:29.000,NYPD,New York City Police Department,Noise - Vehicle,Car/Truck Music,Street/Sidewalk,11238,91 CLIFTON PLACE,CLIFTON PLACE,GRAND AVENUE,CLASSON AVENUE,GRAND AVENUE,CLASSON AVENUE,ADDRESS,BROOKLYN,CLIFTON PLACE,Closed,02 BROOKLYN,3019480040,BROOKLYN,995157,189959,MOBILE,Unspecified,BROOKLYN,40.68806362524422,-73.96067146807464,"{'latitude': '40.68806362524422', 'longitude': '-73.96067146807464', 'human_address': '{""address"": """", ""city"": """", ""state"": """", ""zip"": """"}'}",Car,2025-11-10T01:05:14.000,The Police Department responded to the complaint and with the information available observed no evidence of the violation at that time.,2025-11-10T01:05:24.000,,,,,,,nyc_opendata_311,2025-11-12 02:39:01.699840
66778686,2025-11-09T22:56:23.000,NYPD,New York City Police Department,Noise - Commercial,Loud Music/Party,Club/Bar/Restaurant,11368,98-05 NORTHERN BOULEVARD,NORTHERN BOULEVARD,98 STREET,99 STREET,98 STREET,99 STREET,ADDRESS,CORONA,NORTHERN BOULEVARD,Closed,03 QUEENS,4014280041,QUEENS,1020196,215156,ONLINE,Unspecified,QUEENS,40.75715694291976,-73.87025118924203,"{'latitude': '40.75715694291976', 'longitude': '-73.87025118924203', 'human_address': '{""address"": """", ""city"": """", ""state"": """", ""zip"": """"}'}",,2025-11-10T00:49:44.000,The Police Department responded to the complaint and determined that police action was not necessary.,2025-11-10T00:49:52.000,,,,,,,nyc_opendata_311,2025-11-12 02:39:01.699840
66780134,2025-11-09T22:56:18.000,TLC,Taxi and Limousine Commission,Taxi Complaint,Driver Complaint - Passenger,Street,11430,JOHN F KENNEDY AIRPORT,JOHN F KENNEDY AIRPORT,BEND,AIRTRAIN-HOWARD BCH/JAMAICA LINE,BEND,AIRTRAIN-HOWARD BCH/JAMAICA LINE,PLACE,JAMAICA,JOHN F KENNEDY AIRPORT,In Progress,83 QUEENS,4142600001,QUEENS,1043001,175548,PHONE,Unspecified,QUEENS,40.64832048620134,-73.78828125130184,"{'latitude': '40.64832048620134', 'longitude': '-73.78828125130184', 'human_address': '{""address"": """", ""city"": """", ""state"": """", ""zip"": """"}'}",,,,,,,"JOHN F KENNEDY AIRPORT, QUEENS (JAMAICA) ,NY, 11430",,,,nyc_opendata_311,2025-11-12 02:39:01.699840
66779165,2025-11-09T22:56:08.000,NYPD,New York City Police Department,Illegal Parking,Commercial Overnight Parking,Street/Sidewalk,11214,7601 19 AVENUE,19 AVENUE,76 STREET,77 STREET,76 STREET,77 STREET,ADDRESS,BROOKLYN,19 AVENUE,In Progress,11 BROOKLYN,3062390001,BROOKLYN,985728,162056,ONLINE,Unspecified,BROOKLYN,40.61148254910535,-73.9946767318069,"{'latitude': '40.61148254910535', 'longitude': '-73.9946767318069', 'human_address': '{""address"": """", ""city"": """", ""state"": """", ""zip"": """"}'}",,,,,,,,,,,nyc_opendata_311,2025-11-12 02:39:01.699840
66777406,2025-11-09T22:56:00.000,DEP,Department of Environmental Protection,Sewer,Sewer Backup (Use Comments) (SA),,10465,272 REVERE AVENUE,REVERE AVENUE,LAWTON AVE,MILES AVE,,,ADDRESS,BRONX,,Open,10 BRONX,2055890035,BRONX,1034717,237279,PHONE,Unspecified,BRONX,40.81780756303893,-73.81767086106618,"{'latitude': '40.81780756303893', 'longitude': '-73.81767086106618', 'human_address': '{""address"": """", ""city"": """", ""state"": """", ""zip"": """"}'}",,,,,,,,,,,nyc_opendata_311,2025-11-12 02:39:01.699840
66774131,2025-11-09T22:55:50.000,HPD,Department of Housing Preservation and Development,UNSANITARY CONDITION,GARBAGE/RECYCLING STORAGE,RESIDENTIAL BUILDING,10458,311 EAST  188 STREET,EAST  188 STREET,,,,,ADDRESS,BRONX,,Open,05 BRONX,2030230098,BRONX,1013273,252862,ONLINE,Unspecified,BRONX,40.86067481626392,-73.89507704214209,"{'latitude': '40.86067481626392', 'longitude': '-73.89507704214209', 'human_address': '{""address"": """", ""city"": """", ""state"": """", ""zip"": """"}'}",,,The following complaint conditions are still open. HPD has already attempted to notify the property owner that the condition exists; the tenant should provide access for the owner to make the repair.  HPD may attempt to contact the tenant by phone to verify the correction of the condition or an HPD Inspector may attempt to conduct an inspection.,2025-11-09T00:00:00.000,,,,,,,nyc_opendata_311,2025-11-12 02:39:01.699840
66776973,2025-11-09T22:55:50.000,HPD,Department of Housing Preservation and Development,HEAT/HOT WATER,ENTIRE BUILDING,RESIDENTIAL BUILDING,11226,1705 CATON AVENUE,CATON AVENUE,,,,,ADDRESS,BROOKLYN,,Open,14 BROOKLYN,3050600001,BROOKLYN,994127,176453,ONLINE,Unspecified,BROOKLYN,40.65099388458564,-73.96440523742638,"{'latitude': '40.65099388458564', 'longitude': '-73.96440523742638', 'human_address': '{""address"": """", ""city"": """", ""state"": """", ""zip"": """"}'}",,,The following complaint conditions are still open. HPD has already attempted to notify the property owner that the condition exists; the tenant should provide access for the owner to make the repair.  HPD may attempt to contact the tenant by phone to verify the correction of the condition or an HPD Inspector may attempt to conduct an inspection.,2025-11-09T00:00:00.000,,,,,,,nyc_opendata_311,2025-11-12 02:39:01.699840
66777570,2025-11-09T22:55:49.000,NYPD,New York City Police Department,Noise - Vehicle,Car/Truck Horn,Street/Sidewalk,11366,78-15 PARSONS BOULEVARD,PARSONS BOULEVARD,78 AVENUE,78 ROAD,78 AVENUE,78 ROAD,ADDRESS,FRESH MEADOWS,PARSONS BOULEVARD,Closed,08 QUEENS,4068290001,QUEENS,1037000,202363,ONLINE,Unspecified,QUEENS,40.72195913199264,-73.80969682426189,"{'latitude': '40.72195913199264', 'longitude': '-73.80969682426189', 'human_address': '{""address"": """", ""city"": """", ""state"": """", ""zip"": """"}'}",Other,2025-11-10T00:32:50.000,The Police Department responded to the complaint and determined that police action was not necessary.,2025-11-10T00:32:52.000,,,,,,,nyc_opendata_311,2025-11-12 02:39:01.699840
66773901,2025-11-09T22:55:38.000,NYPD,New York City Police Department,Noise - Residential,Loud Music/Party,Residential Building/House,11366,78-15 PARSONS BOULEVARD,PARSONS BOULEVARD,78 AVENUE,78 ROAD,78 AVENUE,78 ROAD,ADDRESS,FRESH MEADOWS,PARSONS BOULEVARD,Closed,08 QUEENS,4068290001,QUEENS,1037000,202363,ONLINE,Unspecified,QUEENS,40.72195913199264,-73.80969682426189,"{'latitude': '40.72195913199264', 'longitude': '-73.80969682426189', 'human_address': '{""address"": """", ""city"": """", ""state"": """", ""zip"": """"}'}",,2025-11-10T00:32:22.000,The Police Department responded to the complaint and determined that police action was not necessary.,2025-11-10T00:32:27.000,,,,,,,nyc_opendata_311,2025-11-12 02:39:01.699840
66773720,2025-11-09T22:55:28.000,NYPD,New York City Police Department,Noise - Vehicle,Car/Truck Horn,Street/Sidewalk,11366,78-15 PARSONS BOULEVARD,PARSONS BOULEVARD,78 AVENUE,78 ROAD,78 AVENUE,78 ROAD,ADDRESS,FRESH MEADOWS,PARSONS BOULEVARD,Closed,08 QUEENS,4068290001,QUEENS,1037000,202363,ONLINE,Unspecified,QUEENS,40.72195913199264,-73.80969682426189,"{'latitude': '40.72195913199264', 'longitude': '-73.80969682426189', 'human_address': '{""address"": """", ""city"": """", ""state"": """", ""zip"": """"}'}",Other,2025-11-10T00:32:35.000,The Police Department responded to the complaint and determined that police action was not necessary.,2025-11-10T00:32:38.000,,,,,,,nyc_opendata_311,2025-11-12 02:39:01.699840
66775660,2025-11-09T22:55:18.000,NYPD,New York City Police Department,Noise - Vehicle,Car/Truck Horn,Street/Sidewalk,11366,78-15 PARSONS BOULEVARD,PARSONS BOULEVARD,78 AVENUE,78 ROAD,78 AVENUE,78 ROAD,ADDRESS,FRESH MEADOWS,PARSONS BOULEVARD,Closed,08 QUEENS,4068290001,QUEENS,1037000,202363,ONLINE,Unspecified,QUEENS,40.72195913199264,-73.80969682426189,"{'latitude': '40.72195913199264', 'longitude': '-73.80969682426189', 'human_address': '{""address"": """", ""city"": """", ""state"": """", ""zip"": """"}'}",Other,2025-11-10T00:32:02.000,The Police Department responded to the complaint and determined that police action was not necessary.,2025-11-10T00:32:07.000,,,,,,,nyc_opendata_311,2025-11-12 02:39:01.699840
66777745,2025-11-09T22:55:15.000,NYPD,New York City Police Department,Noise - Residential,Loud Music/Party,Residential Building/House,11224,2925 WEST   29 STREET,WEST   29 STREET,MERMAID AVENUE,SURF AVENUE,MERMAID AVENUE,SURF AVENUE,ADDRESS,BROOKLYN,WEST   29 STREET,Closed,13 BROOKLYN,3070520014,BROOKLYN,985582,148605,ONLINE,Unspecified,BROOKLYN,40.57456227848348,-73.99520522739087,"{'latitude': '40.57456227848348', 'longitude': '-73.99520522739087', 'human_address': '{""address"": """", ""city"": """", ""state"": """", ""zip"": """"}'}",,2025-11-09T23:06:51.000,The Police Department responded to the complaint and with the information available observed no evidence of the violation at that time.,2025-11-09T23:06:54.000,,,,,,,nyc_opendata_311,2025-11-12 02:39:01.699840
66780226,2025-11-09T22:55:14.000,DOT,Department of Transportation,Street Condition,Plate Condition - Noisy,Street,11106,31-35 CRESCENT STREET,CRESCENT STREET,31 ROAD,31 DRIVE,31 ROAD,31 DRIVE,ADDRESS,ASTORIA,CRESCENT STREET,In Progress,01 QUEENS,4005790036,QUEENS,1004421,217880,ONLINE,Unspecified,QUEENS,40.76468368198577,-73.92718359841146,"{'latitude': '40.76468368198577', 'longitude': '-73.92718359841146', 'human_address': '{""address"": """", ""city"": """", ""state"": """", ""zip"": """"}'}",,,,,,,,,,,nyc_opendata_311,2025-11-12 02:39:01.699840
66780160,2025-11-09T22:54:54.000,NYPD,New York City Police Department,Illegal Parking,Blocked Sidewalk,Street/Sidewalk,11378,58-15 MASPETH AVENUE,MASPETH AVENUE,58 STREET,58 PLACE,58 STREET,58 PLACE,ADDRESS,MASPETH,MASPETH AVENUE,In Progress,05 QUEENS,4026680062,QUEENS,1008782,202725,MOBILE,Unspecified,QUEENS,40.72307599104609,-73.9114958698322,"{'latitude': '40.72307599104609', 'longitude': '-73.9114958698322', 'human_address': '{""address"": """", ""city"": """", ""state"": """", ""zip"": """"}'}",,,,,,,,,,,nyc_opendata_311,2025-11-12 02:39:01.699840
66778783,2025-11-09T22:54:19.000,NYPD,New York City Police Department,Noise - Residential,Loud Music/Party,Residential Building/House,11249,22 NORTH    6 STREET,NORTH    6 STREET,NORTH    6 PLACE,KENT AVENUE,NORTH    6 PLACE,KENT AVENUE,ADDRESS,BROOKLYN,NORTH    6 STREET,Closed,01 BROOKLYN,3023327502,BROOKLYN,994558,201622,MOBILE,Unspecified,BROOKLYN,40.720076532727674,-73.96281349306962,"{'latitude': '40.720076532727674', 'longitude': '-73.96281349306962', 'human_address': '{""address"": """", ""city"": """", ""state"": """", ""zip"": """"}'}",,2025-11-10T00:23:21.000,The Police Department responded to the complaint and with the information available observed no evidence of the violation at that time.,2025-11-10T00:23:26.000,,,,,,,nyc_opendata_311,2025-11-12 02:39:01.699840
66774836,2025-11-09T22:54:14.000,NYPD,New York City Police Department,Noise - Residential,Banging/Pounding,Residential Building/House,11224,2750 WEST   33 STREET,WEST   33 STREET,BAY VIEW AVENUE,NEPTUNE AVENUE,BAY VIEW AVENUE,NEPTUNE AVENUE,ADDRESS,BROOKLYN,WEST   33 STREET,Closed,13 BROOKLYN,3069790100,BROOKLYN,984185,149970,ONLINE,Unspecified,BROOKLYN,40.57830903505514,-74.00023399226933,"{'latitude': '40.57830903505514', 'longitude': '-74.00023399226933', 'human_address': '{""address"": """", ""city"": """", ""state"": """", ""zip"": """"}'}",,2025-11-10T00:30:36.000,The Police Department responded to the complaint and took action to fix the condition.,2025-11-10T00:30:42.000,,,,,,,nyc_opendata_311,2025-11-12 02:39:01.699840
66778594,2025-11-09T22:54:07.000,NYPD,New York City Police Department,Noise - Vehicle,Engine Idling,Street/Sidewalk,11205,150 CLERMONT AVENUE,CLERMONT AVENUE,PARK AVENUE,MYRTLE AVENUE,PARK AVENUE,MYRTLE AVENUE,ADDRESS,BROOKLYN,CLERMONT AVENUE,Closed,02 BROOKLYN,3020457501,BROOKLYN,992303,191979,MOBILE,Unspecified,BROOKLYN,40.693611116260655,-73.97096002437021,"{'latitude': '40.693611116260655', 'longitude': '-73.97096002437021', 'human_address': '{""address"": """", ""city"": """", ""state"": """", ""zip"": """"}'}",Car,2025-11-10T01:11:42.000,The Police Department responded and upon arrival those responsible for the condition were gone.,2025-11-10T01:11:49.000,,,,,,,nyc_opendata_311,2025-11-12 02:39:01.699840
66772644,2025-11-09T22:53:47.000,NYPD,New York City Police Department,Illegal Parking,Commercial Overnight Parking,Street/Sidewalk,11218,798 EAST    3 STREET,EAST    3 STREET,AVENUE F,18 AVENUE,AVENUE F,18 AVENUE,ADDRESS,BROOKLYN,EAST    3 STREET,Closed,14 BROOKLYN,3054090021,BROOKLYN,991098,169684,ONLINE,Unspecified,BROOKLYN,40.63241729308023,-73.97532802678282,"{'latitude': '40.63241729308023', 'longitude': '-73.97532802678282', 'human_address': '{""address"": """", ""city"": """", ""state"": """", ""zip"": """"}'}",,2025-11-10T00:00:13.000,The Police Department issued a summons in response to the complaint.,2025-11-10T00:00:16.000,,,,,,,nyc_opendata_311,2025-11-12 02:39:01.699840
66773480,2025-11-09T22:53:46.000,DSNY,Department of Sanitation,Dead Animal,Cat,Street,11223,1779 WEST    6 STREET,WEST    6 STREET,KINGS HIGHWAY,HIGHLAWN AVENUE,KINGS HIGHWAY,HIGHLAWN AVENUE,ADDRESS,BROOKLYN,WEST    6 STREET,In Progress,11 BROOKLYN,3066510057,BROOKLYN,990099,159367,PHONE,Unspecified,BROOKLYN,40.60409998770404,-73.97893616166668,"{'latitude': '40.60409998770404', 'longitude': '-73.97893616166668', 'human_address': '{""address"": """", ""city"": """", ""state"": """", ""zip"": """"}'}",,,,,,,,,,,nyc_opendata_311,2025-11-12 02:39:01.699840
66779194,2025-11-09T22:53:35.000,NYPD,New York City Police Department,Noise - Residential,Loud Music/Party,Residential Building/House,10463,3890 SEDGWICK AVENUE,SEDGWICK AVENUE,STEVENSON PLACE,STEVENSON PLACE,STEVENSON PLACE,STEVENSON PLACE,ADDRESS,BRONX,SEDGWICK AVENUE,In Progress,08 BRONX,2032460080,BRONX,1013719,260917,ONLINE,Unspecified,BRONX,40.88278182885616,-73.89342925220475,"{'latitude': '40.88278182885616', 'longitude': '-73.89342925220475', 'human_address': '{""address"": """", ""city"": """", ""state"": """", ""zip"": """"}'}",,,,,,,,,,,nyc_opendata_311,2025-11-12 02:39:01.699840
66775785,2025-11-09T22:53:28.000,NYPD,New York City Police Department,Noise - Commercial,Loud Music/Party,Store/Commercial,10019,907 8 AVENUE,8 AVENUE,WEST   53 STREET,WEST   54 STREET,WEST   53 STREET,WEST   54 STREET,ADDRESS,NEW YORK,8 AVENUE,Closed,04 MANHATTAN,1010447501,MANHATTAN,988573,217861,ONLINE,Unspecified,MANHATTAN,40.764653486066564,-73.98439417347856,"{'latitude': '40.764653486066564', 'longitude': '-73.98439417347856', 'human_address': '{""address"": """", ""city"": """", ""state"": """", ""zip"": """"}'}",,2025-11-10T00:16:41.000,The Police Department responded to the complaint and with the information available observed no evidence of the violation at that time.,2025-11-10T00:16:46.000,,,,,,,nyc_opendata_311,2025-11-12 02:39:01.699840
66777181,2025-11-09T22:53:26.000,NYPD,New York City Police Department,Illegal Parking,Commercial Overnight Parking,Street/Sidewalk,11209,155 82 STREET,82 STREET,COLONIAL ROAD,RIDGE BOULEVARD,COLONIAL ROAD,RIDGE BOULEVARD,ADDRESS,BROOKLYN,82 STREET,In Progress,10 BROOKLYN,3059950064,BROOKLYN,974808,167844,MOBILE,Unspecified,BROOKLYN,40.6273644965887,-74.03401506097924,"{'latitude': '40.6273644965887', 'longitude': '-74.03401506097924', 'human_address': '{""address"": """", ""city"": """", ""state"": """", ""zip"": """"}'}",,,Your complaint has been received by the Police Department and additional information will be available later.,2025-11-09T23:08:10.000,,,,,,,nyc_opendata_311,2025-11-12 02:39:01.699840
66776264,2025-11-09T22:53:19.000,NYPD,New York City Police Department,Noise - Residential,Loud Music/Party,Residential Building/House,11208,372 MONTAUK AVENUE,MONTAUK AVENUE,BLAKE AVENUE,BEND,BLAKE AVENUE,BEND,ADDRESS,BROOKLYN,MONTAUK AVENUE,In Progress,05 BROOKLYN,3040710048,BROOKLYN,1018437,183166,MOBILE,Unspecified,BROOKLYN,40.66935909163784,-73.87676282489538,"{'latitude': '40.66935909163784', 'longitude': '-73.87676282489538', 'human_address': '{""address"": """", ""city"": """", ""state"": """", ""zip"": """"}'}",,,,,,,,,,,nyc_opendata_311,2025-11-12 02:39:01.699840
66775914,2025-11-09T22:53:14.000,NYPD,New York City Police Department,Noise - Street/Sidewalk,Loud Music/Party,Street/Sidewalk,10026,1902 7 AVENUE,7 AVENUE,WEST  115 STREET,ST NICHOLAS AVENUE,WEST  115 STREET,ST NICHOLAS AVENUE,ADDRESS,NEW YORK,7 AVENUE,Closed,10 MANHATTAN,1018310029,MANHATTAN,997275,231707,ONLINE,Unspecified,MANHATTAN,40.802648528357416,-73.95295352214427,"{'latitude': '40.802648528357416', 'longitude': '-73.95295352214427', 'human_address': '{""address"": """", ""city"": """", ""state"": """", ""zip"": """"}'}",,2025-11-09T23:04:15.000,The Police Department responded to the complaint and took action to fix the condition.,2025-11-09T23:04:19.000,,,,,,,nyc_opendata_311,2025-11-12 02:39:01.699840
66777678,2025-11-09T22:53:11.000,NYPD,New York City Police Department,Noise - Commercial,Loud Music/Party,Store/Commercial,10014,186 WEST    4 STREET,WEST    4 STREET,JONES STREET,BARROW STREET,JONES STREET,BARROW STREET,ADDRESS,NEW YORK,WEST    4 STREET,Closed,02 MANHATTAN,1005907502,MANHATTAN,983717,206182,MOBILE,Unspecified,MANHATTAN,40.73259861291094,-74.0019231793041,"{'latitude': '40.73259861291094', 'longitude': '-74.0019231793041', 'human_address': '{""address"": """", ""city"": """", ""state"": """", ""zip"": """"}'}",,2025-11-09T23:01:32.000,The Police Department responded to the complaint and with the information available observed no evidence of the violation at that time.,2025-11-09T23:01:35.000,,,,,,,nyc_opendata_311,2025-11-12 02:39:01.699840
66774871,2025-11-09T22:52:22.000,NYPD,New York City Police Department,Noise - Residential,Banging/Pounding,Residential Building/House,10468,2730 SEDGWICK AVENUE,SEDGWICK AVENUE,WEST KINGSBRIDGE ROAD,WEST  195 STREET,WEST KINGSBRIDGE ROAD,WEST  195 STREET,ADDRESS,BRONX,SEDGWICK AVENUE,Closed,08 BRONX,2032480150,BRONX,1011138,256394,MOBILE,Unspecified,BRONX,40.87037583951205,-73.90278124333975,"{'latitude': '40.87037583951205', 'longitude': '-73.90278124333975', 'human_address': '{""address"": """", ""city"": """", ""state"": """", ""zip"": """"}'}",,2025-11-09T22:53:11.000,The Police Department responded to the complaint and determined that police action was not necessary.,2025-11-09T22:53:15.000,,,,,,,nyc_opendata_311,2025-11-12 02:39:01.699840
66773387,2025-11-09T22:52:19.000,DPR,Department of Parks and Recreation,Wood Pile Remaining,Remove Debris,Street,11433,180-35 LIBERTY AVENUE,LIBERTY AVENUE,178 STREET,180 STREET,178 STREET,180 STREET,ADDRESS,JAMAICA,LIBERTY AVENUE,In Progress,12 QUEENS,,QUEENS,1044962,196354,UNKNOWN,Unspecified,QUEENS,40.70541485226354,-73.78102707212844,"{'latitude': '40.70541485226354', 'longitude': '-73.78102707212844', 'human_address': '{""address"": """", ""city"": """", ""state"": """", ""zip"": """"}'}",,,,,,,,,,,nyc_opendata_311,2025-11-12 02:39:01.699840
66778431,2025-11-09T22:52:16.000,NYPD,New York City Police Department,Illegal Parking,Blocked Hydrant,Street/Sidewalk,11361,34-50 200 STREET,200 STREET,34 AVENUE,35 AVENUE,34 AVENUE,35 AVENUE,ADDRESS,BAYSIDE,200 STREET,Closed,11 QUEENS,4060780029,QUEENS,1043215,218227,ONLINE,Unspecified,QUEENS,40.76546247606062,-73.78713633148934,"{'latitude': '40.76546247606062', 'longitude': '-73.78713633148934', 'human_address': '{""address"": """", ""city"": """", ""state"": """", ""zip"": """"}'}",,2025-11-10T00:21:32.000,The Police Department responded to the complaint and determined that police action was not necessary.,2025-11-10T00:21:37.000,,,,,,,nyc_opendata_311,2025-11-12 02:39:01.699840
66778094,2025-11-09T22:52:13.000,NYPD,New York City Police Department,Blocked Driveway,No Access,Street/Sidewalk,11379,84-17 PENELOPE AVENUE,PENELOPE AVENUE,84 STREET,84 PLACE,84 STREET,84 PLACE,ADDRESS,MIDDLE VILLAGE,PENELOPE AVENUE,In Progress,05 QUEENS,4029970038,QUEENS,1020466,202308,ONLINE,Unspecified,QUEENS,40.721891310301345,-73.86934578326122,"{'latitude': '40.721891310301345', 'longitude': '-73.86934578326122', 'human_address': '{""address"": """", ""city"": """", ""state"": """", ""zip"": """"}'}",,,,,,,,,,,nyc_opendata_311,2025-11-12 02:39:01.699840
66775254,2025-11-09T22:51:41.000,NYPD,New York City Police Department,Noise - Residential,Banging/Pounding,Residential Building/House,11421,74-03 85 DRIVE,85 DRIVE,DEXTER COURT,75 STREET,DEXTER COURT,75 STREET,ADDRESS,WOODHAVEN,85 DRIVE,In Progress,09 QUEENS,4088380065,QUEENS,1020825,191901,ONLINE,Unspecified,QUEENS,40.693325110944265,-73.86810717317749,"{'latitude': '40.693325110944265', 'longitude': '-73.86810717317749', 'human_address': '{""address"": """", ""city"": """", ""state"": """", ""zip"": """"}'}",,,,,,,,,,,nyc_opendata_311,2025-11-12 02:39:01.699840
66780161,2025-11-09T22:51:22.000,NYPD,New York City Police Department,Illegal Parking,Commercial Overnight Parking,Street/Sidewalk,11214,2027 78 STREET,78 STREET,20 AVENUE,21 AVENUE,20 AVENUE,21 AVENUE,ADDRESS,BROOKLYN,78 STREET,In Progress,11 BROOKLYN,3062510066,BROOKLYN,986246,161036,ONLINE,Unspecified,BROOKLYN,40.60868275705585,-73.99281136825864,"{'latitude': '40.60868275705585', 'longitude': '-73.99281136825864', 'human_address': '{""address"": """", ""city"": """", ""state"": """", ""zip"": """"}'}",,,,,,,,,,,nyc_opendata_311,2025-11-12 02:39:01.699840
66779731,2025-11-09T22:51:14.000,NYPD,New York City Police Department,Noise - Residential,Banging/Pounding,Residential Building/House,11226,2902 CORTELYOU ROAD,CORTELYOU ROAD,EAST   29 STREET,NOSTRAND AVENUE,EAST   29 STREET,NOSTRAND AVENUE,ADDRESS,BROOKLYN,CORTELYOU ROAD,Closed,17 BROOKLYN,3051730058,BROOKLYN,998209,174048,ONLINE,Unspecified,BROOKLYN,40.64438718752407,-73.94969949309028,"{'latitude': '40.64438718752407', 'longitude': '-73.94969949309028', 'human_address': '{""address"": """", ""city"": """", ""state"": """", ""zip"": """"}'}",,2025-11-09T23:33:26.000,The Police Department responded to the complaint but officers were unable to gain entry into the premises.,2025-11-09T23:33:31.000,,,,,,,nyc_opendata_311,2025-11-12 02:39:01.699840
66779768,2025-11-09T22:51:02.000,NYPD,New York City Police Department,Noise - Residential,Loud Music/Party,Residential Building/House,11691,22-25 NEW HAVEN AVENUE,NEW HAVEN AVENUE,BEACH   22 STREET,GRASSMERE TERRACE,BEACH   22 STREET,GRASSMERE TERRACE,ADDRESS,FAR ROCKAWAY,NEW HAVEN AVENUE,Closed,14 QUEENS,4157620061,QUEENS,1051925,158361,ONLINE,Unspecified,QUEENS,40.60108225787543,-73.75629463921236,"{'latitude': '40.60108225787543', 'longitude': '-73.75629463921236', 'human_address': '{""address"": """", ""city"": """", ""state"": """", ""zip"": """"}'}",,2025-11-10T01:01:49.000,The Police Department responded to the complaint and with the information available observed no evidence of the violation at that time.,2025-11-10T01:01:58.000,,,,,,,nyc_opendata_311,2025-11-12 02:39:01.699840
66779141,2025-11-09T22:50:52.000,DOHMH,Department of Health and Mental Hygiene,Food Establishment,Bare Hands in Contact w/ Food,Restaurant/Bar/Deli/Bakery,11215,256 PROSPECT PARK WEST,PROSPECT PARK WEST,WINDSOR PLACE,PROSPECT AVENUE,WINDSOR PLACE,PROSPECT AVENUE,ADDRESS,BROOKLYN,PROSPECT PARK WEST,In Progress,07 BROOKLYN,3011130058,BROOKLYN,989355,179354,ONLINE,Unspecified,BROOKLYN,40.65896053169189,-73.98160038879253,"{'latitude': '40.65896053169189', 'longitude': '-73.98160038879253', 'human_address': '{""address"": """", ""city"": """", ""state"": """", ""zip"": """"}'}",,,,,,,,,,,nyc_opendata_311,2025-11-12 02:39:01.699840
66779150,2025-11-09T22:50:20.000,NYPD,New York City Police Department,Illegal Parking,Blocked Hydrant,Street/Sidewalk,10463,2865 KINGSBRIDGE TERRACE,KINGSBRIDGE TERRACE,WEST  229 STREET,WEST  230 STREET,WEST  229 STREET,WEST  230 STREET,ADDRESS,BRONX,KINGSBRIDGE TERRACE,In Progress,08 BRONX,2032560156,BRONX,1011178,257830,ONLINE,Unspecified,BRONX,40.87431709464755,-73.90263084439134,"{'latitude': '40.87431709464755', 'longitude': '-73.90263084439134', 'human_address': '{""address"": """", ""city"": """", ""state"": """", ""zip"": """"}'}",,,,,,,,,,,nyc_opendata_311,2025-11-12 02:39:01.699840
66775607,2025-11-09T22:50:09.000,NYPD,New York City Police Department,Illegal Parking,Commercial Overnight Parking,Street/Sidewalk,11218,775 EAST    4 STREET,EAST    4 STREET,AVENUE F,18 AVENUE,AVENUE F,18 AVENUE,ADDRESS,BROOKLYN,EAST    4 STREET,Closed,14 BROOKLYN,,BROOKLYN,991334,169894,ONLINE,Unspecified,BROOKLYN,40.632993512975,-73.97447754563036,"{'latitude': '40.632993512975', 'longitude': '-73.97447754563036', 'human_address': '{""address"": """", ""city"": """", ""state"": """", ""zip"": """"}'}",,2025-11-09T23:59:41.000,The Police Department issued a summons in response to the complaint.,2025-11-09T23:59:47.000,,,,,,,nyc_opendata_311,2025-11-12 02:39:01.699840
66777727,2025-11-09T22:50:06.000,NYPD,New York City Police Department,Noise - Residential,Banging/Pounding,Residential Building/House,10468,2730 SEDGWICK AVENUE,SEDGWICK AVENUE,WEST KINGSBRIDGE ROAD,WEST  195 STREET,WEST KINGSBRIDGE ROAD,WEST  195 STREET,ADDRESS,BRONX,SEDGWICK AVENUE,Closed,08 BRONX,2032480150,BRONX,1011138,256394,MOBILE,Unspecified,BRONX,40.87037583951205,-73.90278124333975,"{'latitude': '40.87037583951205', 'longitude': '-73.90278124333975', 'human_address': '{""address"": """", ""city"": """", ""state"": """", ""zip"": """"}'}",,2025-11-09T22:50:59.000,The Police Department responded to the complaint and determined that police action was not necessary.,2025-11-09T22:51:03.000,,,,,,,nyc_opendata_311,2025-11-12 02:39:01.699840
66777664,2025-11-09T22:49:50.000,NYPD,New York City Police Department,Noise - Commercial,Loud Music/Party,Club/Bar/Restaurant,11209,9715 3 AVENUE,3 AVENUE,97 STREET,MARINE AVENUE,97 STREET,MARINE AVENUE,ADDRESS,BROOKLYN,3 AVENUE,Closed,10 BROOKLYN,3061260006,BROOKLYN,974737,163553,ONLINE,Unspecified,BROOKLYN,40.61558652160902,-74.03426479360745,"{'latitude': '40.61558652160902', 'longitude': '-74.03426479360745', 'human_address': '{""address"": """", ""city"": """", ""state"": """", ""zip"": """"}'}",,2025-11-09T23:18:48.000,The Police Department responded to the complaint and determined that police action was not necessary.,2025-11-09T23:18:50.000,,,,,,,nyc_opendata_311,2025-11-12 02:39:01.699840
66779032,2025-11-09T22:49:49.000,HPD,Department of Housing Preservation and Development,UNSANITARY CONDITION,PESTS,RESIDENTIAL BUILDING,10461,1650 HUTCH RIVER PARKWAY EAST,HUTCH RIVER PARKWAY EAST,,,,,ADDRESS,BRONX,,Open,10 BRONX,2041540001,BRONX,1029504,247151,PHONE,Unspecified,BRONX,40.84493156463539,-73.83643794820416,"{'latitude': '40.84493156463539', 'longitude': '-73.83643794820416', 'human_address': '{""address"": """", ""city"": """", ""state"": """", ""zip"": """"}'}",,,The following complaint conditions are still open. HPD has already attempted to notify the property owner that the condition exists; the tenant should provide access for the owner to make the repair.  HPD may attempt to contact the tenant by phone to verify the correction of the condition or an HPD Inspector may attempt to conduct an inspection.,2025-11-09T00:00:00.000,,,,,,,nyc_opendata_311,2025-11-12 02:39:01.699840
66776198,2025-11-09T22:49:31.000,DPR,Department of Parks and Recreation,Root/Sewer/Sidewalk Condition,Trees and Sidewalks Program,Street,11355,59-09 150 STREET,150 STREET,59 AVENUE,60 AVENUE,59 AVENUE,60 AVENUE,ADDRESS,FLUSHING,150 STREET,In Progress,07 QUEENS,4064330050,QUEENS,1034423,209543,UNKNOWN,Unspecified,QUEENS,40.741681419660175,-73.81894015338798,"{'latitude': '40.741681419660175', 'longitude': '-73.81894015338798', 'human_address': '{""address"": """", ""city"": """", ""state"": """", ""zip"": """"}'}",,,,,,,,,,,nyc_opendata_311,2025-11-12 02:39:01.699840
66775807,2025-11-09T22:49:19.000,NYPD,New York City Police Department,Noise - Residential,Banging/Pounding,Residential Building/House,11233,320 KINGSBOROUGH    3 WALK,KINGSBOROUGH    3 WALK,PACIFIC STREET,BERGEN STREET,PACIFIC STREET,BERGEN STREET,ADDRESS,BROOKLYN,KINGSBOROUGH    3 WALK,Closed,08 BROOKLYN,3013440001,BROOKLYN,1004842,185506,ONLINE,Unspecified,BROOKLYN,40.675823923542566,-73.9257628522692,"{'latitude': '40.675823923542566', 'longitude': '-73.9257628522692', 'human_address': '{""address"": """", ""city"": """", ""state"": """", ""zip"": """"}'}",,2025-11-09T23:11:16.000,The Police Department responded to the complaint and took action to fix the condition.,2025-11-09T23:11:19.000,,,,,,,nyc_opendata_311,2025-11-12 02:39:01.699840
66776870,2025-11-09T22:49:05.000,NYPD,New York City Police Department,Noise - Street/Sidewalk,Loud Music/Party,Street/Sidewalk,11230,1502 AVENUE H,AVENUE H,EAST   15 STREET,BRIGHTON LINE,EAST   15 STREET,BRIGHTON LINE,ADDRESS,BROOKLYN,AVENUE H,Closed,14 BROOKLYN,3066990001,BROOKLYN,994733,168793,ONLINE,Unspecified,BROOKLYN,40.62996813071982,-73.96223323475587,"{'latitude': '40.62996813071982', 'longitude': '-73.96223323475587', 'human_address': '{""address"": """", ""city"": """", ""state"": """", ""zip"": """"}'}",,2025-11-09T23:13:37.000,The Police Department responded to the complaint and took action to fix the condition.,2025-11-09T23:13:40.000,,,,,,,nyc_opendata_311,2025-11-12 02:39:01.699840
66777776,2025-11-09T22:48:37.000,NYPD,New York City Police Department,Noise - Residential,Loud Music/Party,Residential Building/House,10468,2254 CEDAR AVENUE,CEDAR AVENUE,WEST  182 STREET,WEST FORDHAM ROAD,WEST  182 STREET,WEST FORDHAM ROAD,ADDRESS,BRONX,CEDAR AVENUE,Closed,07 BRONX,2032340006,BRONX,1008530,253125,ONLINE,Unspecified,BRONX,40.86141099050807,-73.91222280832875,"{'latitude': '40.86141099050807', 'longitude': '-73.91222280832875', 'human_address': '{""address"": """", ""city"": """", ""state"": """", ""zip"": """"}'}",,2025-11-10T01:03:19.000,The Police Department responded to the complaint but officers were unable to gain entry into the premises.,2025-11-10T01:03:28.000,,,,,,,nyc_opendata_311,2025-11-12 02:39:01.699840
66773247,2025-11-09T22:48:33.000,NYPD,New York City Police Department,Blocked Driveway,No Access,Street/Sidewalk,11208,1386 SUTTER AVENUE,SUTTER AVENUE,AUTUMN AVENUE,LINCOLN AVENUE,AUTUMN AVENUE,LINCOLN AVENUE,ADDRESS,BROOKLYN,SUTTER AVENUE,In Progress,05 BROOKLYN,3042700031,BROOKLYN,1021197,184685,ONLINE,Unspecified,BROOKLYN,40.673517313626185,-73.86680527557651,"{'latitude': '40.673517313626185', 'longitude': '-73.86680527557651', 'human_address': '{""address"": """", ""city"": """", ""state"": """", ""zip"": """"}'}",,,,,,,,,,,nyc_opendata_311,2025-11-12 02:39:01.699840
66775178,2025-11-09T22:48:27.000,NYPD,New York City Police Department,Blocked Driveway,No Access,Street/Sidewalk,11368,108-54 49 AVENUE,49 AVENUE,108 STREET,111 STREET,108 STREET,111 STREET,ADDRESS,CORONA,49 AVENUE,In Progress,04 QUEENS,4020050027,QUEENS,1024602,211001,ONLINE,Unspecified,QUEENS,40.745733524018256,-73.85437248177797,"{'latitude': '40.745733524018256', 'longitude': '-73.85437248177797', 'human_address': '{""address"": """", ""city"": """", ""state"": """", ""zip"": """"}'}",,,,,,,,,,,nyc_opendata_311,2025-11-12 02:39:01.699840
66774820,2025-11-09T22:48:11.000,NYPD,New York City Police Department,Noise - Commercial,Loud Music/Party,Store/Commercial,10018,513 9 AVENUE,9 AVENUE,WEST   38 STREET,WEST   39 STREET,WEST   38 STREET,WEST   39 STREET,ADDRESS,NEW YORK,9 AVENUE,Closed,04 MANHATTAN,,MANHATTAN,985836,214778,MOBILE,Unspecified,MANHATTAN,40.756192356475516,-73.99427534193337,"{'latitude': '40.756192356475516', 'longitude': '-73.99427534193337', 'human_address': '{""address"": """", ""city"": """", ""state"": """", ""zip"": """"}'}",,2025-11-09T22:51:33.000,The Police Department responded to the complaint and took action to fix the condition.,2025-11-09T22:51:37.000,,,,,,,nyc_opendata_311,2025-11-12 02:39:01.699840
66776224,2025-11-09T22:48:05.000,NYPD,New York City Police Department,Illegal Parking,Blocked Hydrant,Street/Sidewalk,11377,72-09 QUEENS BOULEVARD,QUEENS BOULEVARD,72 STREET,73 STREET,72 STREET,73 STREET,ADDRESS,WOODSIDE,QUEENS BOULEVARD,In Progress,02 QUEENS,4013520125,QUEENS,1014399,208679,MOBILE,Unspecified,QUEENS,40.73940088900153,-73.89120475175761,"{'latitude': '40.73940088900153', 'longitude': '-73.89120475175761', 'human_address': '{""address"": """", ""city"": """", ""state"": """", ""zip"": """"}'}",,,,,,,,,,,nyc_opendata_311,2025-11-12 02:39:01.699840
66774844,2025-11-09T22:47:18.000,NYPD,New York City Police Department,Noise - Residential,Banging/Pounding,Residential Building/House,11373,41-40 DENMAN STREET,DENMAN STREET,WHITNEY AVENUE,LAMONT AVENUE,WHITNEY AVENUE,LAMONT AVENUE,ADDRESS,ELMHURST,DENMAN STREET,Closed,04 QUEENS,4015660021,QUEENS,1019241,211140,ONLINE,Unspecified,QUEENS,40.74613788130884,-73.87371920014024,"{'latitude': '40.74613788130884', 'longitude': '-73.87371920014024', 'human_address': '{""address"": """", ""city"": """", ""state"": """", ""zip"": """"}'}",,2025-11-10T01:28:24.000,The Police Department responded to the complaint and took action to fix the condition.,2025-11-10T01:28:30.000,,,,,,,nyc_opendata_311,2025-11-12 02:39:01.699840
66773316,2025-11-09T22:47:16.000,NYPD,New York City Police Department,Illegal Parking,Commercial Overnight Parking,Street/Sidewalk,11378,60-16 55 DRIVE,55 DRIVE,60 STREET,BORDEN AVENUE,60 STREET,BORDEN AVENUE,ADDRESS,MASPETH,55 DRIVE,In Progress,05 QUEENS,,QUEENS,1010467,203731,ONLINE,Unspecified,QUEENS,40.72583238217429,-73.90541297863739,"{'latitude': '40.72583238217429', 'longitude': '-73.90541297863739', 'human_address': '{""address"": """", ""city"": """", ""state"": """", ""zip"": """"}'}",,,,,,,,,,,nyc_opendata_311,2025-11-12 02:39:01.699840
66775627,2025-11-09T22:47:15.000,NYPD,New York City Police Department,Illegal Parking,Double Parked Blocking Traffic,Street/Sidewalk,10309,192 SHIEL AVENUE,SHIEL AVENUE,WINANT AVENUE,BLOOMINGDALE ROAD,WINANT AVENUE,BLOOMINGDALE ROAD,ADDRESS,STATEN ISLAND,SHIEL AVENUE,Closed,03 STATEN ISLAND,5070800010,STATEN ISLAND,923566,137709,MOBILE,Unspecified,STATEN ISLAND,40.544447364439584,-74.21834471155617,"{'latitude': '40.544447364439584', 'longitude': '-74.21834471155617', 'human_address': '{""address"": """", ""city"": """", ""state"": """", ""zip"": """"}'}",Car,2025-11-10T00:01:57.000,The Police Department responded to the complaint and determined that police action was not necessary.,2025-11-10T00:02:01.000,,,,,,,nyc_opendata_311,2025-11-12 02:39:01.699840
66776412,2025-11-09T22:47:08.000,DOHMH,Department of Health and Mental Hygiene,Rodent,Condition Attracting Rodents,3+ Family Mixed Use Building,11229,2662 OCEAN AVENUE,OCEAN AVENUE,AVENUE V,GRAVESEND NECK ROAD,AVENUE V,GRAVESEND NECK ROAD,ADDRESS,BROOKLYN,OCEAN AVENUE,In Progress,15 BROOKLYN,3073800013,BROOKLYN,997883,156677,ONLINE,Unspecified,BROOKLYN,40.59670792799608,-73.95090929569977,"{'latitude': '40.59670792799608', 'longitude': '-73.95090929569977', 'human_address': '{""address"": """", ""city"": """", ""state"": """", ""zip"": """"}'}",,,,,,,,,,,nyc_opendata_311,2025-11-12 02:39:01.699840
66773556,2025-11-09T22:47:00.000,DEP,Department of Environmental Protection,Noise,"Noise, Barking Dog (NR5)",,10018,555 10 AVENUE,10 AVENUE,W 40 ST,W 41 ST,,,ADDRESS,NEW YORK,,Open,04 MANHATTAN,1010697501,MANHATTAN,985346,215750,ONLINE,Unspecified,MANHATTAN,40.758860322629424,-73.99604383571884,"{'latitude': '40.758860322629424', 'longitude': '-73.99604383571884', 'human_address': '{""address"": """", ""city"": """", ""state"": """", ""zip"": """"}'}",,,,,,,,N/A,,,nyc_opendata_311,2025-11-12 02:39:01.699840
66777653,2025-11-09T22:47:00.000,DOT,Department of Transportation,Street Light Condition,Street Light Out,,10453,WEST  182 STREET,WEST  182 STREET,DAVIDSON AVENUE,JEROME AVENUE,,,BLOCKFACE,BRONX,,Open,05 BRONX,,BRONX,,,UNKNOWN,Unspecified,BRONX,,,,,,,,,,,,,,nyc_opendata_311,2025-11-12 02:39:01.699840
66773648,2025-11-09T22:46:59.000,NYPD,New York City Police Department,Illegal Parking,Blocked Hydrant,Street/Sidewalk,10466,693 EAST  236 STREET,EAST  236 STREET,RICHARDSON AVENUE,WHITE PLAINS ROAD,RICHARDSON AVENUE,WHITE PLAINS ROAD,ADDRESS,BRONX,EAST  236 STREET,Closed,12 BRONX,2050390035,BRONX,1023909,265647,MOBILE,Unspecified,BRONX,40.8957242611093,-73.85655050810409,"{'latitude': '40.8957242611093', 'longitude': '-73.85655050810409', 'human_address': '{""address"": """", ""city"": """", ""state"": """", ""zip"": """"}'}",,2025-11-09T23:21:58.000,The Police Department issued a summons in response to the complaint.,2025-11-09T23:22:00.000,,,,,,,nyc_opendata_311,2025-11-12 02:39:01.699840
66774875,2025-11-09T22:46:58.000,NYPD,New York City Police Department,Noise - Residential,Banging/Pounding,Residential Building/House,11230,1641 OCEAN AVENUE,OCEAN AVENUE,AVENUE K,AVENUE L,AVENUE K,AVENUE L,ADDRESS,BROOKLYN,OCEAN AVENUE,Closed,14 BROOKLYN,3076200014,BROOKLYN,996551,165911,PHONE,Unspecified,BROOKLYN,40.622055308707566,-73.95568883815213,"{'latitude': '40.622055308707566', 'longitude': '-73.95568883815213', 'human_address': '{""address"": """", ""city"": """", ""state"": """", ""zip"": """"}'}",,2025-11-10T00:36:52.000,The Police Department responded to the complaint and determined that police action was not necessary.,2025-11-10T00:36:58.000,,,,,,,nyc_opendata_311,2025-11-12 02:39:01.699840
66778907,2025-11-09T22:46:55.000,HPD,Department of Housing Preservation and Development,HEAT/HOT WATER,APARTMENT ONLY,RESIDENTIAL BUILDING,11206,315 PULASKI STREET,PULASKI STREET,,,,,ADDRESS,BROOKLYN,,Open,03 BROOKLYN,3015940065,BROOKLYN,1001376,191994,ONLINE,Unspecified,BROOKLYN,40.69363938113728,-73.9382417899464,"{'latitude': '40.69363938113728', 'longitude': '-73.9382417899464', 'human_address': '{""address"": """", ""city"": """", ""state"": """", ""zip"": """"}'}",,,The following complaint conditions are still open. HPD has already attempted to notify the property owner that the condition exists; the tenant should provide access for the owner to make the repair.  HPD may attempt to contact the tenant by phone to verify the correction of the condition or an HPD Inspector may attempt to conduct an inspection.,2025-11-09T00:00:00.000,,,,,,,nyc_opendata_311,2025-11-12 02:39:01.699840
66777141,2025-11-09T22:46:20.000,DOHMH,Department of Health and Mental Hygiene,Indoor Air Quality,Chemical Vapors/Gases/Odors,Other (Explain Below),11354,132-70 34 AVENUE,34 AVENUE,COLLINS PLACE,DEAD END,COLLINS PLACE,DEAD END,ADDRESS,FLUSHING,34 AVENUE,In Progress,07 QUEENS,4049460119,QUEENS,1029946,218174,ONLINE,Unspecified,QUEENS,40.765395548694634,-73.83503765627137,"{'latitude': '40.765395548694634', 'longitude': '-73.83503765627137', 'human_address': '{""address"": """", ""city"": """", ""state"": """", ""zip"": """"}'}",,,,,,,,,,,nyc_opendata_311,2025-11-12 02:39:01.699840
66776265,2025-11-09T22:46:16.000,NYPD,New York City Police Department,Noise - Street/Sidewalk,Loud Music/Party,Street/Sidewalk,11368,96-02 57 AVENUE,57 AVENUE,JUNCTION BOULEVARD,96 STREET,JUNCTION BOULEVARD,96 STREET,ADDRESS,CORONA,57 AVENUE,In Progress,04 QUEENS,4019180050,QUEENS,1021645,207759,ONLINE,Unspecified,QUEENS,40.736848050167545,-73.86506209170804,"{'latitude': '40.736848050167545', 'longitude': '-73.86506209170804', 'human_address': '{""address"": """", ""city"": """", ""state"": """", ""zip"": """"}'}",,,,,,,,,,,nyc_opendata_311,2025-11-12 02:39:01.699840
66772874,2025-11-09T22:45:29.000,NYPD,New York City Police Department,Noise - Residential,Banging/Pounding,Residential Building/House,11232,850 40 STREET,40 STREET,8 AVENUE,9 AVENUE,8 AVENUE,9 AVENUE,ADDRESS,BROOKLYN,40 STREET,Closed,12 BROOKLYN,3009200023,BROOKLYN,985146,174644,ONLINE,Unspecified,BROOKLYN,40.64603403423817,-73.99677123260035,"{'latitude': '40.64603403423817', 'longitude': '-73.99677123260035', 'human_address': '{""address"": """", ""city"": """", ""state"": """", ""zip"": """"}'}",,2025-11-10T00:47:12.000,The Police Department responded to the complaint but officers were unable to gain entry into the premises.,2025-11-10T00:47:18.000,,,,,,,nyc_opendata_311,2025-11-12 02:39:01.699840
66773976,2025-11-09T22:45:03.000,NYPD,New York City Police Department,Noise - Street/Sidewalk,Loud Talking,Street/Sidewalk,10018,263 WEST   36 STREET,WEST   36 STREET,7 AVENUE,8 AVENUE,7 AVENUE,8 AVENUE,ADDRESS,NEW YORK,WEST   36 STREET,Closed,05 MANHATTAN,1007860001,MANHATTAN,986642,213613,MOBILE,Unspecified,MANHATTAN,40.75299454624966,-73.99136650393555,"{'latitude': '40.75299454624966', 'longitude': '-73.99136650393555', 'human_address': '{""address"": """", ""city"": """", ""state"": """", ""zip"": """"}'}",,2025-11-10T00:22:37.000,The Police Department responded to the complaint and with the information available observed no evidence of the violation at that time.,2025-11-10T00:22:42.000,,,,,,,nyc_opendata_311,2025-11-12 02:39:01.699840
66776569,2025-11-09T22:44:24.000,NYPD,New York City Police Department,Illegal Parking,Double Parked Blocking Traffic,Street/Sidewalk,11235,1180 BRIGHTON BEACH AVENUE,BRIGHTON BEACH AVENUE,BRIGHTON   15 STREET,CORBIN PLACE,BRIGHTON   15 STREET,CORBIN PLACE,ADDRESS,BROOKLYN,BRIGHTON BEACH AVENUE,Closed,13 BROOKLYN,3087237502,BROOKLYN,996814,149627,ONLINE,Unspecified,BROOKLYN,40.57735866497719,-73.95477173583133,"{'latitude': '40.57735866497719', 'longitude': '-73.95477173583133', 'human_address': '{""address"": """", ""city"": """", ""state"": """", ""zip"": """"}'}",SUV,2025-11-09T23:05:16.000,The Police Department responded and upon arrival those responsible for the condition were gone.,2025-11-09T23:05:19.000,,,,,,,nyc_opendata_311,2025-11-12 02:39:01.699840
66773809,2025-11-09T22:44:20.000,NYPD,New York City Police Department,Noise - Commercial,Loud Music/Party,Club/Bar/Restaurant,10018,511 9 AVENUE,9 AVENUE,WEST   38 STREET,WEST   39 STREET,WEST   38 STREET,WEST   39 STREET,ADDRESS,NEW YORK,9 AVENUE,Closed,04 MANHATTAN,1007367501,MANHATTAN,985824,214755,ONLINE,Unspecified,MANHATTAN,40.756129229479534,-73.99431866125,"{'latitude': '40.756129229479534', 'longitude': '-73.99431866125', 'human_address': '{""address"": """", ""city"": """", ""state"": """", ""zip"": """"}'}",,2025-11-09T22:51:15.000,The Police Department responded to the complaint and took action to fix the condition.,2025-11-09T22:51:18.000,,,,,,,nyc_opendata_311,2025-11-12 02:39:01.699840
66774097,2025-11-09T22:44:05.000,HPD,Department of Housing Preservation and Development,HEAT/HOT WATER,ENTIRE BUILDING,RESIDENTIAL BUILDING,10457,2206 VALENTINE AVENUE,VALENTINE AVENUE,,,,,ADDRESS,BRONX,,Open,05 BRONX,2031440058,BRONX,1012216,250804,MOBILE,Unspecified,BRONX,40.855029638387805,-73.8989068552399,"{'latitude': '40.855029638387805', 'longitude': '-73.8989068552399', 'human_address': '{""address"": """", ""city"": """", ""state"": """", ""zip"": """"}'}",,,The following complaint conditions are still open. HPD has already attempted to notify the property owner that the condition exists; the tenant should provide access for the owner to make the repair.  HPD may attempt to contact the tenant by phone to verify the correction of the condition or an HPD Inspector may attempt to conduct an inspection.,2025-11-09T00:00:00.000,,,,,,,nyc_opendata_311,2025-11-12 02:39:01.699840
66775866,2025-11-09T22:44:03.000,NYPD,New York City Police Department,Noise - Residential,Loud Music/Party,Residential Building/House,11412,118-35 FARMERS BOULEVARD,FARMERS BOULEVARD,118 AVENUE,118 ROAD,118 AVENUE,118 ROAD,ADDRESS,SAINT ALBANS,FARMERS BOULEVARD,Closed,12 QUEENS,4126037501,QUEENS,1050229,190530,ONLINE,Unspecified,QUEENS,40.689391680962395,-73.76208746735215,"{'latitude': '40.689391680962395', 'longitude': '-73.76208746735215', 'human_address': '{""address"": """", ""city"": """", ""state"": """", ""zip"": """"}'}",,2025-11-10T00:54:07.000,The Police Department responded to the complaint and with the information available observed no evidence of the violation at that time.,2025-11-10T00:54:13.000,,,,,,,nyc_opendata_311,2025-11-12 02:39:01.699840
66777381,2025-11-09T22:44:00.000,DEP,Department of Environmental Protection,Lead,Lead Kit Request (Residential) (L10),,10023,160 WEST   71 STREET,WEST   71 STREET,COLUMBUS AVE,BROADWAY,,,ADDRESS,NEW YORK,,Open,07 MANHATTAN,1011420064,MANHATTAN,989471,222545,ONLINE,Unspecified,MANHATTAN,40.77750935940004,-73.98114879696303,"{'latitude': '40.77750935940004', 'longitude': '-73.98114879696303', 'human_address': '{""address"": """", ""city"": """", ""state"": """", ""zip"": """"}'}",,,,,,,,N/A,,,nyc_opendata_311,2025-11-12 02:39:01.699840
66775358,2025-11-09T22:43:45.000,DSNY,Department of Sanitation,Illegal Dumping,Removal Request,Sidewalk,11101,38-02 30 STREET,30 STREET,38 AVENUE,39 AVENUE,38 AVENUE,39 AVENUE,ADDRESS,LONG ISLAND CITY,30 STREET,In Progress,01 QUEENS,4003840117,QUEENS,1002827,213994,ONLINE,Unspecified,QUEENS,40.754021103276024,-73.9329486022447,"{'latitude': '40.754021103276024', 'longitude': '-73.9329486022447', 'human_address': '{""address"": """", ""city"": """", ""state"": """", ""zip"": """"}'}",,,,,,,,,,,nyc_opendata_311,2025-11-12 02:39:01.699840
66777170,2025-11-09T22:43:37.000,NYPD,New York City Police Department,Illegal Parking,Blocked Hydrant,Street/Sidewalk,11214,1919 82 STREET,82 STREET,19 AVENUE,20 AVENUE,19 AVENUE,20 AVENUE,ADDRESS,BROOKLYN,82 STREET,In Progress,11 BROOKLYN,3062970070,BROOKLYN,984954,160733,ONLINE,Unspecified,BROOKLYN,40.60785128096797,-73.99746456226916,"{'latitude': '40.60785128096797', 'longitude': '-73.99746456226916', 'human_address': '{""address"": """", ""city"": """", ""state"": """", ""zip"": """"}'}",,,,,,,,,,,nyc_opendata_311,2025-11-12 02:39:01.699840
66774389,2025-11-09T22:43:31.000,DSNY,Department of Sanitation,Illegal Dumping,Removal Request,Street,11204,1930 BAY RIDGE PARKWAY,BAY RIDGE PARKWAY,19 AVENUE,20 AVENUE,19 AVENUE,20 AVENUE,ADDRESS,BROOKLYN,BAY RIDGE PARKWAY,In Progress,11 BROOKLYN,3062280017,BROOKLYN,986143,162132,PHONE,Unspecified,BROOKLYN,40.61169107452373,-73.993182017476,"{'latitude': '40.61169107452373', 'longitude': '-73.993182017476', 'human_address': '{""address"": """", ""city"": """", ""state"": """", ""zip"": """"}'}",,,,,,,,,,,nyc_opendata_311,2025-11-12 02:39:01.699840
66773304,2025-11-09T22:43:06.000,NYPD,New York City Police Department,Illegal Parking,Blocked Hydrant,Street/Sidewalk,11204,1773 74 STREET,74 STREET,17 AVENUE,18 AVENUE,17 AVENUE,18 AVENUE,ADDRESS,BROOKLYN,74 STREET,In Progress,11 BROOKLYN,3062040055,BROOKLYN,985316,163149,MOBILE,Unspecified,BROOKLYN,40.61448266788612,-73.99616044727624,"{'latitude': '40.61448266788612', 'longitude': '-73.99616044727624', 'human_address': '{""address"": """", ""city"": """", ""state"": """", ""zip"": """"}'}",,,,,,,,,,,nyc_opendata_311,2025-11-12 02:39:01.699840
66776996,2025-11-09T22:43:00.000,HPD,Department of Housing Preservation and Development,HEAT/HOT WATER,ENTIRE BUILDING,RESIDENTIAL BUILDING,11201,90 SANDS STREET,SANDS STREET,,,,,ADDRESS,BROOKLYN,,Open,02 BROOKLYN,3000870009,BROOKLYN,987794,194331,PHONE,Unspecified,BROOKLYN,40.70006976346633,-73.9872187206513,"{'latitude': '40.70006976346633', 'longitude': '-73.9872187206513', 'human_address': '{""address"": """", ""city"": """", ""state"": """", ""zip"": """"}'}",,,"This complaint is a duplicate of a building-wide condition already reported by another tenant.  The original complaint is still open, and HPD may only need to confirm that the condition exists by inspecting one apartment.  If we cannot contact the tenant from the original complaint or get access to that apartment, HPD may attempt to contact the person who filed this complaint to verify the correction of the condition or may conduct an inspection of your unit. You can check HPDONLINE to see if a",2025-11-09T00:00:00.000,,,,,,,nyc_opendata_311,2025-11-12 02:39:01.699840
66776251,2025-11-09T22:43:00.000,NYPD,New York City Police Department,Noise - Residential,Banging/Pounding,Residential Building/House,10033,725 WEST  184 STREET,WEST  184 STREET,BENNETT AVENUE,OVERLOOK TERRACE,BENNETT AVENUE,OVERLOOK TERRACE,ADDRESS,NEW YORK,WEST  184 STREET,In Progress,12 MANHATTAN,1021800157,MANHATTAN,1001985,249838,ONLINE,Unspecified,MANHATTAN,40.85240473614685,-73.935893015454,"{'latitude': '40.85240473614685', 'longitude': '-73.935893015454', 'human_address': '{""address"": """", ""city"": """", ""state"": """", ""zip"": """"}'}",,,,,,,,,,,nyc_opendata_311,2025-11-12 02:39:01.699840
66772898,2025-11-09T22:42:43.000,NYPD,New York City Police Department,Noise - Residential,Loud Music/Party,Residential Building/House,10462,2110 WALLACE AVENUE,WALLACE AVENUE,BRADY AVENUE,LYDIG AVENUE,BRADY AVENUE,LYDIG AVENUE,ADDRESS,BRONX,WALLACE AVENUE,Closed,11 BRONX,2042920014,BRONX,1021643,250256,ONLINE,Unspecified,BRONX,40.85349064990759,-73.86483268410794,"{'latitude': '40.85349064990759', 'longitude': '-73.86483268410794', 'human_address': '{""address"": """", ""city"": """", ""state"": """", ""zip"": """"}'}",,2025-11-10T00:00:46.000,The Police Department responded to the complaint and took action to fix the condition.,2025-11-10T00:00:52.000,,,,,,,nyc_opendata_311,2025-11-12 02:39:01.699840
66772700,2025-11-09T22:42:41.000,NYPD,New York City Police Department,Illegal Parking,Double Parked Blocking Vehicle,Street/Sidewalk,10457,4325 PARK AVENUE,PARK AVENUE,EAST  179 STREET,EAST  180 STREET,EAST  179 STREET,EAST  180 STREET,ADDRESS,BRONX,PARK AVENUE,Closed,06 BRONX,2030290061,BRONX,1012543,249161,ONLINE,Unspecified,BRONX,40.85051905291378,-73.89773173136541,"{'latitude': '40.85051905291378', 'longitude': '-73.89773173136541', 'human_address': '{""address"": """", ""city"": """", ""state"": """", ""zip"": """"}'}",Car,2025-11-09T23:44:18.000,The Police Department responded and upon arrival those responsible for the condition were gone.,2025-11-09T23:44:20.000,,,,,,,nyc_opendata_311,2025-11-12 02:39:01.699840
66779140,2025-11-09T22:42:31.000,DOHMH,Department of Health and Mental Hygiene,Food Establishment,Bare Hands in Contact w/ Food,Restaurant/Bar/Deli/Bakery,11693,87-15 ROCKAWAY BEACH BOULEVARD,ROCKAWAY BEACH BOULEVARD,BEACH   87 STREET,BEACH   88 STREET,BEACH   87 STREET,BEACH   88 STREET,ADDRESS,FAR ROCKAWAY,ROCKAWAY BEACH BOULEVARD,In Progress,14 QUEENS,4161310010,QUEENS,1036361,153341,ONLINE,Unspecified,QUEENS,40.58740858405237,-73.81238089296849,"{'latitude': '40.58740858405237', 'longitude': '-73.81238089296849', 'human_address': '{""address"": """", ""city"": """", ""state"": """", ""zip"": """"}'}",,,,,,,,,,,nyc_opendata_311,2025-11-12 02:39:01.699840
66779867,2025-11-09T22:42:20.000,NYPD,New York City Police Department,Noise - Street/Sidewalk,Loud Music/Party,Street/Sidewalk,11238,1118 FULTON STREET,FULTON STREET,CLAVER PLACE,FRANKLIN AVENUE,CLAVER PLACE,FRANKLIN AVENUE,ADDRESS,BROOKLYN,FULTON STREET,Closed,03 BROOKLYN,3020167504,BROOKLYN,996370,187481,MOBILE,Unspecified,BROOKLYN,40.681260504066735,-73.95630208275415,"{'latitude': '40.681260504066735', 'longitude': '-73.95630208275415', 'human_address': '{""address"": """", ""city"": """", ""state"": """", ""zip"": """"}'}",,2025-11-09T22:58:45.000,The Police Department responded to the complaint and took action to fix the condition.,2025-11-09T22:58:48.000,,,,,,,nyc_opendata_311,2025-11-12 02:39:01.699840
66775738,2025-11-09T22:42:09.000,NYPD,New York City Police Department,Blocked Driveway,Partial Access,Street/Sidewalk,10462,2072 MATTHEWS AVENUE,MATTHEWS AVENUE,BRADY AVENUE,LYDIG AVENUE,BRADY AVENUE,LYDIG AVENUE,ADDRESS,BRONX,MATTHEWS AVENUE,Closed,11 BRONX,2042970018,BRONX,1022160,250113,PHONE,Unspecified,BRONX,40.8530959531755,-73.8629646566343,"{'latitude': '40.8530959531755', 'longitude': '-73.8629646566343', 'human_address': '{""address"": """", ""city"": """", ""state"": """", ""zip"": """"}'}",,2025-11-09T23:28:52.000,The Police Department responded to the complaint and took action to fix the condition.,2025-11-09T23:28:59.000,,,,,,,nyc_opendata_311,2025-11-12 02:39:01.699840
66774365,2025-11-09T22:42:05.000,DHS,Department of Homeless Services,Homeless Person Assistance,Non-Chronic,Park/Playground,10002,195 CHRYSTIE STREET,CHRYSTIE STREET,RIVINGTON STREET,STANTON STREET,RIVINGTON STREET,STANTON STREET,ADDRESS,NEW YORK,CHRYSTIE STREET,Assigned,03 MANHATTAN,1004260029,MANHATTAN,986494,202292,MOBILE,N/A,MANHATTAN,40.721921241901896,-73.99190445974854,"{'latitude': '40.721921241901896', 'longitude': '-73.99190445974854', 'human_address': '{""address"": """", ""city"": """", ""state"": """", ""zip"": """"}'}",,,The Department of Homeless Services has sent a mobile outreach response team to the location.,2025-11-09T22:57:16.000,,,,,,,nyc_opendata_311,2025-11-12 02:39:01.699840
66778131,2025-11-09T22:42:05.000,NYPD,New York City Police Department,Illegal Parking,Blocked Hydrant,Street/Sidewalk,11209,7116 RIDGE BOULEVARD,RIDGE BOULEVARD,71 STREET,72 STREET,71 STREET,72 STREET,ADDRESS,BROOKLYN,RIDGE BOULEVARD,In Progress,10 BROOKLYN,3058890045,BROOKLYN,976079,170501,ONLINE,Unspecified,BROOKLYN,40.63465866308299,-74.02943946629897,"{'latitude': '40.63465866308299', 'longitude': '-74.02943946629897', 'human_address': '{""address"": """", ""city"": """", ""state"": """", ""zip"": """"}'}",,,Your complaint has been received by the Police Department and additional information will be available later.,2025-11-09T22:43:18.000,,,,,,,nyc_opendata_311,2025-11-12 02:39:01.699840
66775024,2025-11-09T22:42:04.000,HPD,Department of Housing Preservation and Development,HEAT/HOT WATER,APARTMENT ONLY,RESIDENTIAL BUILDING,10463,3605 SEDGWICK AVENUE,SEDGWICK AVENUE,,,,,ADDRESS,BRONX,,Open,08 BRONX,2032580190,BRONX,1012875,260464,PHONE,Unspecified,BRONX,40.88154126381984,-73.89648339982303,"{'latitude': '40.88154126381984', 'longitude': '-73.89648339982303', 'human_address': '{""address"": """", ""city"": """", ""state"": """", ""zip"": """"}'}",,,"This complaint is a duplicate of a building-wide condition already reported by another tenant.  The original complaint is still open, and HPD may only need to confirm that the condition exists by inspecting one apartment.  If we cannot contact the tenant from the original complaint or get access to that apartment, HPD may attempt to contact the person who filed this complaint to verify the correction of the condition or may conduct an inspection of your unit. You can check HPDONLINE to see if a",2025-11-09T00:00:00.000,,,,,,,nyc_opendata_311,2025-11-12 02:39:01.699840
66776253,2025-11-09T22:42:03.000,NYPD,New York City Police Department,Noise - Residential,Banging/Pounding,Residential Building/House,11355,45-10 KISSENA BOULEVARD,KISSENA BOULEVARD,45 AVENUE,GERANIUM AVENUE,45 AVENUE,GERANIUM AVENUE,ADDRESS,FLUSHING,KISSENA BOULEVARD,In Progress,07 QUEENS,4051460036,QUEENS,1033964,213288,ONLINE,Unspecified,QUEENS,40.75196307494059,-73.82056886414269,"{'latitude': '40.75196307494059', 'longitude': '-73.82056886414269', 'human_address': '{""address"": """", ""city"": """", ""state"": """", ""zip"": """"}'}",,,,,,,,,,,nyc_opendata_311,2025-11-12 02:39:01.699840
66776818,2025-11-09T22:41:49.000,NYPD,New York City Police Department,Noise - Residential,Loud Music/Party,Residential Building/House,10468,150 WEST  197 STREET,WEST  197 STREET,WEBB AVENUE,SEDGWICK AVENUE,WEBB AVENUE,SEDGWICK AVENUE,ADDRESS,BRONX,WEST  197 STREET,Closed,08 BRONX,2032490206,BRONX,1011478,257128,MOBILE,Unspecified,BRONX,40.87238940119189,-73.90154892595247,"{'latitude': '40.87238940119189', 'longitude': '-73.90154892595247', 'human_address': '{""address"": """", ""city"": """", ""state"": """", ""zip"": """"}'}",,2025-11-10T01:10:57.000,The Police Department responded to the complaint and took action to fix the condition.,2025-11-10T01:11:04.000,,,,,,,nyc_opendata_311,2025-11-12 02:39:01.699840
66775857,2025-11-09T22:41:31.000,NYPD,New York City Police Department,Noise - Residential,Loud Music/Party,Residential Building/House,11230,1921 BAY AVENUE,BAY AVENUE,EAST   19 STREET,OCEAN AVENUE,EAST   19 STREET,OCEAN AVENUE,ADDRESS,BROOKLYN,BAY AVENUE,Closed,14 BROOKLYN,3067480026,BROOKLYN,996602,164234,ONLINE,Unspecified,BROOKLYN,40.61745222232322,-73.95550819219517,"{'latitude': '40.61745222232322', 'longitude': '-73.95550819219517', 'human_address': '{""address"": """", ""city"": """", ""state"": """", ""zip"": """"}'}",,2025-11-10T00:44:03.000,The Police Department responded to the complaint and determined that police action was not necessary.,2025-11-10T00:44:08.000,,,,,,,nyc_opendata_311,2025-11-12 02:39:01.699840
66773116,2025-11-09T22:41:08.000,HPD,Department of Housing Preservation and Development,HEAT/HOT WATER,ENTIRE BUILDING,RESIDENTIAL BUILDING,10032,884 RIVERSIDE DRIVE,RIVERSIDE DRIVE,,,,,ADDRESS,NEW YORK,,Open,12 MANHATTAN,1021360106,MANHATTAN,999035,244344,MOBILE,Unspecified,MANHATTAN,40.83733075391628,-73.94656853762118,"{'latitude': '40.83733075391628', 'longitude': '-73.94656853762118', 'human_address': '{""address"": """", ""city"": """", ""state"": """", ""zip"": """"}'}",,,"This complaint is a duplicate of a building-wide condition already reported by another tenant.  The original complaint is still open, and HPD may only need to confirm that the condition exists by inspecting one apartment.  If we cannot contact the tenant from the original complaint or get access to that apartment, HPD may attempt to contact the person who filed this complaint to verify the correction of the condition or may conduct an inspection of your unit. You can check HPDONLINE to see if a",2025-11-09T00:00:00.000,,,,,,,nyc_opendata_311,2025-11-12 02:39:01.699840
66776726,2025-11-09T22:40:45.000,NYPD,New York City Police Department,Noise - Commercial,Loud Music/Party,Store/Commercial,11249,139 NORTH    6 STREET,NORTH    6 STREET,BERRY STREET,BEDFORD AVENUE,BERRY STREET,BEDFORD AVENUE,ADDRESS,BROOKLYN,NORTH    6 STREET,Closed,01 BROOKLYN,3023270034,BROOKLYN,995664,200722,MOBILE,Unspecified,BROOKLYN,40.717604891565394,-73.9588250821852,"{'latitude': '40.717604891565394', 'longitude': '-73.9588250821852', 'human_address': '{""address"": """", ""city"": """", ""state"": """", ""zip"": """"}'}",,2025-11-09T22:59:53.000,The Police Department responded to the complaint and took action to fix the condition.,2025-11-09T22:59:58.000,,,,,,,nyc_opendata_311,2025-11-12 02:39:01.699840
66773117,2025-11-09T22:40:44.000,HPD,Department of Housing Preservation and Development,HEAT/HOT WATER,ENTIRE BUILDING,RESIDENTIAL BUILDING,10468,2691 RESERVOIR AVENUE,RESERVOIR AVENUE,,,,,ADDRESS,BRONX,,Open,08 BRONX,2032480001,BRONX,1011958,255635,MOBILE,Unspecified,BRONX,40.868290081620714,-73.89981951605412,"{'latitude': '40.868290081620714', 'longitude': '-73.89981951605412', 'human_address': '{""address"": """", ""city"": """", ""state"": """", ""zip"": """"}'}",,,The following complaint conditions are still open. HPD has already attempted to notify the property owner that the condition exists; the tenant should provide access for the owner to make the repair.  HPD may attempt to contact the tenant by phone to verify the correction of the condition or an HPD Inspector may attempt to conduct an inspection.,2025-11-09T00:00:00.000,,,,,,,nyc_opendata_311,2025-11-12 02:39:01.699840
66776674,2025-11-09T22:40:28.000,NYPD,New York City Police Department,Blocked Driveway,No Access,Street/Sidewalk,11415,84-07 126 STREET,126 STREET,KEW GARDENS ROAD,AUSTIN STREET,KEW GARDENS ROAD,AUSTIN STREET,ADDRESS,KEW GARDENS,126 STREET,Closed,09 QUEENS,4092480126,QUEENS,1032484,197034,MOBILE,Unspecified,QUEENS,40.70735810501443,-73.8260270779507,"{'latitude': '40.70735810501443', 'longitude': '-73.8260270779507', 'human_address': '{""address"": """", ""city"": """", ""state"": """", ""zip"": """"}'}",,2025-11-10T01:00:14.000,The Police Department responded to the complaint and with the information available observed no evidence of the violation at that time.,2025-11-10T01:00:23.000,,,,,,,nyc_opendata_311,2025-11-12 02:39:01.699840
66774282,2025-11-09T22:40:01.000,NYPD,New York City Police Department,Illegal Parking,Posted Parking Sign Violation,Street/Sidewalk,10463,2854 KINGSBRIDGE TERRACE,KINGSBRIDGE TERRACE,WEST  229 STREET,WEST  230 STREET,WEST  229 STREET,WEST  230 STREET,ADDRESS,BRONX,KINGSBRIDGE TERRACE,In Progress,08 BRONX,2032530133,BRONX,1011173,257790,ONLINE,Unspecified,BRONX,40.874207322276355,-73.9026490846547,"{'latitude': '40.874207322276355', 'longitude': '-73.9026490846547', 'human_address': '{""address"": """", ""city"": """", ""state"": """", ""zip"": """"}'}",,,,,,,,,,,nyc_opendata_311,2025-11-12 02:39:01.699840
66772688,2025-11-09T22:39:55.000,NYPD,New York City Police Department,Illegal Parking,Posted Parking Sign Violation,Street/Sidewalk,10027,629 WEST  130 STREET,WEST  130 STREET,BROADWAY,12 AVENUE,BROADWAY,12 AVENUE,ADDRESS,NEW YORK,WEST  130 STREET,Closed,09 MANHATTAN,1019970001,MANHATTAN,995807,237046,MOBILE,Unspecified,MANHATTAN,40.81730464246672,-73.95824676535679,"{'latitude': '40.81730464246672', 'longitude': '-73.95824676535679', 'human_address': '{""address"": """", ""city"": """", ""state"": """", ""zip"": """"}'}",,2025-11-09T22:50:02.000,The Police Department responded to the complaint and with the information available observed no evidence of the violation at that time.,2025-11-09T22:50:04.000,,,,,,,nyc_opendata_311,2025-11-12 02:39:01.699840
66776849,2025-11-09T22:39:49.000,NYPD,New York City Police Department,Noise - Residential,Loud Talking,Residential Building/House,10035,2400 2 AVENUE,2 AVENUE,EAST  123 STREET,EAST  124 STREET,EAST  123 STREET,EAST  124 STREET,ADDRESS,NEW YORK,2 AVENUE,Closed,11 MANHATTAN,1017970001,MANHATTAN,1002403,231268,MOBILE,Unspecified,MANHATTAN,40.80143454654757,-73.93443230896085,"{'latitude': '40.80143454654757', 'longitude': '-73.93443230896085', 'human_address': '{""address"": """", ""city"": """", ""state"": """", ""zip"": """"}'}",,2025-11-09T23:33:49.000,The Police Department responded to the complaint and with the information available observed no evidence of the violation at that time.,2025-11-09T23:33:54.000,,,,,,,nyc_opendata_311,2025-11-12 02:39:01.699840
66779454,2025-11-09T22:39:39.000,NYPD,New York City Police Department,Illegal Parking,Blocked Hydrant,Street/Sidewalk,11203,93 EAST   38 STREET,EAST   38 STREET,CLARKSON AVENUE,LENOX ROAD,CLARKSON AVENUE,LENOX ROAD,ADDRESS,BROOKLYN,EAST   38 STREET,Closed,17 BROOKLYN,3048430038,BROOKLYN,1000255,178002,ONLINE,Unspecified,BROOKLYN,40.655236595871074,-73.94231746166848,"{'latitude': '40.655236595871074', 'longitude': '-73.94231746166848', 'human_address': '{""address"": """", ""city"": """", ""state"": """", ""zip"": """"}'}",,2025-11-09T23:33:07.000,The Police Department issued a summons in response to the complaint.,2025-11-09T23:33:10.000,,,,,,,nyc_opendata_311,2025-11-12 02:39:01.699840
66773225,2025-11-09T22:39:35.000,NYPD,New York City Police Department,Abandoned Vehicle,With License Plate,Street/Sidewalk,10314,631 TRAVIS AVENUE,TRAVIS AVENUE,FERNDALE AVENUE,GADSEN PLACE,FERNDALE AVENUE,GADSEN PLACE,ADDRESS,STATEN ISLAND,TRAVIS AVENUE,Closed,02 STATEN ISLAND,5023630079,STATEN ISLAND,939678,155005,ONLINE,Unspecified,STATEN ISLAND,40.592017038878794,-74.1604869269262,"{'latitude': '40.592017038878794', 'longitude': '-74.1604869269262', 'human_address': '{""address"": """", ""city"": """", ""state"": """", ""zip"": """"}'}",Car,2025-11-09T23:29:48.000,The Police Department responded to the complaint and took action to fix the condition.,2025-11-09T23:29:51.000,,,,,,,nyc_opendata_311,2025-11-12 02:39:01.699840
66774923,2025-11-09T22:39:31.000,NYPD,New York City Police Department,Noise - Residential,Loud Music/Party,Residential Building/House,11420,134-09 ROCKAWAY BOULEVARD,ROCKAWAY BOULEVARD,134 STREET,135 STREET,134 STREET,135 STREET,ADDRESS,SOUTH OZONE PARK,ROCKAWAY BOULEVARD,Closed,10 QUEENS,4117010006,QUEENS,1038675,185104,ONLINE,Unspecified,QUEENS,40.67457717318112,-73.80379350570813,"{'latitude': '40.67457717318112', 'longitude': '-73.80379350570813', 'human_address': '{""address"": """", ""city"": """", ""state"": """", ""zip"": """"}'}",,2025-11-10T01:24:08.000,The Police Department responded to the complaint and with the information available observed no evidence of the violation at that time.,2025-11-10T01:24:15.000,,,,,,,nyc_opendata_311,2025-11-12 02:39:01.699840
66775231,2025-11-09T22:39:11.000,NYPD,New York City Police Department,Illegal Parking,Blocked Hydrant,Street/Sidewalk,11373,90-49 53 AVENUE,53 AVENUE,90 STREET,92 STREET,90 STREET,92 STREET,ADDRESS,ELMHURST,53 AVENUE,In Progress,04 QUEENS,4018540049,QUEENS,1019418,208260,ONLINE,Unspecified,QUEENS,40.73823230536929,-73.87309547447138,"{'latitude': '40.73823230536929', 'longitude': '-73.87309547447138', 'human_address': '{""address"": """", ""city"": """", ""state"": """", ""zip"": """"}'}",,,,,,,,,,,nyc_opendata_311,2025-11-12 02:39:01.699840
66776411,2025-11-09T22:39:10.000,DOHMH,Department of Health and Mental Hygiene,Rodent,Condition Attracting Rodents,3+ Family Apt. Building,11238,634 FRANKLIN AVENUE,FRANKLIN AVENUE,BERGEN STREET,ST MARKS AVENUE,BERGEN STREET,ST MARKS AVENUE,ADDRESS,BROOKLYN,FRANKLIN AVENUE,In Progress,08 BROOKLYN,3011490052,BROOKLYN,996498,185774,ONLINE,Unspecified,BROOKLYN,40.67657499999741,-73.95584368904919,"{'latitude': '40.67657499999741', 'longitude': '-73.95584368904919', 'human_address': '{""address"": """", ""city"": """", ""state"": """", ""zip"": """"}'}",,,,,,,,,,,nyc_opendata_311,2025-11-12 02:39:01.699840
66775176,2025-11-09T22:38:49.000,NYPD,New York City Police Department,Blocked Driveway,No Access,Street/Sidewalk,11207,725 SNEDIKER AVENUE,SNEDIKER AVENUE,LINDEN BOULEVARD,DE WITT AVENUE,LINDEN BOULEVARD,DE WITT AVENUE,ADDRESS,BROOKLYN,SNEDIKER AVENUE,In Progress,05 BROOKLYN,3038740010,BROOKLYN,1012620,178563,ONLINE,Unspecified,BROOKLYN,40.6567454350503,-73.89775127283986,"{'latitude': '40.6567454350503', 'longitude': '-73.89775127283986', 'human_address': '{""address"": """", ""city"": """", ""state"": """", ""zip"": """"}'}",,,,,,,,,,,nyc_opendata_311,2025-11-12 02:39:01.699840
66777250,2025-11-09T22:38:41.000,NYPD,New York City Police Department,Encampment,N/A,Street/Sidewalk,11201,395 FLATBUSH AVENUE EXTENSION,FLATBUSH AVENUE EXTENSION,DEKALB AVENUE,FLATBUSH AVENUE,DEKALB AVENUE,FLATBUSH AVENUE,ADDRESS,BROOKLYN,FLATBUSH AVENUE EXTENSION,Closed,02 BROOKLYN,3020930001,BROOKLYN,989424,190555,ONLINE,Unspecified,BROOKLYN,40.689704716385705,-73.98134309827577,"{'latitude': '40.689704716385705', 'longitude': '-73.98134309827577', 'human_address': '{""address"": """", ""city"": """", ""state"": """", ""zip"": """"}'}",,2025-11-10T01:07:57.000,The Police Department visited the location and has referred the complaint to the Department of Homeless Services (DHS) for further action. DHS will inspect the condition and update your Service Request with more information.,2025-11-10T01:08:03.000,,,,,,,nyc_opendata_311,2025-11-12 02:39:01.699840
66776300,2025-11-09T22:38:41.000,DHS,Department of Homeless Services,Encampment,N/A,Street/Sidewalk,11201,395 FLATBUSH AVENUE EXTENSION,FLATBUSH AVENUE EXTENSION,DEKALB AVENUE,FLATBUSH AVENUE,DEKALB AVENUE,FLATBUSH AVENUE,ADDRESS,BROOKLYN,FLATBUSH AVENUE EXTENSION,In Progress,02 BROOKLYN,3020930001,BROOKLYN,989424,190555,ONLINE,Unspecified,BROOKLYN,40.689704716385705,-73.98134309827577,"{'latitude': '40.689704716385705', 'longitude': '-73.98134309827577', 'human_address': '{""address"": """", ""city"": """", ""state"": """", ""zip"": """"}'}",,,,2025-11-10T01:08:08.000,,,,,,,nyc_opendata_311,2025-11-12 02:39:01.699840
66776059,2025-11-09T22:38:01.000,HPD,Department of Housing Preservation and Development,HEAT/HOT WATER,ENTIRE BUILDING,RESIDENTIAL BUILDING,11226,1543 NOSTRAND AVENUE,NOSTRAND AVENUE,,,,,ADDRESS,BROOKLYN,,Open,17 BROOKLYN,3049010063,BROOKLYN,998314,175559,PHONE,Unspecified,BROOKLYN,40.64853438931801,-73.94931798105571,"{'latitude': '40.64853438931801', 'longitude': '-73.94931798105571', 'human_address': '{""address"": """", ""city"": """", ""state"": """", ""zip"": """"}'}",,,"This complaint is a duplicate of a building-wide condition already reported by another tenant.  The original complaint is still open, and HPD may only need to confirm that the condition exists by inspecting one apartment.  If we cannot contact the tenant from the original complaint or get access to that apartment, HPD may attempt to contact the person who filed this complaint to verify the correction of the condition or may conduct an inspection of your unit. You can check HPDONLINE to see if a",2025-11-09T00:00:00.000,,,,,,,nyc_opendata_311,2025-11-12 02:39:01.699840
66779805,2025-11-09T22:37:53.000,NYPD,New York City Police Department,Noise - Residential,Loud Music/Party,Residential Building/House,10453,2078 MORRIS AVENUE,MORRIS AVENUE,EAST BURNSIDE AVENUE,EAST  181 STREET,EAST BURNSIDE AVENUE,EAST  181 STREET,ADDRESS,BRONX,MORRIS AVENUE,Closed,05 BRONX,2031690009,BRONX,1010530,250353,MOBILE,Unspecified,BRONX,40.85379695805137,-73.90500327047464,"{'latitude': '40.85379695805137', 'longitude': '-73.90500327047464', 'human_address': '{""address"": """", ""city"": """", ""state"": """", ""zip"": """"}'}",,2025-11-10T01:14:08.000,The Police Department responded to the complaint and took action to fix the condition.,2025-11-10T01:14:14.000,,,,,,,nyc_opendata_311,2025-11-12 02:39:01.699840
66775049,2025-11-09T22:37:49.000,HPD,Department of Housing Preservation and Development,HEAT/HOT WATER,ENTIRE BUILDING,RESIDENTIAL BUILDING,10033,603 WEST  184 STREET,WEST  184 STREET,,,,,ADDRESS,NEW YORK,,Open,12 MANHATTAN,1021660026,MANHATTAN,1002876,249402,PHONE,Unspecified,MANHATTAN,40.85120621118821,-73.93267351623494,"{'latitude': '40.85120621118821', 'longitude': '-73.93267351623494', 'human_address': '{""address"": """", ""city"": """", ""state"": """", ""zip"": """"}'}",,,The following complaint conditions are still open. HPD has already attempted to notify the property owner that the condition exists; the tenant should provide access for the owner to make the repair.  HPD may attempt to contact the tenant by phone to verify the correction of the condition or an HPD Inspector may attempt to conduct an inspection.,2025-11-09T00:00:00.000,,,,,,,nyc_opendata_311,2025-11-12 02:39:01.699840
66779172,2025-11-09T22:37:36.000,NYPD,New York City Police Department,Illegal Parking,Posted Parking Sign Violation,Street/Sidewalk,11220,267 BAY RIDGE AVENUE,BAY RIDGE AVENUE,BAY RIDGE PLACE,3 AVENUE,BAY RIDGE PLACE,3 AVENUE,ADDRESS,BROOKLYN,BAY RIDGE AVENUE,In Progress,10 BROOKLYN,3058620056,BROOKLYN,976844,170970,MOBILE,Unspecified,BROOKLYN,40.6359466409468,-74.02668374676023,"{'latitude': '40.6359466409468', 'longitude': '-74.02668374676023', 'human_address': '{""address"": """", ""city"": """", ""state"": """", ""zip"": """"}'}",,,Your complaint has been received by the Police Department and additional information will be available later.,2025-11-09T22:38:51.000,,,,,,,nyc_opendata_311,2025-11-12 02:39:01.699840
66779151,2025-11-09T22:37:26.000,NYPD,New York City Police Department,Illegal Parking,Blocked Hydrant,Street/Sidewalk,11373,53-18 94 STREET,94 STREET,53 AVENUE,54 AVENUE,53 AVENUE,54 AVENUE,ADDRESS,ELMHURST,94 STREET,In Progress,04 QUEENS,,QUEENS,1020647,208544,ONLINE,Unspecified,QUEENS,40.73900684170849,-73.86865907004791,"{'latitude': '40.73900684170849', 'longitude': '-73.86865907004791', 'human_address': '{""address"": """", ""city"": """", ""state"": """", ""zip"": """"}'}",,,,,,,,,,,nyc_opendata_311,2025-11-12 02:39:01.699840
66774418,2025-11-09T22:37:11.000,NYPD,New York City Police Department,Illegal Parking,Blocked Crosswalk,Street/Sidewalk,10458,300 EAST  197 STREET,EAST  197 STREET,BAINBRIDGE AVENUE,POND PLACE,BAINBRIDGE AVENUE,POND PLACE,ADDRESS,BRONX,EAST  197 STREET,Closed,07 BRONX,2032880022,BRONX,1014780,255225,ONLINE,Unspecified,BRONX,40.86715544808628,-73.88961822824199,"{'latitude': '40.86715544808628', 'longitude': '-73.88961822824199', 'human_address': '{""address"": """", ""city"": """", ""state"": """", ""zip"": """"}'}",,2025-11-09T23:11:08.000,The Police Department issued a summons in response to the complaint.,2025-11-09T23:11:13.000,,,,,,,nyc_opendata_311,2025-11-12 02:39:01.699840
66775888,2025-11-09T22:37:04.000,NYPD,New York City Police Department,Noise - Residential,Loud Music/Party,Residential Building/House,10469,933 EAST  221 STREET,EAST  221 STREET,BRONXWOOD AVENUE,PAULDING AVENUE,BRONXWOOD AVENUE,PAULDING AVENUE,ADDRESS,BRONX,EAST  221 STREET,Closed,12 BRONX,2046920025,BRONX,1024265,260957,MOBILE,Unspecified,BRONX,40.88285010002968,-73.85529085683865,"{'latitude': '40.88285010002968', 'longitude': '-73.85529085683865', 'human_address': '{""address"": """", ""city"": """", ""state"": """", ""zip"": """"}'}",,2025-11-10T00:13:23.000,The Police Department responded to the complaint but officers were unable to gain entry into the premises.,2025-11-10T00:13:27.000,,,,,,,nyc_opendata_311,2025-11-12 02:39:01.699840
66777852,2025-11-09T22:37:03.000,NYPD,New York City Police Department,Noise - Street/Sidewalk,Loud Talking,Street/Sidewalk,10026,114 WEST  116 STREET,WEST  116 STREET,LENOX AVENUE,ADAM CLAYTON POWELL JR BOULEVARD,LENOX AVENUE,ADAM CLAYTON POWELL JR BOULEVARD,ADDRESS,NEW YORK,WEST  116 STREET,Closed,10 MANHATTAN,1018250041,MANHATTAN,997935,231612,MOBILE,Unspecified,MANHATTAN,40.802386781867945,-73.95056978725694,"{'latitude': '40.802386781867945', 'longitude': '-73.95056978725694', 'human_address': '{""address"": """", ""city"": """", ""state"": """", ""zip"": """"}'}",,2025-11-09T22:43:30.000,The Police Department responded to the complaint and took action to fix the condition.,2025-11-09T22:43:33.000,,,,,,,nyc_opendata_311,2025-11-12 02:39:01.699840
66777788,2025-11-09T22:36:53.000,NYPD,New York City Police Department,Noise - Residential,Loud Music/Party,Residential Building/House,10460,2018 HONEYWELL AVENUE,HONEYWELL AVENUE,EAST  178 STREET,EAST  179 STREET,EAST  178 STREET,EAST  179 STREET,ADDRESS,BRONX,HONEYWELL AVENUE,Closed,06 BRONX,2031220007,BRONX,1016411,246574,MOBILE,Unspecified,BRONX,40.84340526400747,-73.88376282887329,"{'latitude': '40.84340526400747', 'longitude': '-73.88376282887329', 'human_address': '{""address"": """", ""city"": """", ""state"": """", ""zip"": """"}'}",,2025-11-10T01:27:10.000,The Police Department responded to the complaint and with the information available observed no evidence of the violation at that time.,2025-11-10T01:27:15.000,,,,,,,nyc_opendata_311,2025-11-12 02:39:01.699840
66775622,2025-11-09T22:36:50.000,NYPD,New York City Police Department,Illegal Parking,Double Parked Blocking Traffic,Street/Sidewalk,11215,PROSPECT AVENUE,PROSPECT AVENUE,FULLER PLACE,PROSPECT AVENUE,FULLER PLACE,PROSPECT AVENUE,INTERSECTION,,,Closed,07 BROOKLYN,,BROOKLYN,989724,178984,MOBILE,Unspecified,BROOKLYN,40.657944742598914,-73.98027072708835,"{'latitude': '40.657944742598914', 'longitude': '-73.98027072708835', 'human_address': '{""address"": """", ""city"": """", ""state"": """", ""zip"": """"}'}",Car,2025-11-10T00:14:38.000,The Police Department responded to the complaint and determined that police action was not necessary.,2025-11-10T00:14:42.000,,,,,,,nyc_opendata_311,2025-11-12 02:39:01.699840
66775733,2025-11-09T22:36:29.000,NYPD,New York City Police Department,Blocked Driveway,No Access,Street/Sidewalk,11379,73-37 68 AVENUE,68 AVENUE,73 PLACE,75 STREET,73 PLACE,75 STREET,ADDRESS,MIDDLE VILLAGE,68 AVENUE,Closed,05 QUEENS,4037720037,QUEENS,1017898,198167,MOBILE,Unspecified,QUEENS,40.710535408367555,-73.87863088408432,"{'latitude': '40.710535408367555', 'longitude': '-73.87863088408432', 'human_address': '{""address"": """", ""city"": """", ""state"": """", ""zip"": """"}'}",,2025-11-10T01:25:27.000,The Police Department issued a summons in response to the complaint.,2025-11-10T01:25:30.000,,,,,,,nyc_opendata_311,2025-11-12 02:39:01.699840
66779211,2025-11-09T22:35:59.000,DOT,Department of Transportation,Street Condition,Line/Marking - After Repaving,Crosswalk,10014,155 WEST   10 STREET,WEST   10 STREET,WAVERLY PLACE,7 AVENUE SOUTH,WAVERLY PLACE,7 AVENUE SOUTH,ADDRESS,NEW YORK,WEST   10 STREET,In Progress,02 MANHATTAN,1006110030,MANHATTAN,983823,206863,ONLINE,Unspecified,MANHATTAN,40.73446779617222,-74.0015407515929,"{'latitude': '40.73446779617222', 'longitude': '-74.0015407515929', 'human_address': '{""address"": """", ""city"": """", ""state"": """", ""zip"": """"}'}",,,,,,,,,,,nyc_opendata_311,2025-11-12 02:39:01.699840
66779784,2025-11-09T22:35:59.000,NYPD,New York City Police Department,Noise - Residential,Loud Music/Party,Residential Building/House,11201,202 YORK STREET,YORK STREET,GOLD STREET,NAVY STREET,GOLD STREET,NAVY STREET,ADDRESS,BROOKLYN,YORK STREET,Closed,02 BROOKLYN,3000710001,BROOKLYN,989043,194796,MOBILE,Unspecified,BROOKLYN,40.70134549131544,-73.9827139265285,"{'latitude': '40.70134549131544', 'longitude': '-73.9827139265285', 'human_address': '{""address"": """", ""city"": """", ""state"": """", ""zip"": """"}'}",,2025-11-09T22:58:17.000,The Police Department responded to the complaint and took action to fix the condition.,2025-11-09T22:58:23.000,,,,,,,nyc_opendata_311,2025-11-12 02:39:01.699840
66772793,2025-11-09T22:35:58.000,NYPD,New York City Police Department,Blocked Driveway,Partial Access,Street/Sidewalk,10462,1959 BIRCHALL AVENUE,BIRCHALL AVENUE,SAGAMORE STREET,BRONX PARK EAST,SAGAMORE STREET,BRONX PARK EAST,ADDRESS,BRONX,BIRCHALL AVENUE,Closed,11 BRONX,2042560028,BRONX,1020740,248779,MOBILE,Unspecified,BRONX,40.849440505777025,-73.86810486072861,"{'latitude': '40.849440505777025', 'longitude': '-73.86810486072861', 'human_address': '{""address"": """", ""city"": """", ""state"": """", ""zip"": """"}'}",,2025-11-10T00:55:02.000,The Police Department responded to the complaint and took action to fix the condition.,2025-11-10T00:55:08.000,,,,,,,nyc_opendata_311,2025-11-12 02:39:01.699840
66776255,2025-11-09T22:35:43.000,NYPD,New York City Police Department,Noise - Residential,Banging/Pounding,Residential Building/House,11354,144-22 34 AVENUE,34 AVENUE,PARSONS BOULEVARD,145 STREET,PARSONS BOULEVARD,145 STREET,ADDRESS,FLUSHING,34 AVENUE,In Progress,07 QUEENS,4049950024,QUEENS,1033113,218736,ONLINE,Unspecified,QUEENS,40.766921153055364,-73.82360074563316,"{'latitude': '40.766921153055364', 'longitude': '-73.82360074563316', 'human_address': '{""address"": """", ""city"": """", ""state"": """", ""zip"": """"}'}",,,,,,,,,,,nyc_opendata_311,2025-11-12 02:39:01.699840
66776236,2025-11-09T22:35:26.000,NYPD,New York City Police Department,Illegal Parking,Posted Parking Sign Violation,Street/Sidewalk,11220,65 STREET,65 STREET,3 AVENUE,65 STREET,3 AVENUE,65 STREET,INTERSECTION,,,In Progress,10 BROOKLYN,,BROOKLYN,977714,172199,MOBILE,Unspecified,BROOKLYN,40.63932066833335,-74.02355033576893,"{'latitude': '40.63932066833335', 'longitude': '-74.02355033576893', 'human_address': '{""address"": """", ""city"": """", ""state"": """", ""zip"": """"}'}",,,Your complaint has been received by the Police Department and additional information will be available later.,2025-11-09T22:37:13.000,,,,,,,nyc_opendata_311,2025-11-12 02:39:01.699840
66775879,2025-11-09T22:35:21.000,NYPD,New York City Police Department,Noise - Residential,Loud Music/Party,Residential Building/House,11206,300 VERNON AVENUE,VERNON AVENUE,MARCUS GARVEY BOULEVARD,LEWIS AVENUE,MARCUS GARVEY BOULEVARD,LEWIS AVENUE,ADDRESS,BROOKLYN,VERNON AVENUE,Closed,03 BROOKLYN,3015880001,BROOKLYN,1000998,192750,ONLINE,Unspecified,BROOKLYN,40.69571514880267,-73.93960301874547,"{'latitude': '40.69571514880267', 'longitude': '-73.93960301874547', 'human_address': '{""address"": """", ""city"": """", ""state"": """", ""zip"": """"}'}",,2025-11-09T22:57:44.000,The Police Department responded to the complaint and took action to fix the condition.,2025-11-09T22:57:48.000,,,,,,,nyc_opendata_311,2025-11-12 02:39:01.699840
66777546,2025-11-09T22:35:18.000,NYPD,New York City Police Department,Illegal Parking,Posted Parking Sign Violation,Street/Sidewalk,10001,402 WEST   34 STREET,WEST   34 STREET,9 AVENUE,DYER AVENUE,9 AVENUE,DYER AVENUE,ADDRESS,NEW YORK,WEST   34 STREET,Closed,04 MANHATTAN,1007310048,MANHATTAN,985203,213792,MOBILE,Unspecified,MANHATTAN,40.75348612803979,-73.99656029161564,"{'latitude': '40.75348612803979', 'longitude': '-73.99656029161564', 'human_address': '{""address"": """", ""city"": """", ""state"": """", ""zip"": """"}'}",,2025-11-09T23:27:25.000,The Police Department issued a summons in response to the complaint.,2025-11-09T23:27:29.000,,,,,,,nyc_opendata_311,2025-11-12 02:39:01.699840
66773118,2025-11-09T22:35:10.000,HPD,Department of Housing Preservation and Development,HEAT/HOT WATER,ENTIRE BUILDING,RESIDENTIAL BUILDING,10032,884 RIVERSIDE DRIVE,RIVERSIDE DRIVE,,,,,ADDRESS,NEW YORK,,Open,12 MANHATTAN,1021360106,MANHATTAN,999035,244344,MOBILE,Unspecified,MANHATTAN,40.83733075391628,-73.94656853762118,"{'latitude': '40.83733075391628', 'longitude': '-73.94656853762118', 'human_address': '{""address"": """", ""city"": """", ""state"": """", ""zip"": """"}'}",,,"This complaint is a duplicate of a building-wide condition already reported by another tenant.  The original complaint is still open, and HPD may only need to confirm that the condition exists by inspecting one apartment.  If we cannot contact the tenant from the original complaint or get access to that apartment, HPD may attempt to contact the person who filed this complaint to verify the correction of the condition or may conduct an inspection of your unit. You can check HPDONLINE to see if a",2025-11-09T00:00:00.000,,,,,,,nyc_opendata_311,2025-11-12 02:39:01.699840
66779302,2025-11-09T22:35:00.000,NYPD,New York City Police Department,Illegal Parking,Blocked Crosswalk,Street/Sidewalk,10458,300 EAST  197 STREET,EAST  197 STREET,BAINBRIDGE AVENUE,POND PLACE,BAINBRIDGE AVENUE,POND PLACE,ADDRESS,BRONX,EAST  197 STREET,Closed,07 BRONX,2032880022,BRONX,1014780,255225,ONLINE,Unspecified,BRONX,40.86715544808628,-73.88961822824199,"{'latitude': '40.86715544808628', 'longitude': '-73.88961822824199', 'human_address': '{""address"": """", ""city"": """", ""state"": """", ""zip"": """"}'}",,2025-11-09T23:10:50.000,The Police Department responded to the complaint and with the information available observed no evidence of the violation at that time.,2025-11-09T23:10:54.000,,,,,,,nyc_opendata_311,2025-11-12 02:39:01.699840
66777390,2025-11-09T22:35:00.000,DEP,Department of Environmental Protection,Noise,Noise: Construction Before/After Hours (NM1),,10006,97 WASHINGTON STREET,WASHINGTON STREET,JOSEPH P WARD ST,RECTOR ST,,,ADDRESS,NEW YORK,,Open,01 MANHATTAN,1000187501,MANHATTAN,980253,197257,ONLINE,Unspecified,MANHATTAN,40.70810075238299,-74.01441674052478,"{'latitude': '40.70810075238299', 'longitude': '-74.01441674052478', 'human_address': '{""address"": """", ""city"": """", ""state"": """", ""zip"": """"}'}",,,,,,,,N/A,,,nyc_opendata_311,2025-11-12 02:39:01.699840
66772817,2025-11-09T22:34:56.000,NYPD,New York City Police Department,Noise - Commercial,Banging/Pounding,Store/Commercial,10467,3623 OLINVILLE AVENUE,OLINVILLE AVENUE,EAST  213 STREET,EAST  216 STREET,EAST  213 STREET,EAST  216 STREET,ADDRESS,BRONX,OLINVILLE AVENUE,Closed,12 BRONX,2046450076,BRONX,1021042,260095,ONLINE,Unspecified,BRONX,40.880498206323175,-73.86695114129041,"{'latitude': '40.880498206323175', 'longitude': '-73.86695114129041', 'human_address': '{""address"": """", ""city"": """", ""state"": """", ""zip"": """"}'}",,2025-11-09T23:49:25.000,The Police Department responded to the complaint and determined that police action was not necessary.,2025-11-09T23:49:30.000,,,,,,,nyc_opendata_311,2025-11-12 02:39:01.699840
66776819,2025-11-09T22:34:51.000,NYPD,New York City Police Department,Noise - Residential,Loud Music/Party,Residential Building/House,10460,2016 HONEYWELL AVENUE,HONEYWELL AVENUE,EAST  178 STREET,EAST  179 STREET,EAST  178 STREET,EAST  179 STREET,ADDRESS,BRONX,HONEYWELL AVENUE,Closed,06 BRONX,2031220006,BRONX,1016406,246566,MOBILE,Unspecified,BRONX,40.84338332457775,-73.88378093835087,"{'latitude': '40.84338332457775', 'longitude': '-73.88378093835087', 'human_address': '{""address"": """", ""city"": """", ""state"": """", ""zip"": """"}'}",,2025-11-10T01:26:55.000,The Police Department responded to the complaint and with the information available observed no evidence of the violation at that time.,2025-11-10T01:27:02.000,,,,,,,nyc_opendata_311,2025-11-12 02:39:01.699840
66777996,2025-11-09T22:34:40.000,HPD,Department of Housing Preservation and Development,PLUMBING,BASIN/SINK,RESIDENTIAL BUILDING,11225,288 MAPLE STREET,MAPLE STREET,,,,,ADDRESS,BROOKLYN,,Open,09 BROOKLYN,3050330034,BROOKLYN,997729,180017,PHONE,Unspecified,BROOKLYN,40.660771532774525,-73.95141721774601,"{'latitude': '40.660771532774525', 'longitude': '-73.95141721774601', 'human_address': '{""address"": """", ""city"": """", ""state"": """", ""zip"": """"}'}",,,The following complaint conditions are still open. HPD has already attempted to notify the property owner that the condition exists; the tenant should provide access for the owner to make the repair.  HPD may attempt to contact the tenant by phone to verify the correction of the condition or an HPD Inspector may attempt to conduct an inspection.,2025-11-09T00:00:00.000,,,,,,,nyc_opendata_311,2025-11-12 02:39:01.699840
66775164,2025-11-09T22:34:28.000,NYPD,New York City Police Department,Abandoned Vehicle,With License Plate,Street/Sidewalk,10314,554 TRAVIS AVENUE,TRAVIS AVENUE,MERRYMOUNT STREET,FERNDALE AVENUE,MERRYMOUNT STREET,FERNDALE AVENUE,ADDRESS,STATEN ISLAND,TRAVIS AVENUE,Closed,02 STATEN ISLAND,5023680062,STATEN ISLAND,940103,154683,ONLINE,Unspecified,STATEN ISLAND,40.5911353418869,-74.15895456206786,"{'latitude': '40.5911353418869', 'longitude': '-74.15895456206786', 'human_address': '{""address"": """", ""city"": """", ""state"": """", ""zip"": """"}'}",Van,2025-11-09T23:40:02.000,The Police Department responded to the complaint and took action to fix the condition.,2025-11-09T23:40:06.000,,,,,,,nyc_opendata_311,2025-11-12 02:39:01.699840
66775066,2025-11-09T22:34:24.000,HPD,Department of Housing Preservation and Development,HEAT/HOT WATER,ENTIRE BUILDING,RESIDENTIAL BUILDING,11208,1120 GLENMORE AVENUE,GLENMORE AVENUE,,,,,ADDRESS,BROOKLYN,,Open,05 BROOKLYN,3042180010,BROOKLYN,1020931,186066,MOBILE,Unspecified,BROOKLYN,40.67730894937618,-73.86775669383678,"{'latitude': '40.67730894937618', 'longitude': '-73.86775669383678', 'human_address': '{""address"": """", ""city"": """", ""state"": """", ""zip"": """"}'}",,,"This complaint is a duplicate of a building-wide condition already reported by another tenant.  The original complaint is still open, and HPD may only need to confirm that the condition exists by inspecting one apartment.  If we cannot contact the tenant from the original complaint or get access to that apartment, HPD may attempt to contact the person who filed this complaint to verify the correction of the condition or may conduct an inspection of your unit. You can check HPDONLINE to see if a",2025-11-09T00:00:00.000,,,,,,,nyc_opendata_311,2025-11-12 02:39:01.699840
66776405,2025-11-09T22:34:20.000,NYPD,New York City Police Department,Illegal Parking,Blocked Crosswalk,Street/Sidewalk,11101,29-98 38 AVENUE,38 AVENUE,OLD RIDGE ROAD,30 STREET,OLD RIDGE ROAD,30 STREET,ADDRESS,LONG ISLAND CITY,38 AVENUE,In Progress,01 QUEENS,,QUEENS,1002843,214073,ONLINE,Unspecified,QUEENS,40.75423790452012,-73.93289063378424,"{'latitude': '40.75423790452012', 'longitude': '-73.93289063378424', 'human_address': '{""address"": """", ""city"": """", ""state"": """", ""zip"": """"}'}",,,,,,,,,,,nyc_opendata_311,2025-11-12 02:39:01.699840
66773881,2025-11-09T22:34:15.000,NYPD,New York City Police Department,Noise - Residential,Loud Music/Party,Residential Building/House,11693,86-01A ROCKAWAY BEACH BOULEVARD,ROCKAWAY BEACH BOULEVARD,BEACH   86 STREET,BEACH   87 STREET,BEACH   86 STREET,BEACH   87 STREET,ADDRESS,FAR ROCKAWAY,ROCKAWAY BEACH BOULEVARD,Closed,14 QUEENS,4161310010,QUEENS,1036637,153389,ONLINE,Unspecified,QUEENS,40.587538707302116,-73.8113868206062,"{'latitude': '40.587538707302116', 'longitude': '-73.8113868206062', 'human_address': '{""address"": """", ""city"": """", ""state"": """", ""zip"": """"}'}",,2025-11-09T23:12:47.000,The Police Department responded to the complaint and with the information available observed no evidence of the violation at that time.,2025-11-09T23:12:50.000,,,,,,,nyc_opendata_311,2025-11-12 02:39:01.699840
66775523,2025-11-09T22:34:15.000,NYPD,New York City Police Department,Illegal Parking,Blocked Hydrant,Street/Sidewalk,11230,820 OCEAN PARKWAY,OCEAN PARKWAY,AVENUE H,LIRR BAY RIDGE LINE,AVENUE H,LIRR BAY RIDGE LINE,ADDRESS,BROOKLYN,OCEAN PARKWAY,Closed,14 BROOKLYN,3065030030,BROOKLYN,992215,168276,ONLINE,Unspecified,BROOKLYN,40.62855169671401,-73.97130536134553,"{'latitude': '40.62855169671401', 'longitude': '-73.97130536134553', 'human_address': '{""address"": """", ""city"": """", ""state"": """", ""zip"": """"}'}",,2025-11-09T23:58:41.000,The Police Department responded and upon arrival those responsible for the condition were gone.,2025-11-09T23:58:46.000,,,,,,,nyc_opendata_311,2025-11-12 02:39:01.699840
66778515,2025-11-09T22:34:14.000,NYPD,New York City Police Department,Illegal Parking,Commercial Overnight Parking,Street/Sidewalk,11423,99-76 204 STREET,204 STREET,99 AVENUE,100 AVENUE,99 AVENUE,100 AVENUE,ADDRESS,HOLLIS,204 STREET,Closed,12 QUEENS,,QUEENS,1051892,198669,ONLINE,Unspecified,QUEENS,40.71171869230117,-73.75600916944738,"{'latitude': '40.71171869230117', 'longitude': '-73.75600916944738', 'human_address': '{""address"": """", ""city"": """", ""state"": """", ""zip"": """"}'}",,2025-11-09T23:28:20.000,The Police Department responded to the complaint and determined that police action was not necessary.,2025-11-09T23:28:25.000,,,,,,,nyc_opendata_311,2025-11-12 02:39:01.699840
66779758,2025-11-09T22:33:59.000,NYPD,New York City Police Department,Noise - Residential,Loud Music/Party,Residential Building/House,11377,32-13 54 STREET,54 STREET,32 AVENUE,NORTHERN BOULEVARD,32 AVENUE,NORTHERN BOULEVARD,ADDRESS,WOODSIDE,54 STREET,Closed,01 QUEENS,4011560081,QUEENS,1010025,214297,ONLINE,Unspecified,QUEENS,40.75483470825535,-73.90696716142808,"{'latitude': '40.75483470825535', 'longitude': '-73.90696716142808', 'human_address': '{""address"": """", ""city"": """", ""state"": """", ""zip"": """"}'}",,2025-11-09T23:09:52.000,The Police Department responded to the complaint and took action to fix the condition.,2025-11-09T23:09:55.000,,,,,,,nyc_opendata_311,2025-11-12 02:39:01.699840
66776863,2025-11-09T22:33:57.000,NYPD,New York City Police Department,Noise - Street/Sidewalk,Loud Music/Party,Street/Sidewalk,11693,87-15 ROCKAWAY BEACH BOULEVARD,ROCKAWAY BEACH BOULEVARD,BEACH   87 STREET,BEACH   88 STREET,BEACH   87 STREET,BEACH   88 STREET,ADDRESS,FAR ROCKAWAY,ROCKAWAY BEACH BOULEVARD,Closed,14 QUEENS,4161310010,QUEENS,1036361,153341,ONLINE,Unspecified,QUEENS,40.58740858405237,-73.81238089296849,"{'latitude': '40.58740858405237', 'longitude': '-73.81238089296849', 'human_address': '{""address"": """", ""city"": """", ""state"": """", ""zip"": """"}'}",,2025-11-09T23:10:15.000,The Police Department responded to the complaint and with the information available observed no evidence of the violation at that time.,2025-11-09T23:10:19.000,,,,,,,nyc_opendata_311,2025-11-12 02:39:01.699840
66773476,2025-11-09T22:33:56.000,DCWP,Department of Consumer and Worker Protection,Consumer Complaint,Other Store (Non-Food),Business,10010,75 LEXINGTON AVENUE,LEXINGTON AVENUE,EAST   25 STREET,EAST   26 STREET,EAST   25 STREET,EAST   26 STREET,ADDRESS,NEW YORK,LEXINGTON AVENUE,In Progress,06 MANHATTAN,1008810062,MANHATTAN,988834,209339,PHONE,Unspecified,MANHATTAN,40.74126262539866,-73.98345778538676,"{'latitude': '40.74126262539866', 'longitude': '-73.98345778538676', 'human_address': '{""address"": """", ""city"": """", ""state"": """", ""zip"": """"}'}",,,,,,,,,,,nyc_opendata_311,2025-11-12 02:39:01.699840
66773889,2025-11-09T22:33:44.000,NYPD,New York City Police Department,Noise - Residential,Loud Music/Party,Residential Building/House,10462,2227 CROSS BRONX EXPRESSWAY,CROSS BRONX EXPRESSWAY,WATSON AVENUE PEDESTRIAN OVPS,WATSON AVENUE,WATSON AVENUE PEDESTRIAN OVPS,WATSON AVENUE,ADDRESS,BRONX,CROSS BRONX EXPRESSWAY,Closed,09 BRONX,2038180063,BRONX,1025971,241747,ONLINE,Unspecified,BRONX,40.83011657333977,-73.84924089942201,"{'latitude': '40.83011657333977', 'longitude': '-73.84924089942201', 'human_address': '{""address"": """", ""city"": """", ""state"": """", ""zip"": """"}'}",,2025-11-10T00:53:16.000,The Police Department responded to the complaint and with the information available observed no evidence of the violation at that time.,2025-11-10T00:53:23.000,,,,,,,nyc_opendata_311,2025-11-12 02:39:01.699840
66779610,2025-11-09T22:33:43.000,NYPD,New York City Police Department,Blocked Driveway,No Access,Street/Sidewalk,10462,2072 MATTHEWS AVENUE,MATTHEWS AVENUE,BRADY AVENUE,LYDIG AVENUE,BRADY AVENUE,LYDIG AVENUE,ADDRESS,BRONX,MATTHEWS AVENUE,Closed,11 BRONX,2042970018,BRONX,1022160,250113,ONLINE,Unspecified,BRONX,40.8530959531755,-73.8629646566343,"{'latitude': '40.8530959531755', 'longitude': '-73.8629646566343', 'human_address': '{""address"": """", ""city"": """", ""state"": """", ""zip"": """"}'}",,2025-11-10T00:54:30.000,The Police Department responded to the complaint and took action to fix the condition.,2025-11-10T00:54:33.000,,,,,,,nyc_opendata_311,2025-11-12 02:39:01.699840
66780157,2025-11-09T22:33:23.000,NYPD,New York City Police Department,Illegal Parking,Blocked Hydrant,Street/Sidewalk,11385,88-35 82 AVENUE,82 AVENUE,MYRTLE AVENUE,WOODHAVEN BOULEVARD,MYRTLE AVENUE,WOODHAVEN BOULEVARD,ADDRESS,RIDGEWOOD,82 AVENUE,In Progress,05 QUEENS,4038630140,QUEENS,1023731,195567,MOBILE,Unspecified,QUEENS,40.703374926334575,-73.85760639702225,"{'latitude': '40.703374926334575', 'longitude': '-73.85760639702225', 'human_address': '{""address"": """", ""city"": """", ""state"": """", ""zip"": """"}'}",,,,,,,,,,,nyc_opendata_311,2025-11-12 02:39:01.699840
66775808,2025-11-09T22:33:21.000,NYPD,New York City Police Department,Noise - Residential,Banging/Pounding,Residential Building/House,10025,216 WEST  102 STREET,WEST  102 STREET,AMSTERDAM AVENUE,BROADWAY,AMSTERDAM AVENUE,BROADWAY,ADDRESS,NEW YORK,WEST  102 STREET,Closed,07 MANHATTAN,1018730042,MANHATTAN,993024,230072,ONLINE,Unspecified,MANHATTAN,40.79816614430284,-73.96831032698584,"{'latitude': '40.79816614430284', 'longitude': '-73.96831032698584', 'human_address': '{""address"": """", ""city"": """", ""state"": """", ""zip"": """"}'}",,2025-11-09T23:01:56.000,The Police Department responded to the complaint and with the information available observed no evidence of the violation at that time.,2025-11-09T23:02:00.000,,,,,,,nyc_opendata_311,2025-11-12 02:39:01.699840
66780171,2025-11-09T22:33:06.000,NYPD,New York City Police Department,Illegal Parking,Posted Parking Sign Violation,Street/Sidewalk,11220,272 SENATOR STREET,SENATOR STREET,RIDGE BOULEVARD,3 AVENUE,RIDGE BOULEVARD,3 AVENUE,ADDRESS,BROOKLYN,SENATOR STREET,In Progress,10 BROOKLYN,,BROOKLYN,977043,171482,MOBILE,Unspecified,BROOKLYN,40.63735213596177,-74.02596729856857,"{'latitude': '40.63735213596177', 'longitude': '-74.02596729856857', 'human_address': '{""address"": """", ""city"": """", ""state"": """", ""zip"": """"}'}",,,Your complaint has been received by the Police Department and additional information will be available later.,2025-11-09T22:36:49.000,,,,,,,nyc_opendata_311,2025-11-12 02:39:01.699840
66775306,2025-11-09T22:32:48.000,DHS,Department of Homeless Services,Homeless Person Assistance,Non-Chronic,Store/Commercial,10107,250 WEST 57 STREET,WEST 57 STREET,BROADWAY,8 AVENUE,BROADWAY,8 AVENUE,ADDRESS,NEW YORK,WEST   57 STREET,Closed,05 MANHATTAN,1010280056,MANHATTAN,989203,218494,ONLINE,Unspecified,MANHATTAN,40.76639057686906,-73.98211943675079,"{'latitude': '40.76639057686906', 'longitude': '-73.98211943675079', 'human_address': '{""address"": """", ""city"": """", ""state"": """", ""zip"": """"}'}",,2025-11-10T00:14:42.000,The person has refused services from the mobile outreach response team.,2025-11-10T00:14:09.000,,,,,,,nyc_opendata_311,2025-11-12 02:39:01.699840
66776864,2025-11-09T22:32:22.000,NYPD,New York City Police Department,Noise - Street/Sidewalk,Loud Music/Party,Street/Sidewalk,10012,120 GREENE STREET,GREENE STREET,SPRING STREET,PRINCE STREET,SPRING STREET,PRINCE STREET,ADDRESS,NEW YORK,GREENE STREET,Closed,02 MANHATTAN,1004997502,MANHATTAN,984380,203330,ONLINE,Unspecified,MANHATTAN,40.72477058423776,-73.99953098697507,"{'latitude': '40.72477058423776', 'longitude': '-73.99953098697507', 'human_address': '{""address"": """", ""city"": """", ""state"": """", ""zip"": """"}'}",,2025-11-09T23:07:47.000,The Police Department issued a summons in response to the complaint.,2025-11-09T23:07:50.000,,,,,,,nyc_opendata_311,2025-11-12 02:39:01.699840
66779670,2025-11-09T22:32:03.000,NYPD,New York City Police Department,Noise - Commercial,Loud Music/Party,Club/Bar/Restaurant,11218,601 GREENWOOD AVENUE,GREENWOOD AVENUE,GREENWOOD AVENUE PEDESTRIAN OVPS,EAST    7 STREET,GREENWOOD AVENUE PEDESTRIAN OVPS,EAST    7 STREET,ADDRESS,BROOKLYN,GREENWOOD AVENUE,Closed,07 BROOKLYN,3052770001,BROOKLYN,991003,176635,ONLINE,Unspecified,BROOKLYN,40.65149636825142,-73.97566333517045,"{'latitude': '40.65149636825142', 'longitude': '-73.97566333517045', 'human_address': '{""address"": """", ""city"": """", ""state"": """", ""zip"": """"}'}",,2025-11-10T00:15:02.000,The Police Department responded to the complaint and with the information available observed no evidence of the violation at that time.,2025-11-10T00:15:07.000,,,,,,,nyc_opendata_311,2025-11-12 02:39:01.699840
66772828,2025-11-09T22:32:01.000,NYPD,New York City Police Department,Noise - Commercial,Loud Music/Party,Store/Commercial,11237,53 KNICKERBOCKER AVENUE,KNICKERBOCKER AVENUE,HARRISON PLACE,GRATTAN STREET,HARRISON PLACE,GRATTAN STREET,ADDRESS,BROOKLYN,KNICKERBOCKER AVENUE,Closed,01 BROOKLYN,3030040001,BROOKLYN,1003437,196653,MOBILE,Unspecified,BROOKLYN,40.7064230151132,-73.93079633071758,"{'latitude': '40.7064230151132', 'longitude': '-73.93079633071758', 'human_address': '{""address"": """", ""city"": """", ""state"": """", ""zip"": """"}'}",,2025-11-09T22:46:53.000,The Police Department responded to the complaint and took action to fix the condition.,2025-11-09T22:46:57.000,,,,,,,nyc_opendata_311,2025-11-12 02:39:01.699840
66779237,2025-11-09T22:31:54.000,NYPD,New York City Police Department,Encampment,N/A,Residential Building/House,10021,51 EAST   73 STREET,EAST   73 STREET,MADISON AVENUE,PARK AVENUE,MADISON AVENUE,PARK AVENUE,ADDRESS,NEW YORK,EAST   73 STREET,Closed,08 MANHATTAN,1013880030,MANHATTAN,994099,220636,MOBILE,Unspecified,MANHATTAN,40.77226571048568,-73.96444150868852,"{'latitude': '40.77226571048568', 'longitude': '-73.96444150868852', 'human_address': '{""address"": """", ""city"": """", ""state"": """", ""zip"": """"}'}",,2025-11-09T22:57:12.000,The Police Department visited the location and has referred the complaint to the Department of Homeless Services (DHS) for further action. DHS will inspect the condition and update your Service Request with more information.,2025-11-09T22:57:15.000,,,,,,,nyc_opendata_311,2025-11-12 02:39:01.699840
66777246,2025-11-09T22:31:54.000,DHS,Department of Homeless Services,Encampment,N/A,Residential Building/House,10021,51 EAST   73 STREET,EAST   73 STREET,MADISON AVENUE,PARK AVENUE,MADISON AVENUE,PARK AVENUE,ADDRESS,NEW YORK,EAST   73 STREET,Closed,08 MANHATTAN,1013880030,MANHATTAN,994099,220636,MOBILE,Unspecified,MANHATTAN,40.77226571048568,-73.96444150868852,"{'latitude': '40.77226571048568', 'longitude': '-73.96444150868852', 'human_address': '{""address"": """", ""city"": """", ""state"": """", ""zip"": """"}'}",,2025-11-10T01:23:59.000,The Department of Homeless Services (DHS) outreach team attempted to engage the individuals at the reported location. DHS is coordinating with their agency partners. They will determine the best course of action. Your service request has been closed.,2025-11-10T01:24:10.000,,,,,,,nyc_opendata_311,2025-11-12 02:39:01.699840
66778139,2025-11-09T22:31:41.000,NYPD,New York City Police Department,Illegal Parking,Blocked Hydrant,Street/Sidewalk,11220,545 48 STREET,48 STREET,5 AVENUE,6 AVENUE,5 AVENUE,6 AVENUE,ADDRESS,BROOKLYN,48 STREET,In Progress,07 BROOKLYN,3007660057,BROOKLYN,981996,174491,MOBILE,Unspecified,BROOKLYN,40.645613840754606,-74.00812231684787,"{'latitude': '40.645613840754606', 'longitude': '-74.00812231684787', 'human_address': '{""address"": """", ""city"": """", ""state"": """", ""zip"": """"}'}",,,,,,,,,,,nyc_opendata_311,2025-11-12 02:39:01.699840
66779979,2025-11-09T22:31:23.000,HPD,Department of Housing Preservation and Development,HEAT/HOT WATER,ENTIRE BUILDING,RESIDENTIAL BUILDING,11208,1120 GLENMORE AVENUE,GLENMORE AVENUE,,,,,ADDRESS,BROOKLYN,,Open,05 BROOKLYN,3042180010,BROOKLYN,1020931,186066,MOBILE,Unspecified,BROOKLYN,40.67730894937618,-73.86775669383678,"{'latitude': '40.67730894937618', 'longitude': '-73.86775669383678', 'human_address': '{""address"": """", ""city"": """", ""state"": """", ""zip"": """"}'}",,,"This complaint is a duplicate of a building-wide condition already reported by another tenant.  The original complaint is still open, and HPD may only need to confirm that the condition exists by inspecting one apartment.  If we cannot contact the tenant from the original complaint or get access to that apartment, HPD may attempt to contact the person who filed this complaint to verify the correction of the condition or may conduct an inspection of your unit. You can check HPDONLINE to see if a",2025-11-09T00:00:00.000,,,,,,,nyc_opendata_311,2025-11-12 02:39:01.699840
66778934,2025-11-09T22:31:21.000,HPD,Department of Housing Preservation and Development,HEAT/HOT WATER,ENTIRE BUILDING,RESIDENTIAL BUILDING,10463,2600 NETHERLAND AVENUE,NETHERLAND AVENUE,,,,,ADDRESS,BRONX,,Open,08 BRONX,2057220475,BRONX,1007568,259439,ONLINE,Unspecified,BRONX,40.87874357609838,-73.91567866115459,"{'latitude': '40.87874357609838', 'longitude': '-73.91567866115459', 'human_address': '{""address"": """", ""city"": """", ""state"": """", ""zip"": """"}'}",,,The following complaint conditions are still open. HPD has already attempted to notify the property owner that the condition exists; the tenant should provide access for the owner to make the repair.  HPD may attempt to contact the tenant by phone to verify the correction of the condition or an HPD Inspector may attempt to conduct an inspection.,2025-11-09T00:00:00.000,,,,,,,nyc_opendata_311,2025-11-12 02:39:01.699840
66777539,2025-11-09T22:31:05.000,NYPD,New York City Police Department,Illegal Parking,Posted Parking Sign Violation,Street/Sidewalk,11205,MYRTLE AVENUE,MYRTLE AVENUE,MYRTLE AVENUE,SAINT EDWARDS STREET,MYRTLE AVENUE,SAINT EDWARDS STREET,INTERSECTION,,,Closed,02 BROOKLYN,,BROOKLYN,990399,191915,PHONE,Unspecified,BROOKLYN,40.693436978784476,-73.97782610922518,"{'latitude': '40.693436978784476', 'longitude': '-73.97782610922518', 'human_address': '{""address"": """", ""city"": """", ""state"": """", ""zip"": """"}'}",,2025-11-09T22:56:13.000,The Police Department responded to the complaint and with the information available observed no evidence of the violation at that time.,2025-11-09T22:56:17.000,,,,,,,nyc_opendata_311,2025-11-12 02:39:01.699840
66780312,2025-11-09T22:30:51.000,DSNY,Department of Sanitation,Street Sweeping Complaint,Street Not Swept,Street,11692,354 BEACH   72 STREET,BEACH   72 STREET,BEACH CHANNEL DRIVE,AMSTEL BOULEVARD,BEACH CHANNEL DRIVE,AMSTEL BOULEVARD,ADDRESS,ARVERNE,BEACH   72 STREET,In Progress,14 QUEENS,,QUEENS,1039632,154985,ONLINE,Unspecified,QUEENS,40.59190119029149,-73.80059063376866,"{'latitude': '40.59190119029149', 'longitude': '-73.80059063376866', 'human_address': '{""address"": """", ""city"": """", ""state"": """", ""zip"": """"}'}",,,,,,,,,,,nyc_opendata_311,2025-11-12 02:39:01.699840
66774276,2025-11-09T22:30:49.000,NYPD,New York City Police Department,Illegal Parking,Commercial Overnight Parking,Street/Sidewalk,11385,78-37 65 STREET,65 STREET,78 AVENUE,80 AVENUE,78 AVENUE,80 AVENUE,ADDRESS,RIDGEWOOD,65 STREET,In Progress,05 QUEENS,4037240073,QUEENS,1015097,193291,ONLINE,Unspecified,QUEENS,40.69716215396772,-73.88875648020435,"{'latitude': '40.69716215396772', 'longitude': '-73.88875648020435', 'human_address': '{""address"": """", ""city"": """", ""state"": """", ""zip"": """"}'}",,,,,,,,,,,nyc_opendata_311,2025-11-12 02:39:01.699840
66774881,2025-11-09T22:30:48.000,NYPD,New York City Police Department,Noise - Residential,Banging/Pounding,Residential Building/House,11211,262 SOUTH    1 STREET,SOUTH    1 STREET,HAVEMEYER STREET,MARCY AVENUE,HAVEMEYER STREET,MARCY AVENUE,ADDRESS,BROOKLYN,SOUTH    1 STREET,Closed,01 BROOKLYN,3024090009,BROOKLYN,996287,198690,MOBILE,Unspecified,BROOKLYN,40.71202671214866,-73.95658130271556,"{'latitude': '40.71202671214866', 'longitude': '-73.95658130271556', 'human_address': '{""address"": """", ""city"": """", ""state"": """", ""zip"": """"}'}",,2025-11-09T22:56:16.000,The Police Department responded to the complaint but officers were unable to gain entry into the premises.,2025-11-09T22:56:18.000,,,,,,,nyc_opendata_311,2025-11-12 02:39:01.699840
66779252,2025-11-09T22:30:38.000,DHS,Department of Homeless Services,Homeless Person Assistance,Non-Chronic,Residential Building/House,10019,455 WEST 50 STREET,WEST 50 STREET,9 AVENUE,10 AVENUE,9 AVENUE,10 AVENUE,ADDRESS,NEW YORK,WEST   50 STREET,Closed,04 MANHATTAN,1010600005,MANHATTAN,986892,217672,MOBILE,Unspecified,MANHATTAN,40.76413539201899,-73.99046257857813,"{'latitude': '40.76413539201899', 'longitude': '-73.99046257857813', 'human_address': '{""address"": """", ""city"": """", ""state"": """", ""zip"": """"}'}",,2025-11-10T00:54:50.000,"The Department of Homeless Services (DHS) visited the location but could not find the person that you reported. If they are still there, please submit a new service request with more details. Include the specific location and a detailed description of the person.",2025-11-10T00:54:35.000,,,,,,,nyc_opendata_311,2025-11-12 02:39:01.699840
66773456,2025-11-09T22:30:16.000,NYPD,New York City Police Department,Illegal Parking,Blocked Crosswalk,Street/Sidewalk,11211,221 DIVISION AVENUE,DIVISION AVENUE,WILSON STREET,MARCY AVENUE,WILSON STREET,MARCY AVENUE,ADDRESS,BROOKLYN,DIVISION AVENUE,Closed,01 BROOKLYN,3021410019,BROOKLYN,995516,196989,MOBILE,Unspecified,BROOKLYN,40.707358886334525,-73.95936522485013,"{'latitude': '40.707358886334525', 'longitude': '-73.95936522485013', 'human_address': '{""address"": """", ""city"": """", ""state"": """", ""zip"": """"}'}",,2025-11-09T23:12:13.000,The Police Department responded to the complaint and took action to fix the condition.,2025-11-09T23:12:15.000,,,,,,,nyc_opendata_311,2025-11-12 02:39:01.699840
66772570,2025-11-09T22:30:04.000,NYPD,New York City Police Department,Illegal Parking,Blocked Hydrant,Street/Sidewalk,10024,29 WEST   89 STREET,WEST   89 STREET,CENTRAL PARK WEST,COLUMBUS AVENUE,CENTRAL PARK WEST,COLUMBUS AVENUE,ADDRESS,NEW YORK,WEST   89 STREET,Closed,07 MANHATTAN,1012030121,MANHATTAN,992824,226259,ONLINE,Unspecified,MANHATTAN,40.787700685796956,-73.96903754878461,"{'latitude': '40.787700685796956', 'longitude': '-73.96903754878461', 'human_address': '{""address"": """", ""city"": """", ""state"": """", ""zip"": """"}'}",,2025-11-09T22:55:49.000,The Police Department responded to the complaint and with the information available observed no evidence of the violation at that time.,2025-11-09T22:55:53.000,,,,,,,nyc_opendata_311,2025-11-12 02:39:01.699840
66774894,2025-11-09T22:30:04.000,NYPD,New York City Police Department,Noise - Residential,Loud Music/Party,Residential Building/House,10456,1465 WASHINGTON AVENUE,WASHINGTON AVENUE,ST PAULS PLACE,EAST  171 STREET,ST PAULS PLACE,EAST  171 STREET,ADDRESS,BRONX,WASHINGTON AVENUE,Closed,03 BRONX,2029020036,BRONX,1010885,244212,ONLINE,Unspecified,BRONX,40.83694066292417,-73.90374441298103,"{'latitude': '40.83694066292417', 'longitude': '-73.90374441298103', 'human_address': '{""address"": """", ""city"": """", ""state"": """", ""zip"": """"}'}",,2025-11-09T22:35:35.000,The Police Department responded to the complaint and took action to fix the condition.,2025-11-09T22:35:38.000,,,,,,,nyc_opendata_311,2025-11-12 02:39:01.699840
66773251,2025-11-09T22:29:27.000,NYPD,New York City Police Department,Blocked Driveway,No Access,Street/Sidewalk,11204,2102 63 STREET,63 STREET,21 AVENUE,BAY PARKWAY,21 AVENUE,BAY PARKWAY,ADDRESS,BROOKLYN,63 STREET,In Progress,11 BROOKLYN,3055430006,BROOKLYN,989223,163748,MOBILE,Unspecified,BROOKLYN,40.6161254675185,-73.98208764940374,"{'latitude': '40.6161254675185', 'longitude': '-73.98208764940374', 'human_address': '{""address"": """", ""city"": """", ""state"": """", ""zip"": """"}'}",,,,,,,,,,,nyc_opendata_311,2025-11-12 02:39:01.699840
66780102,2025-11-09T22:29:13.000,NYPD,New York City Police Department,Blocked Driveway,No Access,Street/Sidewalk,11420,116-16 126 STREET,126 STREET,116 AVENUE,ROCKAWAY BOULEVARD,116 AVENUE,ROCKAWAY BOULEVARD,ADDRESS,SOUTH OZONE PARK,126 STREET,In Progress,10 QUEENS,4116820014,QUEENS,1036303,185783,ONLINE,Unspecified,QUEENS,40.67645513604905,-73.81233948532824,"{'latitude': '40.67645513604905', 'longitude': '-73.81233948532824', 'human_address': '{""address"": """", ""city"": """", ""state"": """", ""zip"": """"}'}",,,,,,,,,,,nyc_opendata_311,2025-11-12 02:39:01.699840
66775775,2025-11-09T22:28:58.000,NYPD,New York City Police Department,Noise - Commercial,Loud Music/Party,Club/Bar/Restaurant,10030,2271 7 AVENUE,7 AVENUE,WEST  133 STREET,WEST  134 STREET,WEST  133 STREET,WEST  134 STREET,ADDRESS,NEW YORK,7 AVENUE,Closed,10 MANHATTAN,1019180061,MANHATTAN,999649,235980,ONLINE,Unspecified,MANHATTAN,40.814372909738026,-73.94436880195522,"{'latitude': '40.814372909738026', 'longitude': '-73.94436880195522', 'human_address': '{""address"": """", ""city"": """", ""state"": """", ""zip"": """"}'}",,2025-11-10T00:21:56.000,The Police Department responded to the complaint and took action to fix the condition.,2025-11-10T00:22:01.000,,,,,,,nyc_opendata_311,2025-11-12 02:39:01.699840
66775616,2025-11-09T22:28:57.000,NYPD,New York City Police Department,Illegal Parking,Commercial Overnight Parking,Street/Sidewalk,10027,307 LENOX AVENUE,LENOX AVENUE,WEST  125 STREET,WEST  126 STREET,WEST  125 STREET,WEST  126 STREET,ADDRESS,NEW YORK,LENOX AVENUE,Closed,10 MANHATTAN,1019107501,MANHATTAN,999383,233656,MOBILE,Unspecified,MANHATTAN,40.807994636667075,-73.94533500600751,"{'latitude': '40.807994636667075', 'longitude': '-73.94533500600751', 'human_address': '{""address"": """", ""city"": """", ""state"": """", ""zip"": """"}'}",,2025-11-09T22:36:43.000,The Police Department responded to the complaint and took action to fix the condition.,2025-11-09T22:36:46.000,,,,,,,nyc_opendata_311,2025-11-12 02:39:01.699840
66774702,2025-11-09T22:28:52.000,NYPD,New York City Police Department,Noise - Vehicle,Car/Truck Horn,Street/Sidewalk,11238,369 ST MARKS AVENUE,ST MARKS AVENUE,GRAND AVENUE,CLASSON AVENUE,GRAND AVENUE,CLASSON AVENUE,ADDRESS,BROOKLYN,ST MARKS AVENUE,Closed,08 BROOKLYN,3011480001,BROOKLYN,994769,185999,MOBILE,Unspecified,BROOKLYN,40.67719479752965,-73.96207670261035,"{'latitude': '40.67719479752965', 'longitude': '-73.96207670261035', 'human_address': '{""address"": """", ""city"": """", ""state"": """", ""zip"": """"}'}",Car,2025-11-09T22:52:33.000,The Police Department responded to the complaint and with the information available observed no evidence of the violation at that time.,2025-11-09T22:52:37.000,,,,,,,nyc_opendata_311,2025-11-12 02:39:01.699840
66775929,2025-11-09T22:28:49.000,NYPD,New York City Police Department,Noise - Street/Sidewalk,Loud Music/Party,Street/Sidewalk,11102,4 STREET,4 STREET,4 STREET,27 AVENUE,4 STREET,27 AVENUE,INTERSECTION,,,Closed,01 QUEENS,,QUEENS,1002700,221532,ONLINE,Unspecified,QUEENS,40.774711227807614,-73.93338630290825,"{'latitude': '40.774711227807614', 'longitude': '-73.93338630290825', 'human_address': '{""address"": """", ""city"": """", ""state"": """", ""zip"": """"}'}",,2025-11-09T22:41:45.000,The Police Department responded to the complaint and with the information available observed no evidence of the violation at that time.,2025-11-09T22:41:48.000,,,,,,,nyc_opendata_311,2025-11-12 02:39:01.699840
66779703,2025-11-09T22:28:36.000,NYPD,New York City Police Department,Noise - Residential,Banging/Pounding,Residential Building/House,11216,1193 DEAN STREET,DEAN STREET,BEDFORD AVENUE,NOSTRAND AVENUE,BEDFORD AVENUE,NOSTRAND AVENUE,ADDRESS,BROOKLYN,DEAN STREET,Closed,08 BROOKLYN,3012060045,BROOKLYN,998029,185896,ONLINE,Unspecified,BROOKLYN,40.676907611730456,-73.95032390187038,"{'latitude': '40.676907611730456', 'longitude': '-73.95032390187038', 'human_address': '{""address"": """", ""city"": """", ""state"": """", ""zip"": """"}'}",,2025-11-09T23:01:13.000,The Police Department responded to the complaint and took action to fix the condition.,2025-11-09T23:01:18.000,,,,,,,nyc_opendata_311,2025-11-12 02:39:01.699840
66778228,2025-11-09T22:28:31.000,NYPD,New York City Police Department,Encampment,N/A,Street/Sidewalk,11225,991 NOSTRAND AVENUE,NOSTRAND AVENUE,SULLIVAN PLACE,EMPIRE BOULEVARD,SULLIVAN PLACE,EMPIRE BOULEVARD,ADDRESS,BROOKLYN,NOSTRAND AVENUE,In Progress,09 BROOKLYN,3013090001,BROOKLYN,997850,181307,MOBILE,Unspecified,BROOKLYN,40.66431211201971,-73.95097849172319,"{'latitude': '40.66431211201971', 'longitude': '-73.95097849172319', 'human_address': '{""address"": """", ""city"": """", ""state"": """", ""zip"": """"}'}",,,,,,,,,,,nyc_opendata_311,2025-11-12 02:39:01.699840
66776132,2025-11-09T22:28:24.000,HPD,Department of Housing Preservation and Development,WATER LEAK,SLOW LEAK,RESIDENTIAL BUILDING,10026,143 WEST  116 STREET,WEST  116 STREET,,,,,ADDRESS,NEW YORK,,Open,10 MANHATTAN,1019010009,MANHATTAN,997830,231677,PHONE,Unspecified,MANHATTAN,40.802565351023446,-73.95094891565394,"{'latitude': '40.802565351023446', 'longitude': '-73.95094891565394', 'human_address': '{""address"": """", ""city"": """", ""state"": """", ""zip"": """"}'}",,,The following complaint conditions are still open. HPD has already attempted to notify the property owner that the condition exists; the tenant should provide access for the owner to make the repair.  HPD may attempt to contact the tenant by phone to verify the correction of the condition or an HPD Inspector may attempt to conduct an inspection.,2025-11-09T00:00:00.000,,,,,,,nyc_opendata_311,2025-11-12 02:39:01.699840
66780056,2025-11-09T22:28:24.000,HPD,Department of Housing Preservation and Development,WATER LEAK,DAMP SPOT,RESIDENTIAL BUILDING,10026,143 WEST  116 STREET,WEST  116 STREET,,,,,ADDRESS,NEW YORK,,Open,10 MANHATTAN,1019010009,MANHATTAN,997830,231677,PHONE,Unspecified,MANHATTAN,40.802565351023446,-73.95094891565394,"{'latitude': '40.802565351023446', 'longitude': '-73.95094891565394', 'human_address': '{""address"": """", ""city"": """", ""state"": """", ""zip"": """"}'}",,,The following complaint conditions are still open. HPD has already attempted to notify the property owner that the condition exists; the tenant should provide access for the owner to make the repair.  HPD may attempt to contact the tenant by phone to verify the correction of the condition or an HPD Inspector may attempt to conduct an inspection.,2025-11-09T00:00:00.000,,,,,,,nyc_opendata_311,2025-11-12 02:39:01.699840
66779946,2025-11-09T22:28:18.000,HPD,Department of Housing Preservation and Development,HEAT/HOT WATER,ENTIRE BUILDING,RESIDENTIAL BUILDING,10128,180 EAST END AVENUE,EAST END AVENUE,,,,,ADDRESS,NEW YORK,,Open,08 MANHATTAN,1015850023,MANHATTAN,999858,222182,ONLINE,Unspecified,MANHATTAN,40.77650078178161,-73.94364582673172,"{'latitude': '40.77650078178161', 'longitude': '-73.94364582673172', 'human_address': '{""address"": """", ""city"": """", ""state"": """", ""zip"": """"}'}",,,The following complaint conditions are still open. HPD has already attempted to notify the property owner that the condition exists; the tenant should provide access for the owner to make the repair.  HPD may attempt to contact the tenant by phone to verify the correction of the condition or an HPD Inspector may attempt to conduct an inspection.,2025-11-09T00:00:00.000,,,,,,,nyc_opendata_311,2025-11-12 02:39:01.699840
66778935,2025-11-09T22:28:18.000,HPD,Department of Housing Preservation and Development,HEAT/HOT WATER,ENTIRE BUILDING,RESIDENTIAL BUILDING,11372,35-65 85 STREET,85 STREET,,,,,ADDRESS,JACKSON HEIGHTS,,Open,03 QUEENS,4014590040,QUEENS,1016996,213161,PHONE,Unspecified,QUEENS,40.75169361033601,-73.88181144383455,"{'latitude': '40.75169361033601', 'longitude': '-73.88181144383455', 'human_address': '{""address"": """", ""city"": """", ""state"": """", ""zip"": """"}'}",,,The following complaint conditions are still open. HPD has already attempted to notify the property owner that the condition exists; the tenant should provide access for the owner to make the repair.  HPD may attempt to contact the tenant by phone to verify the correction of the condition or an HPD Inspector may attempt to conduct an inspection.,2025-11-09T00:00:00.000,,,,,,,nyc_opendata_311,2025-11-12 02:39:01.699840
66773703,2025-11-09T22:27:52.000,NYPD,New York City Police Department,Illegal Parking,Posted Parking Sign Violation,Street/Sidewalk,11249,82 DIVISION AVENUE,DIVISION AVENUE,BERRY STREET,BEDFORD AVENUE,BERRY STREET,BEDFORD AVENUE,ADDRESS,BROOKLYN,DIVISION AVENUE,Closed,01 BROOKLYN,3021667501,BROOKLYN,993894,196994,PHONE,Unspecified,BROOKLYN,40.707374526690636,-73.9652155281612,"{'latitude': '40.707374526690636', 'longitude': '-73.9652155281612', 'human_address': '{""address"": """", ""city"": """", ""state"": """", ""zip"": """"}'}",,2025-11-09T23:00:39.000,The Police Department responded to the complaint and determined that police action was not necessary.,2025-11-09T23:00:43.000,,,,,,,nyc_opendata_311,2025-11-12 02:39:01.699840
66780232,2025-11-09T22:27:34.000,DHS,Department of Homeless Services,Homeless Person Assistance,Non-Chronic,Store/Commercial,11231,325 SMITH STREET,SMITH STREET,PRESIDENT STREET,CARROLL STREET,PRESIDENT STREET,CARROLL STREET,ADDRESS,BROOKLYN,SMITH STREET,Closed,06 BROOKLYN,3004430010,BROOKLYN,985795,187332,ONLINE,Unspecified,BROOKLYN,40.68085969561961,-73.9944296308898,"{'latitude': '40.68085969561961', 'longitude': '-73.9944296308898', 'human_address': '{""address"": """", ""city"": """", ""state"": """", ""zip"": """"}'}",,2025-11-09T23:07:12.000,"The Department of Homeless Services (DHS) visited the location but could not find the person that you reported. If they are still there, please submit a new service request with more details. Include the specific location and a detailed description of the person.",2025-11-09T23:06:55.000,,,,,,,nyc_opendata_311,2025-11-12 02:39:01.699840
66773704,2025-11-09T22:27:30.000,NYPD,New York City Police Department,Illegal Parking,Posted Parking Sign Violation,Street/Sidewalk,11235,2 BANNER    3 TERRACE,BANNER    3 TERRACE,DEAD END,BRIGHTON    3 STREET,DEAD END,BRIGHTON    3 STREET,ADDRESS,BROOKLYN,BANNER    3 TERRACE,Closed,13 BROOKLYN,3072600118,BROOKLYN,993587,151074,MOBILE,Unspecified,BROOKLYN,40.58133438024959,-73.96638638708899,"{'latitude': '40.58133438024959', 'longitude': '-73.96638638708899', 'human_address': '{""address"": """", ""city"": """", ""state"": """", ""zip"": """"}'}",,2025-11-10T00:12:22.000,The Police Department issued a summons in response to the complaint.,2025-11-10T00:12:26.000,,,,,,,nyc_opendata_311,2025-11-12 02:39:01.699840
66777585,2025-11-09T22:27:27.000,NYPD,New York City Police Department,Bike/Roller/Skate Chronic,N/A,Street/Sidewalk,11220,579 61 STREET,61 STREET,5 AVENUE,6 AVENUE,5 AVENUE,6 AVENUE,ADDRESS,BROOKLYN,61 STREET,Closed,07 BROOKLYN,3057830044,BROOKLYN,980030,171705,ONLINE,Unspecified,BROOKLYN,40.637966150139405,-74.01520507939733,"{'latitude': '40.637966150139405', 'longitude': '-74.01520507939733', 'human_address': '{""address"": """", ""city"": """", ""state"": """", ""zip"": """"}'}",,2025-11-10T00:59:38.000,The Police Department responded to the complaint and with the information available observed no evidence of the violation at that time.,2025-11-10T00:59:48.000,,,,,,,nyc_opendata_311,2025-11-12 02:39:01.699840
66773983,2025-11-09T22:27:25.000,NYPD,New York City Police Department,Noise - Vehicle,Car/Truck Music,Street/Sidewalk,10024,29 WEST   89 STREET,WEST   89 STREET,CENTRAL PARK WEST,COLUMBUS AVENUE,CENTRAL PARK WEST,COLUMBUS AVENUE,ADDRESS,NEW YORK,WEST   89 STREET,Closed,07 MANHATTAN,1012030121,MANHATTAN,992824,226259,ONLINE,Unspecified,MANHATTAN,40.787700685796956,-73.96903754878461,"{'latitude': '40.787700685796956', 'longitude': '-73.96903754878461', 'human_address': '{""address"": """", ""city"": """", ""state"": """", ""zip"": """"}'}",Car,2025-11-09T22:55:32.000,The Police Department responded to the complaint and with the information available observed no evidence of the violation at that time.,2025-11-09T22:55:37.000,,,,,,,nyc_opendata_311,2025-11-12 02:39:01.699840
66777216,2025-11-09T22:27:20.000,DOT,Department of Transportation,Sidewalk Condition,Broken Sidewalk,Sidewalk,11225,991 NOSTRAND AVENUE,NOSTRAND AVENUE,SULLIVAN PLACE,EMPIRE BOULEVARD,SULLIVAN PLACE,EMPIRE BOULEVARD,ADDRESS,BROOKLYN,NOSTRAND AVENUE,In Progress,09 BROOKLYN,3013090001,BROOKLYN,997850,181307,MOBILE,Unspecified,BROOKLYN,40.66431211201971,-73.95097849172319,"{'latitude': '40.66431211201971', 'longitude': '-73.95097849172319', 'human_address': '{""address"": """", ""city"": """", ""state"": """", ""zip"": """"}'}",,,,,,,,,,,nyc_opendata_311,2025-11-12 02:39:01.699840
66774943,2025-11-09T22:27:07.000,NYPD,New York City Police Department,Noise - Residential,Loud Talking,Residential Building/House,11368,34-17 105 STREET,105 STREET,34 AVENUE,35 AVENUE,34 AVENUE,35 AVENUE,ADDRESS,CORONA,105 STREET,Closed,03 QUEENS,4017470094,QUEENS,1022111,214641,MOBILE,Unspecified,QUEENS,40.7557354080705,-73.86334181588862,"{'latitude': '40.7557354080705', 'longitude': '-73.86334181588862', 'human_address': '{""address"": """", ""city"": """", ""state"": """", ""zip"": """"}'}",,2025-11-09T22:51:32.000,The Police Department responded to the complaint and took action to fix the condition.,2025-11-09T22:51:35.000,,,,,,,nyc_opendata_311,2025-11-12 02:39:01.699840
66772661,2025-11-09T22:26:56.000,NYPD,New York City Police Department,Illegal Parking,Double Parked Blocking Traffic,Street/Sidewalk,10306,2 MILTON AVENUE,MILTON AVENUE,NEW DORP LANE,BEACON PLACE,NEW DORP LANE,BEACON PLACE,ADDRESS,STATEN ISLAND,MILTON AVENUE,Closed,02 STATEN ISLAND,5040450024,STATEN ISLAND,955843,145672,MOBILE,Unspecified,STATEN ISLAND,40.56646636128295,-74.1022437157211,"{'latitude': '40.56646636128295', 'longitude': '-74.1022437157211', 'human_address': '{""address"": """", ""city"": """", ""state"": """", ""zip"": """"}'}",Car,2025-11-09T23:13:26.000,The Police Department issued a summons in response to the complaint.,2025-11-09T23:13:29.000,,,,,,,nyc_opendata_311,2025-11-12 02:39:01.699840
66773764,2025-11-09T22:26:55.000,NYPD,New York City Police Department,Blocked Driveway,No Access,Street/Sidewalk,11210,1609 BROOKLYN AVENUE,BROOKLYN AVENUE,GLENWOOD ROAD,AVENUE H,GLENWOOD ROAD,AVENUE H,ADDRESS,BROOKLYN,BROOKLYN AVENUE,Closed,17 BROOKLYN,3075640035,BROOKLYN,1000369,170137,ONLINE,Unspecified,BROOKLYN,40.63364866303738,-73.94192539453957,"{'latitude': '40.63364866303738', 'longitude': '-73.94192539453957', 'human_address': '{""address"": """", ""city"": """", ""state"": """", ""zip"": """"}'}",,2025-11-09T22:43:34.000,The Police Department issued a summons in response to the complaint.,2025-11-09T22:43:38.000,,,,,,,nyc_opendata_311,2025-11-12 02:39:01.699840
66778536,2025-11-09T22:26:51.000,NYPD,New York City Police Department,Illegal Parking,Posted Parking Sign Violation,Street/Sidewalk,11230,1988 OCEAN AVENUE,OCEAN AVENUE,AVENUE O,AVENUE P,AVENUE O,AVENUE P,ADDRESS,BROOKLYN,OCEAN AVENUE,Closed,14 BROOKLYN,3067660012,BROOKLYN,997017,162644,ONLINE,Unspecified,BROOKLYN,40.6130874135015,-73.95401637213847,"{'latitude': '40.6130874135015', 'longitude': '-73.95401637213847', 'human_address': '{""address"": """", ""city"": """", ""state"": """", ""zip"": """"}'}",,2025-11-10T00:24:26.000,The Police Department responded to the complaint and took action to fix the condition.,2025-11-10T00:24:31.000,,,,,,,nyc_opendata_311,2025-11-12 02:39:01.699840
66775241,2025-11-09T22:26:43.000,NYPD,New York City Police Department,Illegal Parking,Commercial Overnight Parking,Street/Sidewalk,11385,60-45 PUTNAM AVENUE,PUTNAM AVENUE,60 PLACE,60 LANE,60 PLACE,60 LANE,ADDRESS,RIDGEWOOD,PUTNAM AVENUE,In Progress,05 QUEENS,4035300090,QUEENS,1012179,196489,MOBILE,Unspecified,QUEENS,40.70594959930124,-73.8992663898415,"{'latitude': '40.70594959930124', 'longitude': '-73.8992663898415', 'human_address': '{""address"": """", ""city"": """", ""state"": """", ""zip"": """"}'}",,,,,,,,,,,nyc_opendata_311,2025-11-12 02:39:01.699840
66775210,2025-11-09T22:26:19.000,DPR,Department of Parks and Recreation,Illegal Tree Damage,Branches Damaged,Street,11234,1878 RYDER STREET,RYDER STREET,AVENUE R,FILLMORE AVENUE,AVENUE R,FILLMORE AVENUE,ADDRESS,BROOKLYN,RYDER STREET,In Progress,18 BROOKLYN,3084820073,BROOKLYN,1003258,162710,MOBILE,Unspecified,BROOKLYN,40.61325737949129,-73.93153763040037,"{'latitude': '40.61325737949129', 'longitude': '-73.93153763040037', 'human_address': '{""address"": """", ""city"": """", ""state"": """", ""zip"": """"}'}",,,,,,,,,,,nyc_opendata_311,2025-11-12 02:39:01.699840
66776413,2025-11-09T22:26:12.000,DOHMH,Department of Health and Mental Hygiene,Rodent,Rat Sighting,3+ Family Apt. Building,11206,869 FLUSHING AVENUE,FLUSHING AVENUE,GARDEN STREET,BUSHWICK AVENUE,GARDEN STREET,BUSHWICK AVENUE,ADDRESS,BROOKLYN,FLUSHING AVENUE,In Progress,01 BROOKLYN,3031290001,BROOKLYN,1001624,194976,ONLINE,Unspecified,BROOKLYN,40.70182379121703,-73.93733978324912,"{'latitude': '40.70182379121703', 'longitude': '-73.93733978324912', 'human_address': '{""address"": """", ""city"": """", ""state"": """", ""zip"": """"}'}",,,,,,,,,,,nyc_opendata_311,2025-11-12 02:39:01.699840
66774298,2025-11-09T22:26:02.000,NYPD,New York City Police Department,Noise - Residential,Banging/Pounding,Residential Building/House,11355,41-10 BOWNE STREET,BOWNE STREET,41 AVENUE,BARCLAY AVENUE,41 AVENUE,BARCLAY AVENUE,ADDRESS,FLUSHING,BOWNE STREET,In Progress,07 QUEENS,4050460020,QUEENS,1033062,216060,MOBILE,Unspecified,QUEENS,40.75957651902922,-73.82380429066224,"{'latitude': '40.75957651902922', 'longitude': '-73.82380429066224', 'human_address': '{""address"": """", ""city"": """", ""state"": """", ""zip"": """"}'}",,,,,,,,,,,nyc_opendata_311,2025-11-12 02:39:01.699840
66772542,2025-11-09T22:26:00.000,DEP,Department of Environmental Protection,Sewer,Catch Basin Search (SC2),,10039,267 WEST  152 STREET,WEST  152 STREET,MACOMBS PL,FREDERICK DOUGLASS BLVD,,,ADDRESS,NEW YORK,,Open,10 MANHATTAN,1020380001,MANHATTAN,1001409,240566,PHONE,Unspecified,MANHATTAN,40.82695693904198,-73.93799881336062,"{'latitude': '40.82695693904198', 'longitude': '-73.93799881336062', 'human_address': '{""address"": """", ""city"": """", ""state"": """", ""zip"": """"}'}",,,,,,,,,,,nyc_opendata_311,2025-11-12 02:39:01.699840
66779676,2025-11-09T22:25:58.000,NYPD,New York City Police Department,Noise - Commercial,Loud Music/Party,Club/Bar/Restaurant,10031,132 HAMILTON PLACE,HAMILTON PLACE,WEST  142 STREET,WEST  143 STREET,WEST  142 STREET,WEST  143 STREET,ADDRESS,NEW YORK,HAMILTON PLACE,Closed,09 MANHATTAN,1020740040,MANHATTAN,998355,239498,ONLINE,Unspecified,MANHATTAN,40.824030988344326,-73.94903617577435,"{'latitude': '40.824030988344326', 'longitude': '-73.94903617577435', 'human_address': '{""address"": """", ""city"": """", ""state"": """", ""zip"": """"}'}",,2025-11-09T23:09:09.000,The Police Department responded to the complaint and took action to fix the condition.,2025-11-09T23:09:14.000,,,,,,,nyc_opendata_311,2025-11-12 02:39:01.699840
66773768,2025-11-09T22:25:57.000,NYPD,New York City Police Department,Blocked Driveway,No Access,Street/Sidewalk,11418,122-14 HILLSIDE AVENUE,HILLSIDE AVENUE,122 STREET,123 STREET,122 STREET,123 STREET,ADDRESS,RICHMOND HILL,HILLSIDE AVENUE,Closed,09 QUEENS,4092760063,QUEENS,1031769,195122,MOBILE,Unspecified,QUEENS,40.702113993802925,-73.82861946316237,"{'latitude': '40.702113993802925', 'longitude': '-73.82861946316237', 'human_address': '{""address"": """", ""city"": """", ""state"": """", ""zip"": """"}'}",,2025-11-10T00:59:59.000,The Police Department responded to the complaint and with the information available observed no evidence of the violation at that time.,2025-11-10T01:00:08.000,,,,,,,nyc_opendata_311,2025-11-12 02:39:01.699840
66776290,2025-11-09T22:25:57.000,TLC,Taxi and Limousine Commission,For Hire Vehicle Complaint,Driver Complaint - Non Passenger,Street,11370,80-77 19 AVENUE,19 AVENUE,80 STREET,BOWERY BAY BOULEVARD,80 STREET,BOWERY BAY BOULEVARD,ADDRESS,EAST ELMHURST,19 AVENUE,In Progress,80 QUEENS,,QUEENS,1014775,220968,ONLINE,Unspecified,QUEENS,40.773129745787344,-73.88979213251616,"{'latitude': '40.773129745787344', 'longitude': '-73.88979213251616', 'human_address': '{""address"": """", ""city"": """", ""state"": """", ""zip"": """"}'}",,,,,,,"80-77 19 AVENUE, QUEENS (EAST ELMHURST), NY, 11370",,,QUEENS,nyc_opendata_311,2025-11-12 02:39:01.699840
66772857,2025-11-09T22:25:35.000,NYPD,New York City Police Department,Noise - Residential,Banging/Pounding,Residential Building/House,11101,40-14 12 STREET,12 STREET,40 AVENUE,41 AVENUE,40 AVENUE,41 AVENUE,ADDRESS,LONG ISLAND CITY,12 STREET,Closed,01 QUEENS,4004700200,QUEENS,1000021,214633,MOBILE,Unspecified,QUEENS,40.75578044551614,-73.9430750123803,"{'latitude': '40.75578044551614', 'longitude': '-73.9430750123803', 'human_address': '{""address"": """", ""city"": """", ""state"": """", ""zip"": """"}'}",,2025-11-09T23:15:02.000,The Police Department responded to the complaint and with the information available observed no evidence of the violation at that time.,2025-11-09T23:15:05.000,,,,,,,nyc_opendata_311,2025-11-12 02:39:01.699840
66779774,2025-11-09T22:25:35.000,NYPD,New York City Police Department,Noise - Residential,Loud Music/Party,Residential Building/House,10456,1465 WASHINGTON AVENUE,WASHINGTON AVENUE,ST PAULS PLACE,EAST  171 STREET,ST PAULS PLACE,EAST  171 STREET,ADDRESS,BRONX,WASHINGTON AVENUE,Closed,03 BRONX,2029020036,BRONX,1010885,244212,ONLINE,Unspecified,BRONX,40.83694066292417,-73.90374441298103,"{'latitude': '40.83694066292417', 'longitude': '-73.90374441298103', 'human_address': '{""address"": """", ""city"": """", ""state"": """", ""zip"": """"}'}",,2025-11-09T22:36:24.000,The Police Department responded to the complaint and took action to fix the condition.,2025-11-09T22:36:29.000,,,,,,,nyc_opendata_311,2025-11-12 02:39:01.699840
66775067,2025-11-09T22:25:18.000,HPD,Department of Housing Preservation and Development,HEAT/HOT WATER,ENTIRE BUILDING,RESIDENTIAL BUILDING,11208,1120 GLENMORE AVENUE,GLENMORE AVENUE,,,,,ADDRESS,BROOKLYN,,Open,05 BROOKLYN,3042180010,BROOKLYN,1020931,186066,MOBILE,Unspecified,BROOKLYN,40.67730894937618,-73.86775669383678,"{'latitude': '40.67730894937618', 'longitude': '-73.86775669383678', 'human_address': '{""address"": """", ""city"": """", ""state"": """", ""zip"": """"}'}",,,"This complaint is a duplicate of a building-wide condition already reported by another tenant.  The original complaint is still open, and HPD may only need to confirm that the condition exists by inspecting one apartment.  If we cannot contact the tenant from the original complaint or get access to that apartment, HPD may attempt to contact the person who filed this complaint to verify the correction of the condition or may conduct an inspection of your unit. You can check HPDONLINE to see if a",2025-11-09T00:00:00.000,,,,,,,nyc_opendata_311,2025-11-12 02:39:01.699840
66776761,2025-11-09T22:25:09.000,NYPD,New York City Police Department,Noise - Residential,Banging/Pounding,Residential Building/House,11224,2970 WEST   27 STREET,WEST   27 STREET,DEAD END,SURF AVENUE,DEAD END,SURF AVENUE,ADDRESS,BROOKLYN,WEST   27 STREET,Closed,13 BROOKLYN,3070520034,BROOKLYN,986240,148216,ONLINE,Unspecified,BROOKLYN,40.573494426424446,-73.99283675303543,"{'latitude': '40.573494426424446', 'longitude': '-73.99283675303543', 'human_address': '{""address"": """", ""city"": """", ""state"": """", ""zip"": """"}'}",,2025-11-09T23:04:03.000,The Police Department responded to the complaint and took action to fix the condition.,2025-11-09T23:04:08.000,,,,,,,nyc_opendata_311,2025-11-12 02:39:01.699840
66776017,2025-11-09T22:25:07.000,HPD,Department of Housing Preservation and Development,HEAT/HOT WATER,ENTIRE BUILDING,RESIDENTIAL BUILDING,11377,47-19 44 STREET,44 STREET,,,,,ADDRESS,WOODSIDE,,Open,02 QUEENS,4001710021,QUEENS,1006129,209198,ONLINE,Unspecified,QUEENS,40.74084973999472,-73.92104604766396,"{'latitude': '40.74084973999472', 'longitude': '-73.92104604766396', 'human_address': '{""address"": """", ""city"": """", ""state"": """", ""zip"": """"}'}",,,The following complaint conditions are still open. HPD has already attempted to notify the property owner that the condition exists; the tenant should provide access for the owner to make the repair.  HPD may attempt to contact the tenant by phone to verify the correction of the condition or an HPD Inspector may attempt to conduct an inspection.,2025-11-09T00:00:00.000,,,,,,,nyc_opendata_311,2025-11-12 02:39:01.699840
66774738,2025-11-09T22:24:57.000,NYPD,New York City Police Department,Blocked Driveway,No Access,Street/Sidewalk,11433,150-46 SHORE AVENUE,SHORE AVENUE,SUTPHIN BOULEVARD,154 STREET,SUTPHIN BOULEVARD,154 STREET,ADDRESS,JAMAICA,SHORE AVENUE,Closed,12 QUEENS,4101310027,QUEENS,1039846,192322,ONLINE,Unspecified,QUEENS,40.69438160661716,-73.79951241491882,"{'latitude': '40.69438160661716', 'longitude': '-73.79951241491882', 'human_address': '{""address"": """", ""city"": """", ""state"": """", ""zip"": """"}'}",,2025-11-10T00:01:58.000,The Police Department issued a summons in response to the complaint.,2025-11-10T00:02:02.000,,,,,,,nyc_opendata_311,2025-11-12 02:39:01.699840
66774289,2025-11-09T22:24:57.000,DOHMH,Department of Health and Mental Hygiene,Mobile Food Vendor,Smoke/Odor,Mobile Food Vendor,10027,307 LENOX AVENUE,LENOX AVENUE,WEST  125 STREET,WEST  126 STREET,WEST  125 STREET,WEST  126 STREET,ADDRESS,NEW YORK,LENOX AVENUE,In Progress,10 MANHATTAN,1019107501,MANHATTAN,999383,233656,MOBILE,Unspecified,MANHATTAN,40.807994636667075,-73.94533500600751,"{'latitude': '40.807994636667075', 'longitude': '-73.94533500600751', 'human_address': '{""address"": """", ""city"": """", ""state"": """", ""zip"": """"}'}",,,,,,,,,,,nyc_opendata_311,2025-11-12 02:39:01.699840
66773143,2025-11-09T22:24:39.000,HPD,Department of Housing Preservation and Development,PAINT/PLASTER,WALL,RESIDENTIAL BUILDING,10026,143 WEST  116 STREET,WEST  116 STREET,,,,,ADDRESS,NEW YORK,,Open,10 MANHATTAN,1019010009,MANHATTAN,997830,231677,PHONE,Unspecified,MANHATTAN,40.802565351023446,-73.95094891565394,"{'latitude': '40.802565351023446', 'longitude': '-73.95094891565394', 'human_address': '{""address"": """", ""city"": """", ""state"": """", ""zip"": """"}'}",,,The following complaint conditions are still open. HPD has already attempted to notify the property owner that the condition exists; the tenant should provide access for the owner to make the repair.  HPD may attempt to contact the tenant by phone to verify the correction of the condition or an HPD Inspector may attempt to conduct an inspection.,2025-11-09T00:00:00.000,,,,,,,nyc_opendata_311,2025-11-12 02:39:01.699840
66775132,2025-11-09T22:24:39.000,HPD,Department of Housing Preservation and Development,UNSANITARY CONDITION,PESTS,RESIDENTIAL BUILDING,10026,143 WEST  116 STREET,WEST  116 STREET,,,,,ADDRESS,NEW YORK,,Open,10 MANHATTAN,1019010009,MANHATTAN,997830,231677,PHONE,Unspecified,MANHATTAN,40.802565351023446,-73.95094891565394,"{'latitude': '40.802565351023446', 'longitude': '-73.95094891565394', 'human_address': '{""address"": """", ""city"": """", ""state"": """", ""zip"": """"}'}",,,The following complaint conditions are still open. HPD has already attempted to notify the property owner that the condition exists; the tenant should provide access for the owner to make the repair.  HPD may attempt to contact the tenant by phone to verify the correction of the condition or an HPD Inspector may attempt to conduct an inspection.,2025-11-09T00:00:00.000,,,,,,,nyc_opendata_311,2025-11-12 02:39:01.699840
66776106,2025-11-09T22:24:39.000,HPD,Department of Housing Preservation and Development,UNSANITARY CONDITION,GARBAGE/RECYCLING STORAGE,RESIDENTIAL BUILDING,10026,143 WEST  116 STREET,WEST  116 STREET,,,,,ADDRESS,NEW YORK,,Open,10 MANHATTAN,1019010009,MANHATTAN,997830,231677,PHONE,Unspecified,MANHATTAN,40.802565351023446,-73.95094891565394,"{'latitude': '40.802565351023446', 'longitude': '-73.95094891565394', 'human_address': '{""address"": """", ""city"": """", ""state"": """", ""zip"": """"}'}",,,The following complaint conditions are still open. HPD has already attempted to notify the property owner that the condition exists; the tenant should provide access for the owner to make the repair.  HPD may attempt to contact the tenant by phone to verify the correction of the condition or an HPD Inspector may attempt to conduct an inspection.,2025-11-09T00:00:00.000,,,,,,,nyc_opendata_311,2025-11-12 02:39:01.699840
66777434,2025-11-09T22:24:38.000,NYPD,New York City Police Department,Illegal Parking,Blocked Hydrant,Street/Sidewalk,11436,137-32 132 AVENUE,132 AVENUE,VAN WYCK EXPRESSWAY,DEAD END,VAN WYCK EXPRESSWAY,DEAD END,ADDRESS,JAMAICA,132 AVENUE,Closed,12 QUEENS,4120750045,QUEENS,1039615,183386,ONLINE,Unspecified,QUEENS,40.6698558316466,-73.80041885315545,"{'latitude': '40.6698558316466', 'longitude': '-73.80041885315545', 'human_address': '{""address"": """", ""city"": """", ""state"": """", ""zip"": """"}'}",,2025-11-10T01:08:43.000,The Police Department responded to the complaint and took action to fix the condition.,2025-11-10T01:08:48.000,,,,,,,nyc_opendata_311,2025-11-12 02:39:01.699840
66778506,2025-11-09T22:24:33.000,NYPD,New York City Police Department,Illegal Parking,Commercial Overnight Parking,Street/Sidewalk,11236,10513 FLATLANDS    6 STREET,FLATLANDS    6 STREET,EAST  105 STREET,EAST  108 STREET,EAST  105 STREET,EAST  108 STREET,ADDRESS,BROOKLYN,FLATLANDS    6 STREET,Closed,18 BROOKLYN,3082710068,BROOKLYN,1015469,173145,MOBILE,Unspecified,BROOKLYN,40.641864626313335,-73.88750823807071,"{'latitude': '40.641864626313335', 'longitude': '-73.88750823807071', 'human_address': '{""address"": """", ""city"": """", ""state"": """", ""zip"": """"}'}",,2025-11-10T01:35:00.000,The Police Department issued a summons in response to the complaint.,2025-11-10T01:35:06.000,,,,,,,nyc_opendata_311,2025-11-12 02:39:01.699840
66775947,2025-11-09T22:24:30.000,NYPD,New York City Police Department,Noise - Street/Sidewalk,Loud Talking,Street/Sidewalk,10460,1705 HOE AVENUE,HOE AVENUE,EAST  173 STREET,EAST  174 STREET,EAST  173 STREET,EAST  174 STREET,ADDRESS,BRONX,HOE AVENUE,Closed,03 BRONX,2029830030,BRONX,1015446,244002,ONLINE,Unspecified,BRONX,40.83634934042209,-73.88726251817741,"{'latitude': '40.83634934042209', 'longitude': '-73.88726251817741', 'human_address': '{""address"": """", ""city"": """", ""state"": """", ""zip"": """"}'}",,2025-11-10T01:42:45.000,The Police Department responded to the complaint and took action to fix the condition.,2025-11-10T01:42:50.000,,,,,,,nyc_opendata_311,2025-11-12 02:39:01.699840
66772955,2025-11-09T22:24:25.000,NYPD,New York City Police Department,Noise - Residential,Loud Music/Party,Residential Building/House,10475,2231 BOLLER AVENUE,BOLLER AVENUE,ERSKINE PLACE,STILLWELL AVENUE,ERSKINE PLACE,STILLWELL AVENUE,ADDRESS,BRONX,BOLLER AVENUE,Closed,10 BRONX,2051340015,BRONX,1032722,252856,MOBILE,Unspecified,BRONX,40.860572984417686,-73.82476587527275,"{'latitude': '40.860572984417686', 'longitude': '-73.82476587527275', 'human_address': '{""address"": """", ""city"": """", ""state"": """", ""zip"": """"}'}",,2025-11-10T01:13:40.000,The Police Department responded to the complaint and with the information available observed no evidence of the violation at that time.,2025-11-10T01:13:49.000,,,,,,,nyc_opendata_311,2025-11-12 02:39:01.699840
66778865,2025-11-09T22:24:16.000,NYPD,New York City Police Department,Noise - Street/Sidewalk,Loud Talking,Street/Sidewalk,10026,139 WEST  116 STREET,WEST  116 STREET,LENOX AVENUE,ADAM CLAYTON POWELL JR BOULEVARD,LENOX AVENUE,ADAM CLAYTON POWELL JR BOULEVARD,ADDRESS,NEW YORK,WEST  116 STREET,Closed,10 MANHATTAN,1019010013,MANHATTAN,997851,231665,MOBILE,Unspecified,MANHATTAN,40.80253238201791,-73.95087308778609,"{'latitude': '40.80253238201791', 'longitude': '-73.95087308778609', 'human_address': '{""address"": """", ""city"": """", ""state"": """", ""zip"": """"}'}",,2025-11-09T22:41:26.000,The Police Department responded to the complaint and took action to fix the condition.,2025-11-09T22:41:28.000,,,,,,,nyc_opendata_311,2025-11-12 02:39:01.699840
66776718,2025-11-09T22:24:09.000,NYPD,New York City Police Department,Noise - Commercial,Loud Music/Party,Club/Bar/Restaurant,11211,189 GRAND STREET EXTENSION,GRAND STREET EXTENSION,SOUTH    1 STREET,GRAND STREET,SOUTH    1 STREET,GRAND STREET,ADDRESS,BROOKLYN,GRAND STREET EXTENSION,Closed,01 BROOKLYN,3023990001,BROOKLYN,997473,198262,ONLINE,Unspecified,BROOKLYN,40.71085026106612,-73.95230412012211,"{'latitude': '40.71085026106612', 'longitude': '-73.95230412012211', 'human_address': '{""address"": """", ""city"": """", ""state"": """", ""zip"": """"}'}",,2025-11-09T22:55:53.000,The Police Department responded to the complaint and with the information available observed no evidence of the violation at that time.,2025-11-09T22:55:57.000,,,,,,,nyc_opendata_311,2025-11-12 02:39:01.699840
66778507,2025-11-09T22:23:52.000,NYPD,New York City Police Department,Illegal Parking,Commercial Overnight Parking,Street/Sidewalk,11411,118-29 225 STREET,225 STREET,118 AVENUE,119 AVENUE,118 AVENUE,119 AVENUE,ADDRESS,CAMBRIA HEIGHTS,225 STREET,Closed,13 QUEENS,4127620112,QUEENS,1057221,191370,MOBILE,Unspecified,QUEENS,40.6916423917072,-73.73686618149685,"{'latitude': '40.6916423917072', 'longitude': '-73.73686618149685', 'human_address': '{""address"": """", ""city"": """", ""state"": """", ""zip"": """"}'}",,2025-11-09T22:56:51.000,The Police Department responded to the complaint and took action to fix the condition.,2025-11-09T22:56:55.000,,,,,,,nyc_opendata_311,2025-11-12 02:39:01.699840
66773890,2025-11-09T22:23:47.000,NYPD,New York City Police Department,Noise - Residential,Loud Music/Party,Residential Building/House,10456,1465 WASHINGTON AVENUE,WASHINGTON AVENUE,ST PAULS PLACE,EAST  171 STREET,ST PAULS PLACE,EAST  171 STREET,ADDRESS,BRONX,WASHINGTON AVENUE,Closed,03 BRONX,2029020036,BRONX,1010885,244212,ONLINE,Unspecified,BRONX,40.83694066292417,-73.90374441298103,"{'latitude': '40.83694066292417', 'longitude': '-73.90374441298103', 'human_address': '{""address"": """", ""city"": """", ""state"": """", ""zip"": """"}'}",,2025-11-09T22:36:42.000,The Police Department responded to the complaint and took action to fix the condition.,2025-11-09T22:36:46.000,,,,,,,nyc_opendata_311,2025-11-12 02:39:01.699840
66777662,2025-11-09T22:23:34.000,NYPD,New York City Police Department,Noise - Commercial,Loud Music/Party,Club/Bar/Restaurant,10012,293 MOTT STREET,MOTT STREET,PRINCE STREET,EAST HOUSTON STREET,PRINCE STREET,EAST HOUSTON STREET,ADDRESS,NEW YORK,MOTT STREET,Closed,02 MANHATTAN,1005090026,MANHATTAN,985816,203170,ONLINE,Unspecified,MANHATTAN,40.72433128539028,-73.99435023418445,"{'latitude': '40.72433128539028', 'longitude': '-73.99435023418445', 'human_address': '{""address"": """", ""city"": """", ""state"": """", ""zip"": """"}'}",,2025-11-09T22:29:35.000,The Police Department responded to the complaint and took action to fix the condition.,2025-11-09T22:29:37.000,,,,,,,nyc_opendata_311,2025-11-12 02:39:01.699840
66775264,2025-11-09T22:23:28.000,NYPD,New York City Police Department,Noise - Residential,Loud Music/Party,Residential Building/House,11225,340 MAPLE STREET,MAPLE STREET,NOSTRAND AVENUE,NEW YORK AVENUE,NOSTRAND AVENUE,NEW YORK AVENUE,ADDRESS,BROOKLYN,MAPLE STREET,In Progress,09 BROOKLYN,3047960022,BROOKLYN,998288,180062,MOBILE,Unspecified,BROOKLYN,40.660894179220875,-73.9494023032745,"{'latitude': '40.660894179220875', 'longitude': '-73.9494023032745', 'human_address': '{""address"": """", ""city"": """", ""state"": """", ""zip"": """"}'}",,,,,,,,,,,nyc_opendata_311,2025-11-12 02:39:01.699840
66775530,2025-11-09T22:23:15.000,NYPD,New York City Police Department,Illegal Parking,Blocked Hydrant,Street/Sidewalk,11434,118-28 153 STREET,153 STREET,118 AVENUE,119 AVENUE,118 AVENUE,119 AVENUE,ADDRESS,JAMAICA,153 STREET,Closed,12 QUEENS,4122060034,QUEENS,1042662,187228,PHONE,Unspecified,QUEENS,40.6803816467695,-73.78940169499522,"{'latitude': '40.6803816467695', 'longitude': '-73.78940169499522', 'human_address': '{""address"": """", ""city"": """", ""state"": """", ""zip"": """"}'}",,2025-11-10T01:37:48.000,The Police Department responded to the complaint and with the information available observed no evidence of the violation at that time.,2025-11-10T01:37:52.000,,,,,,,nyc_opendata_311,2025-11-12 02:39:01.699840
66775704,2025-11-09T22:23:05.000,NYPD,New York City Police Department,Blocked Driveway,No Access,Street/Sidewalk,11237,366 LINDEN STREET,LINDEN STREET,MYRTLE AVENUE,WYCKOFF AVENUE,MYRTLE AVENUE,WYCKOFF AVENUE,ADDRESS,BROOKLYN,LINDEN STREET,Closed,04 BROOKLYN,3033370020,BROOKLYN,1008408,194328,PHONE,Unspecified,BROOKLYN,40.70002926363365,-73.91287527969972,"{'latitude': '40.70002926363365', 'longitude': '-73.91287527969972', 'human_address': '{""address"": """", ""city"": """", ""state"": """", ""zip"": """"}'}",,2025-11-10T01:02:00.000,The Police Department responded and upon arrival those responsible for the condition were gone.,2025-11-10T01:02:08.000,,,,,,,nyc_opendata_311,2025-11-12 02:39:01.699840
66779786,2025-11-09T22:23:05.000,NYPD,New York City Police Department,Noise - Residential,Loud Music/Party,Residential Building/House,10040,35 HILLSIDE AVENUE,HILLSIDE AVENUE,BOGARDUS PLACE,ELLWOOD STREET,BOGARDUS PLACE,ELLWOOD STREET,ADDRESS,NEW YORK,HILLSIDE AVENUE,Closed,12 MANHATTAN,1021700112,MANHATTAN,1003705,252082,ONLINE,Unspecified,MANHATTAN,40.858560221856706,-73.92966919428181,"{'latitude': '40.858560221856706', 'longitude': '-73.92966919428181', 'human_address': '{""address"": """", ""city"": """", ""state"": """", ""zip"": """"}'}",,2025-11-10T01:46:09.000,The Police Department responded to the complaint but officers were unable to gain entry into the premises.,2025-11-10T01:46:11.000,,,,,,,nyc_opendata_311,2025-11-12 02:39:01.699840
66775948,2025-11-09T22:23:02.000,NYPD,New York City Police Department,Noise - Street/Sidewalk,Loud Talking,Street/Sidewalk,11226,485 EAST   21 STREET,EAST   21 STREET,CORTELYOU ROAD,DORCHESTER ROAD,CORTELYOU ROAD,DORCHESTER ROAD,ADDRESS,BROOKLYN,EAST   21 STREET,Closed,14 BROOKLYN,3051640037,BROOKLYN,995768,173347,ONLINE,Unspecified,BROOKLYN,40.64246660444298,-73.95849670087254,"{'latitude': '40.64246660444298', 'longitude': '-73.95849670087254', 'human_address': '{""address"": """", ""city"": """", ""state"": """", ""zip"": """"}'}",,2025-11-09T22:45:54.000,The Police Department responded to the complaint and took action to fix the condition.,2025-11-09T22:45:58.000,,,,,,,nyc_opendata_311,2025-11-12 02:39:01.699840
66776476,2025-11-09T22:23:00.000,DEP,Department of Environmental Protection,Water System,Leak (Use Comments) (WA2),,11207,126 JEROME STREET,JEROME STREET,ARLINGTON AVE,FULTON ST,,,ADDRESS,BROOKLYN,,Closed,05 BROOKLYN,3039360040,BROOKLYN,1015241,186756,ONLINE,Unspecified,BROOKLYN,40.679224590777395,-73.88826723422005,"{'latitude': '40.679224590777395', 'longitude': '-73.88826723422005', 'human_address': '{""address"": """", ""city"": """", ""state"": """", ""zip"": """"}'}",,2025-11-09T22:30:00.000,The Department of Environmental Protection determined that this complaint is a duplicate of a previously filed complaint. The original complaint is being addressed.,2025-11-09T22:30:00.000,,,,,,,nyc_opendata_311,2025-11-12 02:39:01.699840
66778752,2025-11-09T22:22:49.000,NYPD,New York City Police Department,Noise - Residential,Loud Music/Party,Residential Building/House,10469,3436 CORSA AVENUE,CORSA AVENUE,BOSTON ROAD,HICKS STREET,BOSTON ROAD,HICKS STREET,ADDRESS,BRONX,CORSA AVENUE,Closed,12 BRONX,2047220012,BRONX,1026380,258982,ONLINE,Unspecified,BRONX,40.87741950351731,-73.84765466579671,"{'latitude': '40.87741950351731', 'longitude': '-73.84765466579671', 'human_address': '{""address"": """", ""city"": """", ""state"": """", ""zip"": """"}'}",,2025-11-10T00:31:46.000,The Police Department responded to the complaint and with the information available observed no evidence of the violation at that time.,2025-11-10T00:31:47.000,,,,,,,nyc_opendata_311,2025-11-12 02:39:01.699840
66774210,2025-11-09T22:22:46.000,NYPD,New York City Police Department,Blocked Driveway,No Access,Street/Sidewalk,10033,369 AUDUBON AVENUE,AUDUBON AVENUE,WEST  183 STREET,WEST  184 STREET,WEST  183 STREET,WEST  184 STREET,ADDRESS,NEW YORK,AUDUBON AVENUE,In Progress,12 MANHATTAN,1021550072,MANHATTAN,1003274,249046,ONLINE,Unspecified,MANHATTAN,40.85022824836917,-73.93123589599905,"{'latitude': '40.85022824836917', 'longitude': '-73.93123589599905', 'human_address': '{""address"": """", ""city"": """", ""state"": """", ""zip"": """"}'}",,,,,,,,,,,nyc_opendata_311,2025-11-12 02:39:01.699840
66777262,2025-11-09T22:22:15.000,DHS,Department of Homeless Services,Homeless Person Assistance,Non-Chronic,Street/Sidewalk,11225,991 NOSTRAND AVENUE,NOSTRAND AVENUE,SULLIVAN PLACE,EMPIRE BOULEVARD,SULLIVAN PLACE,EMPIRE BOULEVARD,ADDRESS,BROOKLYN,NOSTRAND AVENUE,Assigned,09 BROOKLYN,3013090001,BROOKLYN,997850,181307,MOBILE,Unspecified,BROOKLYN,40.66431211201971,-73.95097849172319,"{'latitude': '40.66431211201971', 'longitude': '-73.95097849172319', 'human_address': '{""address"": """", ""city"": """", ""state"": """", ""zip"": """"}'}",,,The Department of Homeless Services has sent a mobile outreach response team to the location.,2025-11-09T22:35:06.000,,,,,,,nyc_opendata_311,2025-11-12 02:39:01.699840
66777241,2025-11-09T22:22:12.000,DHS,Department of Homeless Services,Homeless Person Assistance,Non-Chronic,Store/Commercial,10001,115 WEST 31 STREET,WEST 31 STREET,AVENUE OF THE AMERICAS,7 AVENUE,AVENUE OF THE AMERICAS,7 AVENUE,ADDRESS,NEW YORK,WEST   31 STREET,Closed,05 MANHATTAN,1008077503,MANHATTAN,987057,211868,ONLINE,Unspecified,MANHATTAN,40.748204839989796,-73.98986936408812,"{'latitude': '40.748204839989796', 'longitude': '-73.98986936408812', 'human_address': '{""address"": """", ""city"": """", ""state"": """", ""zip"": """"}'}",,2025-11-10T00:44:21.000,The person has refused services from the mobile outreach response team.,2025-11-10T00:43:50.000,,,,,,,nyc_opendata_311,2025-11-12 02:39:01.699840
66776294,2025-11-09T22:21:47.000,DHS,Department of Homeless Services,Encampment,N/A,Street/Sidewalk,10010,663 6 AVENUE,6 AVENUE,WEST   20 STREET,WEST   21 STREET,WEST   20 STREET,WEST   21 STREET,ADDRESS,NEW YORK,AVENUE OF THE AMERICAS,Closed,04 MANHATTAN,1007967504,MANHATTAN,985936,209385,MOBILE,Unspecified,MANHATTAN,40.74138991124796,-73.99391574455117,"{'latitude': '40.74138991124796', 'longitude': '-73.99391574455117', 'human_address': '{""address"": """", ""city"": """", ""state"": """", ""zip"": """"}'}",,2025-11-10T01:07:44.000,The Department of Homeless Services (DHS) outreach team attempted to engage the individuals at the reported location. DHS is coordinating with their agency partners. They will determine the best course of action. Your service request has been closed.,2025-11-10T01:07:49.000,,,,,,,nyc_opendata_311,2025-11-12 02:39:01.699840
66780237,2025-11-09T22:21:47.000,NYPD,New York City Police Department,Encampment,N/A,Street/Sidewalk,10010,663 6 AVENUE,6 AVENUE,WEST   20 STREET,WEST   21 STREET,WEST   20 STREET,WEST   21 STREET,ADDRESS,NEW YORK,AVENUE OF THE AMERICAS,Closed,04 MANHATTAN,1007967504,MANHATTAN,985936,209385,MOBILE,Unspecified,MANHATTAN,40.74138991124796,-73.99391574455117,"{'latitude': '40.74138991124796', 'longitude': '-73.99391574455117', 'human_address': '{""address"": """", ""city"": """", ""state"": """", ""zip"": """"}'}",,2025-11-10T00:16:40.000,The Police Department visited the location and has referred the complaint to the Department of Homeless Services (DHS) for further action. DHS will inspect the condition and update your Service Request with more information.,2025-11-10T00:16:42.000,,,,,,,nyc_opendata_311,2025-11-12 02:39:01.699840
66773258,2025-11-09T22:21:44.000,TLC,Taxi and Limousine Commission,Taxi Report,Driver Report - Passenger,,10012,344 BOWERY,BOWERY,BOND STREET,EAST    3 STREET,BOND STREET,EAST    3 STREET,ADDRESS,NEW YORK,BOWERY,In Progress,02 MANHATTAN,1005307506,MANHATTAN,986504,203857,PHONE,Unspecified,MANHATTAN,40.726216785002215,-73.99186785922069,"{'latitude': '40.726216785002215', 'longitude': '-73.99186785922069', 'human_address': '{""address"": """", ""city"": """", ""state"": """", ""zip"": """"}'}",,,,,,,"344 BOWERY, MANHATTAN (NEW YORK), NY, 10012",,,,nyc_opendata_311,2025-11-12 02:39:01.699840
66774997,2025-11-09T22:21:41.000,NYPD,New York City Police Department,Noise - Vehicle,Car/Truck Music,Street/Sidewalk,11413,150-00 183 STREET,183 STREET,150 AVENUE,150 ROAD,150 AVENUE,150 ROAD,ADDRESS,SPRINGFIELD GARDENS,183 STREET,Closed,13 QUEENS,,QUEENS,1049579,178793,MOBILE,Unspecified,QUEENS,40.657181190226254,-73.76454503856758,"{'latitude': '40.657181190226254', 'longitude': '-73.76454503856758', 'human_address': '{""address"": """", ""city"": """", ""state"": """", ""zip"": """"}'}",Car,2025-11-09T22:47:56.000,The Police Department responded to the complaint and took action to fix the condition.,2025-11-09T22:48:02.000,,,,,,,nyc_opendata_311,2025-11-12 02:39:01.699840
66776725,2025-11-09T22:21:39.000,NYPD,New York City Police Department,Noise - Commercial,Loud Music/Party,Store/Commercial,10038,71 NASSAU STREET,NASSAU STREET,JOHN STREET,FULTON STREET,JOHN STREET,FULTON STREET,ADDRESS,NEW YORK,NASSAU STREET,Closed,01 MANHATTAN,1000797503,MANHATTAN,981942,197817,MOBILE,Unspecified,MANHATTAN,40.70963842152487,-74.0083248948194,"{'latitude': '40.70963842152487', 'longitude': '-74.0083248948194', 'human_address': '{""address"": """", ""city"": """", ""state"": """", ""zip"": """"}'}",,2025-11-09T23:02:38.000,The Police Department responded to the complaint and with the information available observed no evidence of the violation at that time.,2025-11-09T23:02:43.000,,,,,,,nyc_opendata_311,2025-11-12 02:39:01.699840
66773248,2025-11-09T22:21:38.000,NYPD,New York City Police Department,Blocked Driveway,No Access,Street/Sidewalk,11237,463 HARMAN STREET,HARMAN STREET,ST NICHOLAS AVENUE,CYPRESS AVENUE,ST NICHOLAS AVENUE,CYPRESS AVENUE,ADDRESS,BROOKLYN,HARMAN STREET,In Progress,04 BROOKLYN,3032820045,BROOKLYN,1007826,195717,ONLINE,Unspecified,BROOKLYN,40.70384331101578,-73.91496937211434,"{'latitude': '40.70384331101578', 'longitude': '-73.91496937211434', 'human_address': '{""address"": """", ""city"": """", ""state"": """", ""zip"": """"}'}",,,,,,,,,,,nyc_opendata_311,2025-11-12 02:39:01.699840
66778063,2025-11-09T22:21:28.000,NYPD,New York City Police Department,Illegal Parking,Blocked Bike Lane,Street/Sidewalk,10003,350 EAST    9 STREET,EAST    9 STREET,2 AVENUE,1 AVENUE,2 AVENUE,1 AVENUE,ADDRESS,NEW YORK,EAST    9 STREET,Closed,03 MANHATTAN,1004500029,MANHATTAN,988119,204750,MOBILE,Unspecified,MANHATTAN,40.72866729344501,-73.9860406345337,"{'latitude': '40.72866729344501', 'longitude': '-73.9860406345337', 'human_address': '{""address"": """", ""city"": """", ""state"": """", ""zip"": """"}'}",,2025-11-09T22:56:28.000,The Police Department responded and upon arrival those responsible for the condition were gone.,2025-11-09T22:56:32.000,,,,,,,nyc_opendata_311,2025-11-12 02:39:01.699840
66776282,2025-11-09T22:21:24.000,NYPD,New York City Police Department,Illegal Parking,Parking Permit Improper Use,Street/Sidewalk,11375,110-11 72 AVENUE,72 AVENUE,110 STREET,112 STREET,110 STREET,112 STREET,ADDRESS,FOREST HILLS,72 AVENUE,Closed,06 QUEENS,4022350001,QUEENS,1028458,202031,MOBILE,Unspecified,QUEENS,40.72109468492755,-73.8405154179678,"{'latitude': '40.72109468492755', 'longitude': '-73.8405154179678', 'human_address': '{""address"": """", ""city"": """", ""state"": """", ""zip"": """"}'}",,2025-11-09T23:01:31.000,The Police Department responded to the complaint and with the information available observed no evidence of the violation at that time.,2025-11-09T23:01:33.000,,,,,,,nyc_opendata_311,2025-11-12 02:39:01.699840
66773527,2025-11-09T22:21:09.000,DOHMH,Department of Health and Mental Hygiene,Rodent,Rat Sighting,Street,11385,1690 GATES AVENUE,GATES AVENUE,ST NICHOLAS AVENUE,CYPRESS AVENUE,ST NICHOLAS AVENUE,CYPRESS AVENUE,ADDRESS,RIDGEWOOD,GATES AVENUE,In Progress,05 QUEENS,4034480035,QUEENS,1009240,194983,ONLINE,Unspecified,QUEENS,40.7018247739743,-73.90987228143062,"{'latitude': '40.7018247739743', 'longitude': '-73.90987228143062', 'human_address': '{""address"": """", ""city"": """", ""state"": """", ""zip"": """"}'}",,,,,,,,,,,nyc_opendata_311,2025-11-12 02:39:01.699840
66773774,2025-11-09T22:20:50.000,NYPD,New York City Police Department,Blocked Driveway,No Access,Street/Sidewalk,11220,871 51 STREET,51 STREET,8 AVENUE,9 AVENUE,8 AVENUE,9 AVENUE,ADDRESS,BROOKLYN,51 STREET,Closed,12 BROOKLYN,3056440048,BROOKLYN,983457,172335,MOBILE,Unspecified,BROOKLYN,40.63969633529975,-74.00285733188213,"{'latitude': '40.63969633529975', 'longitude': '-74.00285733188213', 'human_address': '{""address"": """", ""city"": """", ""state"": """", ""zip"": """"}'}",,2025-11-09T23:07:23.000,The Police Department issued a summons in response to the complaint.,2025-11-09T23:07:28.000,,,,,,,nyc_opendata_311,2025-11-12 02:39:01.699840
66777205,2025-11-09T22:20:50.000,NYPD,New York City Police Department,Noise - Residential,Loud Music/Party,Residential Building/House,11225,340 MAPLE STREET,MAPLE STREET,NOSTRAND AVENUE,NEW YORK AVENUE,NOSTRAND AVENUE,NEW YORK AVENUE,ADDRESS,BROOKLYN,MAPLE STREET,In Progress,09 BROOKLYN,3047960022,BROOKLYN,998288,180062,MOBILE,Unspecified,BROOKLYN,40.660894179220875,-73.9494023032745,"{'latitude': '40.660894179220875', 'longitude': '-73.9494023032745', 'human_address': '{""address"": """", ""city"": """", ""state"": """", ""zip"": """"}'}",,,,,,,,,,,nyc_opendata_311,2025-11-12 02:39:01.699840
66775309,2025-11-09T22:20:48.000,DHS,Department of Homeless Services,Homeless Person Assistance,Non-Chronic,Residential Building/House,10002,86 FORSYTH STREET,FORSYTH STREET,HESTER STREET,GRAND STREET,HESTER STREET,GRAND STREET,ADDRESS,NEW YORK,FORSYTH STREET,Closed,03 MANHATTAN,1003060013,MANHATTAN,986125,200727,ONLINE,Unspecified,MANHATTAN,40.71762577966987,-73.99323611421659,"{'latitude': '40.71762577966987', 'longitude': '-73.99323611421659', 'human_address': '{""address"": """", ""city"": """", ""state"": """", ""zip"": """"}'}",,2025-11-10T00:22:28.000,The person has refused services from the mobile outreach response team.,2025-11-10T00:22:19.000,,,,,,,nyc_opendata_311,2025-11-12 02:39:01.699840
66777163,2025-11-09T22:20:47.000,NYPD,New York City Police Department,Illegal Parking,Blocked Hydrant,Street/Sidewalk,11235,2102 AVENUE Z,AVENUE Z,EAST   21 STREET,EAST   22 STREET,EAST   21 STREET,EAST   22 STREET,ADDRESS,BROOKLYN,AVENUE Z,In Progress,15 BROOKLYN,3074410371,BROOKLYN,998649,153737,ONLINE,Unspecified,BROOKLYN,40.58863700802366,-73.94815729290956,"{'latitude': '40.58863700802366', 'longitude': '-73.94815729290956', 'human_address': '{""address"": """", ""city"": """", ""state"": """", ""zip"": """"}'}",,,,,,,,,,,nyc_opendata_311,2025-11-12 02:39:01.699840
66779089,2025-11-09T22:20:45.000,NYPD,New York City Police Department,Abandoned Vehicle,With License Plate,Street/Sidewalk,11213,1577 CARROLL STREET,CARROLL STREET,TROY AVENUE,SCHENECTADY AVENUE,TROY AVENUE,SCHENECTADY AVENUE,ADDRESS,BROOKLYN,CARROLL STREET,In Progress,09 BROOKLYN,3014070043,BROOKLYN,1002345,182041,MOBILE,Unspecified,BROOKLYN,40.666318733006236,-73.9347741975482,"{'latitude': '40.666318733006236', 'longitude': '-73.9347741975482', 'human_address': '{""address"": """", ""city"": """", ""state"": """", ""zip"": """"}'}",Car,,,,,,,,,,nyc_opendata_311,2025-11-12 02:39:01.699840
66774863,2025-11-09T22:20:07.000,NYPD,New York City Police Department,Noise - Residential,Banging/Pounding,Residential Building/House,11233,203 HULL STREET,HULL STREET,ROCKAWAY AVENUE,MOTHER GASTON BOULEVARD,ROCKAWAY AVENUE,MOTHER GASTON BOULEVARD,ADDRESS,BROOKLYN,HULL STREET,Closed,16 BROOKLYN,3015340038,BROOKLYN,1009520,186950,ONLINE,Unspecified,BROOKLYN,40.679775257215915,-73.90889258013044,"{'latitude': '40.679775257215915', 'longitude': '-73.90889258013044', 'human_address': '{""address"": """", ""city"": """", ""state"": """", ""zip"": """"}'}",,2025-11-09T22:29:59.000,The Police Department responded to the complaint and determined that police action was not necessary.,2025-11-09T22:30:02.000,,,,,,,nyc_opendata_311,2025-11-12 02:39:01.699840
66775472,2025-11-09T22:20:00.000,DEP,Department of Environmental Protection,Noise,Noise: Construction Before/After Hours (NM1),,10006,109 WASHINGTON STREET,WASHINGTON STREET,RECTOR ST,CARLISLE ST,,,ADDRESS,NEW YORK,,Open,01 MANHATTAN,1000530006,MANHATTAN,980308,197447,ONLINE,Unspecified,MANHATTAN,40.70862228208794,-74.0142184727988,"{'latitude': '40.70862228208794', 'longitude': '-74.0142184727988', 'human_address': '{""address"": """", ""city"": """", ""state"": """", ""zip"": """"}'}",,,,,,,,N/A,,,nyc_opendata_311,2025-11-12 02:39:01.699840
66778385,2025-11-09T22:20:00.000,DEP,Department of Environmental Protection,Noise,Noise: Construction Before/After Hours (NM1),,10012,600 BROADWAY,BROADWAY,PRINCE ST,E HOUSTON ST,,,ADDRESS,NEW YORK,,Open,02 MANHATTAN,1005110016,MANHATTAN,985068,203446,ONLINE,Unspecified,MANHATTAN,40.72508893921768,-73.997048811637,"{'latitude': '40.72508893921768', 'longitude': '-73.997048811637', 'human_address': '{""address"": """", ""city"": """", ""state"": """", ""zip"": """"}'}",,,,,,,,N/A,,,nyc_opendata_311,2025-11-12 02:39:01.699840
66779947,2025-11-09T22:19:54.000,HPD,Department of Housing Preservation and Development,HEAT/HOT WATER,ENTIRE BUILDING,RESIDENTIAL BUILDING,10462,2075 WALLACE AVENUE,WALLACE AVENUE,,,,,ADDRESS,BRONX,,Open,11 BRONX,2042910001,BRONX,1021630,249957,PHONE,Unspecified,BRONX,40.852670039839616,-73.86488134327988,"{'latitude': '40.852670039839616', 'longitude': '-73.86488134327988', 'human_address': '{""address"": """", ""city"": """", ""state"": """", ""zip"": """"}'}",,,The following complaint conditions are still open. HPD has already attempted to notify the property owner that the condition exists; the tenant should provide access for the owner to make the repair.  HPD may attempt to contact the tenant by phone to verify the correction of the condition or an HPD Inspector may attempt to conduct an inspection.,2025-11-09T00:00:00.000,,,,,,,nyc_opendata_311,2025-11-12 02:39:01.699840
66775655,2025-11-09T22:19:15.000,NYPD,New York City Police Department,Noise - Residential,Loud Television,Residential Building/House,10451,301 EAST  143 STREET,EAST  143 STREET,MORRIS AVENUE,ALEXANDER AVENUE,MORRIS AVENUE,ALEXANDER AVENUE,ADDRESS,BRONX,EAST  143 STREET,Closed,01 BRONX,2023240001,BRONX,1005322,236060,ONLINE,Unspecified,BRONX,40.81458077710653,-73.9238739960145,"{'latitude': '40.81458077710653', 'longitude': '-73.9238739960145', 'human_address': '{""address"": """", ""city"": """", ""state"": """", ""zip"": """"}'}",,2025-11-09T22:56:31.000,The Police Department responded to the complaint and took action to fix the condition.,2025-11-09T22:56:35.000,,,,,,,nyc_opendata_311,2025-11-12 02:39:01.699840
66772885,2025-11-09T22:19:13.000,NYPD,New York City Police Department,Noise - Residential,Banging/Pounding,Residential Building/House,11233,203 HULL STREET,HULL STREET,ROCKAWAY AVENUE,MOTHER GASTON BOULEVARD,ROCKAWAY AVENUE,MOTHER GASTON BOULEVARD,ADDRESS,BROOKLYN,HULL STREET,Closed,16 BROOKLYN,3015340038,BROOKLYN,1009520,186950,MOBILE,Unspecified,BROOKLYN,40.679775257215915,-73.90889258013044,"{'latitude': '40.679775257215915', 'longitude': '-73.90889258013044', 'human_address': '{""address"": """", ""city"": """", ""state"": """", ""zip"": """"}'}",,2025-11-09T22:30:14.000,The Police Department responded to the complaint and determined that police action was not necessary.,2025-11-09T22:30:17.000,,,,,,,nyc_opendata_311,2025-11-12 02:39:01.699840
66773320,2025-11-09T22:19:12.000,NYPD,New York City Police Department,Illegal Parking,Commercial Overnight Parking,Street/Sidewalk,11214,1675 79 STREET,79 STREET,16 AVENUE,NEW UTRECHT AVENUE,16 AVENUE,NEW UTRECHT AVENUE,ADDRESS,BROOKLYN,79 STREET,In Progress,11 BROOKLYN,3062590044,BROOKLYN,983808,162637,ONLINE,Unspecified,BROOKLYN,40.61307738666763,-74.00159197615177,"{'latitude': '40.61307738666763', 'longitude': '-74.00159197615177', 'human_address': '{""address"": """", ""city"": """", ""state"": """", ""zip"": """"}'}",,,,,,,,,,,nyc_opendata_311,2025-11-12 02:39:01.699840
66776517,2025-11-09T22:19:04.000,NYPD,New York City Police Department,Illegal Parking,Blocked Hydrant,Street/Sidewalk,10470,243 EAST  238 STREET,EAST  238 STREET,KEPLER AVENUE,KATONAH AVENUE,KEPLER AVENUE,KATONAH AVENUE,ADDRESS,BRONX,EAST  238 STREET,Closed,12 BRONX,2033790083,BRONX,1020342,266995,ONLINE,Unspecified,BRONX,40.89943939785225,-73.86944531999211,"{'latitude': '40.89943939785225', 'longitude': '-73.86944531999211', 'human_address': '{""address"": """", ""city"": """", ""state"": """", ""zip"": """"}'}",,2025-11-09T22:59:03.000,The Police Department issued a summons in response to the complaint.,2025-11-09T22:59:08.000,,,,,,,nyc_opendata_311,2025-11-12 02:39:01.699840
66778529,2025-11-09T22:19:00.000,NYPD,New York City Police Department,Illegal Parking,Overnight Commercial Storage,Street/Sidewalk,11201,107 ADAMS STREET,ADAMS STREET,BROOKLYN QUEENS EXPRESSWAY,PROSPECT STREET,BROOKLYN QUEENS EXPRESSWAY,PROSPECT STREET,ADDRESS,BROOKLYN,ADAMS STREET,Closed,02 BROOKLYN,3000630001,BROOKLYN,987399,194683,ONLINE,Unspecified,BROOKLYN,40.70103607051418,-73.98864310608877,"{'latitude': '40.70103607051418', 'longitude': '-73.98864310608877', 'human_address': '{""address"": """", ""city"": """", ""state"": """", ""zip"": """"}'}",,2025-11-09T22:58:07.000,The Police Department responded to the complaint and determined that police action was not necessary.,2025-11-09T22:58:10.000,,,,,,,nyc_opendata_311,2025-11-12 02:39:01.699840
66775025,2025-11-09T22:18:50.000,HPD,Department of Housing Preservation and Development,HEAT/HOT WATER,APARTMENT ONLY,RESIDENTIAL BUILDING,11385,754 ONDERDONK AVENUE,ONDERDONK AVENUE,,,,,ADDRESS,RIDGEWOOD,,Open,05 QUEENS,4034590031,QUEENS,1010336,195487,ONLINE,Unspecified,QUEENS,40.70320497192086,-73.90591755183851,"{'latitude': '40.70320497192086', 'longitude': '-73.90591755183851', 'human_address': '{""address"": """", ""city"": """", ""state"": """", ""zip"": """"}'}",,,"This complaint is a duplicate of a building-wide condition already reported by another tenant.  The original complaint is still open, and HPD may only need to confirm that the condition exists by inspecting one apartment.  If we cannot contact the tenant from the original complaint or get access to that apartment, HPD may attempt to contact the person who filed this complaint to verify the correction of the condition or may conduct an inspection of your unit. You can check HPDONLINE to see if a",2025-11-09T00:00:00.000,,,,,,,nyc_opendata_311,2025-11-12 02:39:01.699840
66774866,2025-11-09T22:18:42.000,NYPD,New York City Police Department,Noise - Residential,Banging/Pounding,Residential Building/House,11233,203 HULL STREET,HULL STREET,ROCKAWAY AVENUE,MOTHER GASTON BOULEVARD,ROCKAWAY AVENUE,MOTHER GASTON BOULEVARD,ADDRESS,BROOKLYN,HULL STREET,Closed,16 BROOKLYN,3015340038,BROOKLYN,1009520,186950,ONLINE,Unspecified,BROOKLYN,40.679775257215915,-73.90889258013044,"{'latitude': '40.679775257215915', 'longitude': '-73.90889258013044', 'human_address': '{""address"": """", ""city"": """", ""state"": """", ""zip"": """"}'}",,2025-11-09T22:30:29.000,The Police Department responded to the complaint and determined that police action was not necessary.,2025-11-09T22:30:32.000,,,,,,,nyc_opendata_311,2025-11-12 02:39:01.699840
66776668,2025-11-09T22:18:33.000,NYPD,New York City Police Department,Blocked Driveway,No Access,Street/Sidewalk,11213,1408 PROSPECT PLACE,PROSPECT PLACE,UTICA AVENUE,ROCHESTER AVENUE,UTICA AVENUE,ROCHESTER AVENUE,ADDRESS,BROOKLYN,PROSPECT PLACE,Closed,08 BROOKLYN,3013670017,BROOKLYN,1003705,184550,ONLINE,Unspecified,BROOKLYN,40.67320249126674,-73.92986465991444,"{'latitude': '40.67320249126674', 'longitude': '-73.92986465991444', 'human_address': '{""address"": """", ""city"": """", ""state"": """", ""zip"": """"}'}",,2025-11-10T00:04:12.000,The Police Department responded and upon arrival those responsible for the condition were gone.,2025-11-10T00:04:17.000,,,,,,,nyc_opendata_311,2025-11-12 02:39:01.699840
66774884,2025-11-09T22:18:08.000,NYPD,New York City Police Department,Noise - Residential,Loud Music/Party,Residential Building/House,11373,40-40 79 STREET,79 STREET,ROOSEVELT AVENUE,41 AVENUE,ROOSEVELT AVENUE,41 AVENUE,ADDRESS,ELMHURST,79 STREET,Closed,04 QUEENS,4014890018,QUEENS,1015673,211313,ONLINE,Unspecified,QUEENS,40.74662612074122,-73.88659511334457,"{'latitude': '40.74662612074122', 'longitude': '-73.88659511334457', 'human_address': '{""address"": """", ""city"": """", ""state"": """", ""zip"": """"}'}",,2025-11-10T01:27:14.000,The Police Department responded to the complaint and with the information available observed no evidence of the violation at that time.,2025-11-10T01:27:20.000,,,,,,,nyc_opendata_311,2025-11-12 02:39:01.699840
66775790,2025-11-09T22:18:06.000,NYPD,New York City Police Department,Noise - Commercial,Loud Music/Party,Store/Commercial,11208,1100 LINWOOD STREET,LINWOOD STREET,COZINE AVENUE,FLATLANDS AVENUE,COZINE AVENUE,FLATLANDS AVENUE,ADDRESS,BROOKLYN,LINWOOD STREET,Closed,05 BROOKLYN,3044270001,BROOKLYN,1019011,179344,MOBILE,Unspecified,BROOKLYN,40.65886632410776,-73.87471337995981,"{'latitude': '40.65886632410776', 'longitude': '-73.87471337995981', 'human_address': '{""address"": """", ""city"": """", ""state"": """", ""zip"": """"}'}",,2025-11-09T22:28:01.000,The Police Department responded to the complaint and determined that police action was not necessary.,2025-11-09T22:28:04.000,,,,,,,nyc_opendata_311,2025-11-12 02:39:01.699840
66772647,2025-11-09T22:18:03.000,NYPD,New York City Police Department,Illegal Parking,Commercial Overnight Parking,Street/Sidewalk,11411,216-47 120 AVENUE,120 AVENUE,SPRINGFIELD BOULEVARD,217 STREET,SPRINGFIELD BOULEVARD,217 STREET,ADDRESS,CAMBRIA HEIGHTS,120 AVENUE,Closed,13 QUEENS,,QUEENS,1054757,191180,MOBILE,Unspecified,QUEENS,40.691140860454496,-73.7457533165604,"{'latitude': '40.691140860454496', 'longitude': '-73.7457533165604', 'human_address': '{""address"": """", ""city"": """", ""state"": """", ""zip"": """"}'}",,2025-11-10T01:36:55.000,The Police Department responded to the complaint and with the information available observed no evidence of the violation at that time.,2025-11-10T01:37:00.000,,,,,,,nyc_opendata_311,2025-11-12 02:39:01.699840
66773301,2025-11-09T22:17:58.000,NYPD,New York City Police Department,Illegal Parking,Blocked Hydrant,Street/Sidewalk,11420,117-46 124 STREET,124 STREET,ROCKAWAY BOULEVARD,SUTTER AVENUE,ROCKAWAY BOULEVARD,SUTTER AVENUE,ADDRESS,SOUTH OZONE PARK,124 STREET,In Progress,10 QUEENS,4117450066,QUEENS,1035941,185290,ONLINE,Unspecified,QUEENS,40.67510408644206,-73.81364833817781,"{'latitude': '40.67510408644206', 'longitude': '-73.81364833817781', 'human_address': '{""address"": """", ""city"": """", ""state"": """", ""zip"": """"}'}",,,,,,,,,,,nyc_opendata_311,2025-11-12 02:39:01.699840
66775814,2025-11-09T22:17:47.000,NYPD,New York City Police Department,Noise - Residential,Banging/Pounding,Residential Building/House,11233,203 HULL STREET,HULL STREET,ROCKAWAY AVENUE,MOTHER GASTON BOULEVARD,ROCKAWAY AVENUE,MOTHER GASTON BOULEVARD,ADDRESS,BROOKLYN,HULL STREET,Closed,16 BROOKLYN,3015340038,BROOKLYN,1009520,186950,ONLINE,Unspecified,BROOKLYN,40.679775257215915,-73.90889258013044,"{'latitude': '40.679775257215915', 'longitude': '-73.90889258013044', 'human_address': '{""address"": """", ""city"": """", ""state"": """", ""zip"": """"}'}",,2025-11-09T22:30:45.000,The Police Department responded to the complaint and determined that police action was not necessary.,2025-11-09T22:30:47.000,,,,,,,nyc_opendata_311,2025-11-12 02:39:01.699840
66778441,2025-11-09T22:17:38.000,NYPD,New York City Police Department,Illegal Parking,Blocked Hydrant,Street/Sidewalk,11230,2011 OCEAN AVENUE,OCEAN AVENUE,AVENUE O,AVENUE P,AVENUE O,AVENUE P,ADDRESS,BROOKLYN,OCEAN AVENUE,Closed,14 BROOKLYN,3067670080,BROOKLYN,997044,162504,MOBILE,Unspecified,BROOKLYN,40.61270310347266,-73.95391938998439,"{'latitude': '40.61270310347266', 'longitude': '-73.95391938998439', 'human_address': '{""address"": """", ""city"": """", ""state"": """", ""zip"": """"}'}",,2025-11-09T22:24:56.000,The Police Department responded and upon arrival those responsible for the condition were gone.,2025-11-09T22:25:00.000,,,,,,,nyc_opendata_311,2025-11-12 02:39:01.699840
66779195,2025-11-09T22:17:30.000,NYPD,New York City Police Department,Noise - Residential,Loud Music/Party,Residential Building/House,10034,110 POST AVENUE,POST AVENUE,WEST  204 STREET,WEST  207 STREET,WEST  204 STREET,WEST  207 STREET,ADDRESS,NEW YORK,POST AVENUE,In Progress,12 MANHATTAN,1022220035,MANHATTAN,1006237,254210,ONLINE,Unspecified,MANHATTAN,40.86439499522772,-73.92050891043958,"{'latitude': '40.86439499522772', 'longitude': '-73.92050891043958', 'human_address': '{""address"": """", ""city"": """", ""state"": """", ""zip"": """"}'}",,,,,,,,,,,nyc_opendata_311,2025-11-12 02:39:01.699840
66773342,2025-11-09T22:17:28.000,NYPD,New York City Police Department,Noise - Residential,Banging/Pounding,Residential Building/House,11368,97-11 HORACE HARDING EXPRESSWAY,HORACE HARDING EXPRESSWAY,JUNCTION BOULEVARD,LIE WESTBOUND ENTRANCE   99 ST,JUNCTION BOULEVARD,LIE WESTBOUND ENTRANCE   99 ST,ADDRESS,CORONA,HORACE HARDING EXPRESSWAY,In Progress,04 QUEENS,4019180107,QUEENS,1022553,207128,MOBILE,Unspecified,QUEENS,40.73511222736807,-73.86178921894559,"{'latitude': '40.73511222736807', 'longitude': '-73.86178921894559', 'human_address': '{""address"": """", ""city"": """", ""state"": """", ""zip"": """"}'}",,,,,,,,,,,nyc_opendata_311,2025-11-12 02:39:01.699840
66778679,2025-11-09T22:17:14.000,NYPD,New York City Police Department,Noise - Commercial,Loud Music/Party,Club/Bar/Restaurant,10032,2228 AMSTERDAM AVENUE,AMSTERDAM AVENUE,WEST  170 STREET,EDGECOMBE AVENUE,WEST  170 STREET,EDGECOMBE AVENUE,ADDRESS,NEW YORK,AMSTERDAM AVENUE,Closed,12 MANHATTAN,1021270046,MANHATTAN,1002021,245847,ONLINE,Unspecified,MANHATTAN,40.84145054672216,-73.9357734631567,"{'latitude': '40.84145054672216', 'longitude': '-73.9357734631567', 'human_address': '{""address"": """", ""city"": """", ""state"": """", ""zip"": """"}'}",,2025-11-10T01:33:30.000,The Police Department responded to the complaint and took action to fix the condition.,2025-11-10T01:33:40.000,,,,,,,nyc_opendata_311,2025-11-12 02:39:01.699840
66775396,2025-11-09T22:17:11.000,DSNY,Department of Sanitation,Dead Animal,Cat,Street,11204,1727 53 STREET,53 STREET,17 AVENUE,18 AVENUE,17 AVENUE,18 AVENUE,ADDRESS,BROOKLYN,53 STREET,In Progress,12 BROOKLYN,3054730067,BROOKLYN,988488,167685,ONLINE,Unspecified,BROOKLYN,40.62693209310905,-73.98473258932628,"{'latitude': '40.62693209310905', 'longitude': '-73.98473258932628', 'human_address': '{""address"": """", ""city"": """", ""state"": """", ""zip"": """"}'}",,,,,,,,,,,nyc_opendata_311,2025-11-12 02:39:01.699840
66774227,2025-11-09T22:17:03.000,DOHMH,Department of Health and Mental Hygiene,Mobile Food Vendor,Insects / Pests,Mobile Food Vendor,10027,307 LENOX AVENUE,LENOX AVENUE,WEST  125 STREET,WEST  126 STREET,WEST  125 STREET,WEST  126 STREET,ADDRESS,NEW YORK,LENOX AVENUE,In Progress,10 MANHATTAN,1019107501,MANHATTAN,999383,233656,MOBILE,Unspecified,MANHATTAN,40.807994636667075,-73.94533500600751,"{'latitude': '40.807994636667075', 'longitude': '-73.94533500600751', 'human_address': '{""address"": """", ""city"": """", ""state"": """", ""zip"": """"}'}",,,,,,,,,,,nyc_opendata_311,2025-11-12 02:39:01.699840
66772519,2025-11-09T22:17:00.000,DEP,Department of Environmental Protection,Noise,Noise: Alarms (NR3),,11215,208 5 AVENUE,5 AVENUE,UNION ST,PRESIDENT ST,,,ADDRESS,BROOKLYN,,Open,06 BROOKLYN,3009550042,BROOKLYN,989649,185679,ONLINE,Unspecified,BROOKLYN,40.67632107315443,-73.98053567872418,"{'latitude': '40.67632107315443', 'longitude': '-73.98053567872418', 'human_address': '{""address"": """", ""city"": """", ""state"": """", ""zip"": """"}'}",,,,,,,,N/A,,,nyc_opendata_311,2025-11-12 02:39:01.699840
66773321,2025-11-09T22:17:00.000,NYPD,New York City Police Department,Illegal Parking,Commercial Overnight Parking,Street/Sidewalk,11214,1621 79 STREET,79 STREET,16 AVENUE,NEW UTRECHT AVENUE,16 AVENUE,NEW UTRECHT AVENUE,ADDRESS,BROOKLYN,79 STREET,In Progress,11 BROOKLYN,3062590075,BROOKLYN,983556,162837,ONLINE,Unspecified,BROOKLYN,40.61362632925577,-74.00249963921888,"{'latitude': '40.61362632925577', 'longitude': '-74.00249963921888', 'human_address': '{""address"": """", ""city"": """", ""state"": """", ""zip"": """"}'}",,,,,,,,,,,nyc_opendata_311,2025-11-12 02:39:01.699840
66774837,2025-11-09T22:16:32.000,NYPD,New York City Police Department,Noise - Residential,Banging/Pounding,Residential Building/House,11233,203 HULL STREET,HULL STREET,ROCKAWAY AVENUE,MOTHER GASTON BOULEVARD,ROCKAWAY AVENUE,MOTHER GASTON BOULEVARD,ADDRESS,BROOKLYN,HULL STREET,Closed,16 BROOKLYN,3015340038,BROOKLYN,1009520,186950,ONLINE,Unspecified,BROOKLYN,40.679775257215915,-73.90889258013044,"{'latitude': '40.679775257215915', 'longitude': '-73.90889258013044', 'human_address': '{""address"": """", ""city"": """", ""state"": """", ""zip"": """"}'}",,2025-11-09T22:30:59.000,The Police Department responded to the complaint and determined that police action was not necessary.,2025-11-09T22:31:02.000,,,,,,,nyc_opendata_311,2025-11-12 02:39:01.699840
66775656,2025-11-09T22:16:32.000,NYPD,New York City Police Department,Noise - Residential,Loud Television,Residential Building/House,11224,2938 WEST   16 STREET,WEST   16 STREET,MERMAID AVENUE,SURF AVENUE,MERMAID AVENUE,SURF AVENUE,ADDRESS,BROOKLYN,WEST   16 STREET,Closed,13 BROOKLYN,3070627501,BROOKLYN,988806,149195,ONLINE,Unspecified,BROOKLYN,40.57618064208826,-73.98359946439774,"{'latitude': '40.57618064208826', 'longitude': '-73.98359946439774', 'human_address': '{""address"": """", ""city"": """", ""state"": """", ""zip"": """"}'}",,2025-11-10T00:14:36.000,The Police Department responded to the complaint and with the information available observed no evidence of the violation at that time.,2025-11-10T00:14:41.000,,,,,,,nyc_opendata_311,2025-11-12 02:39:01.699840
66778680,2025-11-09T22:16:25.000,NYPD,New York City Police Department,Noise - Commercial,Loud Music/Party,Club/Bar/Restaurant,11375,107-07 72 AVENUE,72 AVENUE,MIDDLEMAY CIRCLE,BURNS STREET,MIDDLEMAY CIRCLE,BURNS STREET,ADDRESS,FOREST HILLS,72 AVENUE,Closed,06 QUEENS,,QUEENS,1027791,201021,ONLINE,Unspecified,QUEENS,40.7183257905969,-73.84292821248124,"{'latitude': '40.7183257905969', 'longitude': '-73.84292821248124', 'human_address': '{""address"": """", ""city"": """", ""state"": """", ""zip"": """"}'}",,2025-11-09T22:54:12.000,The Police Department responded to the complaint and with the information available observed no evidence of the violation at that time.,2025-11-09T22:54:15.000,,,,,,,nyc_opendata_311,2025-11-12 02:39:01.699840
66773834,2025-11-09T22:16:24.000,NYPD,New York City Police Department,Noise - Residential,Banging/Pounding,Residential Building/House,10457,2065 RYER AVENUE,RYER AVENUE,EAST BURNSIDE AVENUE,EAST  180 STREET,EAST BURNSIDE AVENUE,EAST  180 STREET,ADDRESS,BRONX,RYER AVENUE,Closed,05 BRONX,2031560063,BRONX,1011606,249763,ONLINE,Unspecified,BRONX,40.85217431615562,-73.90111616521617,"{'latitude': '40.85217431615562', 'longitude': '-73.90111616521617', 'human_address': '{""address"": """", ""city"": """", ""state"": """", ""zip"": """"}'}",,2025-11-09T22:59:26.000,The Police Department responded to the complaint and determined that police action was not necessary.,2025-11-09T22:59:28.000,,,,,,,nyc_opendata_311,2025-11-12 02:39:01.699840
66775772,2025-11-09T22:16:22.000,NYPD,New York City Police Department,Noise - Commercial,Banging/Pounding,Club/Bar/Restaurant,11206,18 HARRISON PLACE,HARRISON PLACE,BOGART STREET,MORGAN AVENUE,BOGART STREET,MORGAN AVENUE,ADDRESS,BROOKLYN,HARRISON PLACE,Closed,01 BROOKLYN,3030930014,BROOKLYN,1002890,196574,ONLINE,Unspecified,BROOKLYN,40.70620734803315,-73.93276946815351,"{'latitude': '40.70620734803315', 'longitude': '-73.93276946815351', 'human_address': '{""address"": """", ""city"": """", ""state"": """", ""zip"": """"}'}",,2025-11-09T22:46:29.000,The Police Department responded to the complaint and determined that police action was not necessary.,2025-11-09T22:46:33.000,,,,,,,nyc_opendata_311,2025-11-12 02:39:01.699840
66780291,2025-11-09T22:16:10.000,NYPD,New York City Police Department,Illegal Parking,Blocked Crosswalk,Street/Sidewalk,11235,2876 BRIGHTON    6 STREET,BRIGHTON    6 STREET,BRIGHTON    4 TERRACE,NEPTUNE AVENUE,BRIGHTON    4 TERRACE,NEPTUNE AVENUE,ADDRESS,BROOKLYN,BRIGHTON    6 STREET,Closed,13 BROOKLYN,3072620036,BROOKLYN,994546,151304,MOBILE,Unspecified,BROOKLYN,40.58196462274266,-73.96293359470287,"{'latitude': '40.58196462274266', 'longitude': '-73.96293359470287', 'human_address': '{""address"": """", ""city"": """", ""state"": """", ""zip"": """"}'}",,2025-11-09T23:33:16.000,The Police Department issued a summons in response to the complaint.,2025-11-09T23:33:20.000,,,,,,,nyc_opendata_311,2025-11-12 02:39:01.699840
66775777,2025-11-09T22:16:00.000,NYPD,New York City Police Department,Noise - Commercial,Loud Music/Party,Club/Bar/Restaurant,10024,503 COLUMBUS AVENUE,COLUMBUS AVENUE,WEST   84 STREET,WEST   85 STREET,WEST   84 STREET,WEST   85 STREET,ADDRESS,NEW YORK,COLUMBUS AVENUE,Closed,07 MANHATTAN,1011980001,MANHATTAN,991732,225406,ONLINE,Unspecified,MANHATTAN,40.78536042083817,-73.97298193186121,"{'latitude': '40.78536042083817', 'longitude': '-73.97298193186121', 'human_address': '{""address"": """", ""city"": """", ""state"": """", ""zip"": """"}'}",,2025-11-09T23:13:33.000,The Police Department responded to the complaint and took action to fix the condition.,2025-11-09T23:13:35.000,,,,,,,nyc_opendata_311,2025-11-12 02:39:01.699840
66779677,2025-11-09T22:15:59.000,NYPD,New York City Police Department,Noise - Commercial,Loud Music/Party,Club/Bar/Restaurant,11216,1271 FULTON STREET,FULTON STREET,ARLINGTON PLACE,NOSTRAND AVENUE,ARLINGTON PLACE,NOSTRAND AVENUE,ADDRESS,BROOKLYN,FULTON STREET,Closed,03 BROOKLYN,3018480030,BROOKLYN,997984,187187,ONLINE,Unspecified,BROOKLYN,40.680451183872144,-73.95048350502279,"{'latitude': '40.680451183872144', 'longitude': '-73.95048350502279', 'human_address': '{""address"": """", ""city"": """", ""state"": """", ""zip"": """"}'}",,2025-11-09T22:46:24.000,The Police Department responded to the complaint and took action to fix the condition.,2025-11-09T22:46:28.000,,,,,,,nyc_opendata_311,2025-11-12 02:39:01.699840
66779794,2025-11-09T22:15:56.000,NYPD,New York City Police Department,Noise - Residential,Loud Music/Party,Residential Building/House,10033,615 WEST  183 STREET,WEST  183 STREET,ST NICHOLAS AVENUE,WADSWORTH AVENUE,ST NICHOLAS AVENUE,WADSWORTH AVENUE,ADDRESS,NEW YORK,WEST  183 STREET,Closed,12 MANHATTAN,1021650053,MANHATTAN,1002686,249226,ONLINE,Unspecified,MANHATTAN,40.850723542254315,-73.93336078356981,"{'latitude': '40.850723542254315', 'longitude': '-73.93336078356981', 'human_address': '{""address"": """", ""city"": """", ""state"": """", ""zip"": """"}'}",,2025-11-10T00:37:46.000,The Police Department responded to the complaint but officers were unable to gain entry into the premises.,2025-11-10T00:37:48.000,,,,,,,nyc_opendata_311,2025-11-12 02:39:01.699840
66774259,2025-11-09T22:15:50.000,NYPD,New York City Police Department,Illegal Parking,Blocked Hydrant,Street/Sidewalk,11355,45-35 PARSONS BOULEVARD,PARSONS BOULEVARD,GEORGIA ROAD,HAWTHORN AVENUE,GEORGIA ROAD,HAWTHORN AVENUE,ADDRESS,FLUSHING,PARSONS BOULEVARD,In Progress,07 QUEENS,4054300048,QUEENS,1035580,214416,ONLINE,Unspecified,QUEENS,40.755049908629616,-73.8147276937302,"{'latitude': '40.755049908629616', 'longitude': '-73.8147276937302', 'human_address': '{""address"": """", ""city"": """", ""state"": """", ""zip"": """"}'}",,,,,,,,,,,nyc_opendata_311,2025-11-12 02:39:01.699840
66772974,2025-11-09T22:15:47.000,NYPD,New York City Police Department,Noise - Street/Sidewalk,Loud Music/Party,Street/Sidewalk,10012,293 MOTT STREET,MOTT STREET,PRINCE STREET,EAST HOUSTON STREET,PRINCE STREET,EAST HOUSTON STREET,ADDRESS,NEW YORK,MOTT STREET,Closed,02 MANHATTAN,1005090026,MANHATTAN,985816,203170,ONLINE,Unspecified,MANHATTAN,40.72433128539028,-73.99435023418445,"{'latitude': '40.72433128539028', 'longitude': '-73.99435023418445', 'human_address': '{""address"": """", ""city"": """", ""state"": """", ""zip"": """"}'}",,2025-11-09T22:29:50.000,The Police Department responded to the complaint and took action to fix the condition.,2025-11-09T22:29:57.000,,,,,,,nyc_opendata_311,2025-11-12 02:39:01.699840
66777937,2025-11-09T22:15:39.000,HPD,Department of Housing Preservation and Development,HEAT/HOT WATER,ENTIRE BUILDING,RESIDENTIAL BUILDING,11355,138-35 ELDER AVENUE,ELDER AVENUE,,,,,ADDRESS,FLUSHING,,Open,07 QUEENS,4051377501,QUEENS,1033226,213457,MOBILE,Unspecified,QUEENS,40.75243105462368,-73.8232312655477,"{'latitude': '40.75243105462368', 'longitude': '-73.8232312655477', 'human_address': '{""address"": """", ""city"": """", ""state"": """", ""zip"": """"}'}",,,The following complaint conditions are still open. HPD has already attempted to notify the property owner that the condition exists; the tenant should provide access for the owner to make the repair.  HPD may attempt to contact the tenant by phone to verify the correction of the condition or an HPD Inspector may attempt to conduct an inspection.,2025-11-09T00:00:00.000,,,,,,,nyc_opendata_311,2025-11-12 02:39:01.699840
66779019,2025-11-09T22:15:35.000,HPD,Department of Housing Preservation and Development,UNSANITARY CONDITION,PESTS,RESIDENTIAL BUILDING,11211,76 MASPETH AVENUE,MASPETH AVENUE,,,,,ADDRESS,BROOKLYN,,Open,01 BROOKLYN,3029070125,BROOKLYN,1000920,200083,ONLINE,Unspecified,BROOKLYN,40.715842647690145,-73.9398661502671,"{'latitude': '40.715842647690145', 'longitude': '-73.9398661502671', 'human_address': '{""address"": """", ""city"": """", ""state"": """", ""zip"": """"}'}",,,The following complaint conditions are still open. HPD has already attempted to notify the property owner that the condition exists; the tenant should provide access for the owner to make the repair.  HPD may attempt to contact the tenant by phone to verify the correction of the condition or an HPD Inspector may attempt to conduct an inspection.,2025-11-09T00:00:00.000,,,,,,,nyc_opendata_311,2025-11-12 02:39:01.699840
66775653,2025-11-09T22:15:34.000,NYPD,New York City Police Department,Illegal Parking,Double Parked Blocking Vehicle,Street/Sidewalk,10457,4325 PARK AVENUE,PARK AVENUE,EAST  179 STREET,EAST  180 STREET,EAST  179 STREET,EAST  180 STREET,ADDRESS,BRONX,PARK AVENUE,Closed,06 BRONX,2030290061,BRONX,1012543,249161,ONLINE,Unspecified,BRONX,40.85051905291378,-73.89773173136541,"{'latitude': '40.85051905291378', 'longitude': '-73.89773173136541', 'human_address': '{""address"": """", ""city"": """", ""state"": """", ""zip"": """"}'}",Car,2025-11-10T01:05:18.000,The Police Department responded and upon arrival those responsible for the condition were gone.,2025-11-10T01:05:24.000,,,,,,,nyc_opendata_311,2025-11-12 02:39:01.699840
66778786,2025-11-09T22:15:29.000,NYPD,New York City Police Department,Noise - Residential,Loud Music/Party,Residential Building/House,11238,382 ST MARKS AVENUE,ST MARKS AVENUE,GRAND AVENUE,CLASSON AVENUE,GRAND AVENUE,CLASSON AVENUE,ADDRESS,BROOKLYN,ST MARKS AVENUE,Closed,08 BROOKLYN,3011550012,BROOKLYN,994768,185994,MOBILE,Unspecified,BROOKLYN,40.677181074848455,-73.96208031563204,"{'latitude': '40.677181074848455', 'longitude': '-73.96208031563204', 'human_address': '{""address"": """", ""city"": """", ""state"": """", ""zip"": """"}'}",,2025-11-09T22:52:22.000,The Police Department responded to the complaint and with the information available observed no evidence of the violation at that time.,2025-11-09T22:52:24.000,,,,,,,nyc_opendata_311,2025-11-12 02:39:01.699840
66779796,2025-11-09T22:15:24.000,NYPD,New York City Police Department,Noise - Residential,Loud Music/Party,Residential Building/House,10310,80 NORTH BURGHER AVENUE,NORTH BURGHER AVENUE,SKINNER LANE,MARKHAM LANE,SKINNER LANE,MARKHAM LANE,ADDRESS,STATEN ISLAND,NORTH BURGHER AVENUE,Closed,01 STATEN ISLAND,5001690001,STATEN ISLAND,952220,172260,ONLINE,Unspecified,STATEN ISLAND,40.639432597253084,-74.11540984227182,"{'latitude': '40.639432597253084', 'longitude': '-74.11540984227182', 'human_address': '{""address"": """", ""city"": """", ""state"": """", ""zip"": """"}'}",,2025-11-09T22:34:58.000,The Police Department responded to the complaint and with the information available observed no evidence of the violation at that time.,2025-11-09T22:35:03.000,,,,,,,nyc_opendata_311,2025-11-12 02:39:01.699840
66773299,2025-11-09T22:15:08.000,NYPD,New York City Police Department,Illegal Parking,Blocked Hydrant,Street/Sidewalk,11377,51-10 30 AVENUE,30 AVENUE,HOBART STREET,56 PLACE,HOBART STREET,56 PLACE,ADDRESS,WOODSIDE,30 AVENUE,In Progress,01 QUEENS,4011110001,QUEENS,1010303,216079,ONLINE,Unspecified,QUEENS,40.75972502589497,-73.90595683773337,"{'latitude': '40.75972502589497', 'longitude': '-73.90595683773337', 'human_address': '{""address"": """", ""city"": """", ""state"": """", ""zip"": """"}'}",,,,,,,,,,,nyc_opendata_311,2025-11-12 02:39:01.699840
66778142,2025-11-09T22:15:06.000,NYPD,New York City Police Department,Illegal Parking,Blocked Sidewalk,Street/Sidewalk,11378,52-20 69 STREET,69 STREET,52 AVENUE,52 ROAD,52 AVENUE,52 ROAD,ADDRESS,MASPETH,69 STREET,In Progress,05 QUEENS,4024120033,QUEENS,1013091,206364,ONLINE,Unspecified,QUEENS,40.73305115243972,-73.89593470160268,"{'latitude': '40.73305115243972', 'longitude': '-73.89593470160268', 'human_address': '{""address"": """", ""city"": """", ""state"": """", ""zip"": """"}'}",,,,,,,,,,,nyc_opendata_311,2025-11-12 02:39:01.699840
66772846,2025-11-09T22:14:47.000,NYPD,New York City Police Department,Noise - Residential,Banging/Pounding,Residential Building/House,11233,203 HULL STREET,HULL STREET,ROCKAWAY AVENUE,MOTHER GASTON BOULEVARD,ROCKAWAY AVENUE,MOTHER GASTON BOULEVARD,ADDRESS,BROOKLYN,HULL STREET,Closed,16 BROOKLYN,3015340038,BROOKLYN,1009520,186950,ONLINE,Unspecified,BROOKLYN,40.679775257215915,-73.90889258013044,"{'latitude': '40.679775257215915', 'longitude': '-73.90889258013044', 'human_address': '{""address"": """", ""city"": """", ""state"": """", ""zip"": """"}'}",,2025-11-09T22:31:11.000,The Police Department responded to the complaint and determined that police action was not necessary.,2025-11-09T22:31:14.000,,,,,,,nyc_opendata_311,2025-11-12 02:39:01.699840
66775652,2025-11-09T22:14:20.000,NYPD,New York City Police Department,Illegal Parking,Double Parked Blocking Vehicle,Street/Sidewalk,11208,2718 PITKIN AVENUE,PITKIN AVENUE,EUCLID AVENUE,PINE STREET,EUCLID AVENUE,PINE STREET,ADDRESS,BROOKLYN,PITKIN AVENUE,Closed,05 BROOKLYN,3042330017,BROOKLYN,1019818,185374,ONLINE,Unspecified,BROOKLYN,40.67541410949781,-73.87177295686749,"{'latitude': '40.67541410949781', 'longitude': '-73.87177295686749', 'human_address': '{""address"": """", ""city"": """", ""state"": """", ""zip"": """"}'}",Car,2025-11-09T22:21:00.000,The Police Department responded and upon arrival those responsible for the condition were gone.,2025-11-09T22:21:02.000,,,,,,,nyc_opendata_311,2025-11-12 02:39:01.699840
66780313,2025-11-09T22:14:13.000,DSNY,Department of Sanitation,Street Sweeping Complaint,Street Not Swept,Street,10027,307 LENOX AVENUE,LENOX AVENUE,WEST  125 STREET,WEST  126 STREET,WEST  125 STREET,WEST  126 STREET,ADDRESS,NEW YORK,LENOX AVENUE,In Progress,10 MANHATTAN,1019107501,MANHATTAN,999383,233656,ONLINE,Unspecified,MANHATTAN,40.807994636667075,-73.94533500600751,"{'latitude': '40.807994636667075', 'longitude': '-73.94533500600751', 'human_address': '{""address"": """", ""city"": """", ""state"": """", ""zip"": """"}'}",,,,,,,,,,,nyc_opendata_311,2025-11-12 02:39:01.699840
66778386,2025-11-09T22:14:00.000,DEP,Department of Environmental Protection,Noise,Noise: Construction Before/After Hours (NM1),,10006,88 GREENWICH STREET,GREENWICH STREET,EDGAR ST,RECTOR ST,,,ADDRESS,NEW YORK,,Open,01 MANHATTAN,1000187501,MANHATTAN,980450,197122,ONLINE,Unspecified,MANHATTAN,40.70773029611131,-74.01370610695912,"{'latitude': '40.70773029611131', 'longitude': '-74.01370610695912', 'human_address': '{""address"": """", ""city"": """", ""state"": """", ""zip"": """"}'}",,,,,,,,N/A,,,nyc_opendata_311,2025-11-12 02:39:01.699840
66779632,2025-11-09T22:13:38.000,NYPD,New York City Police Department,Blocked Driveway,No Access,Street/Sidewalk,11221,1017 WILLOUGHBY AVENUE,WILLOUGHBY AVENUE,EVERGREEN AVENUE,CENTRAL AVENUE,EVERGREEN AVENUE,CENTRAL AVENUE,ADDRESS,BROOKLYN,WILLOUGHBY AVENUE,Closed,04 BROOKLYN,3031840048,BROOKLYN,1004043,193981,MOBILE,Unspecified,BROOKLYN,40.699087669708994,-73.92861846427493,"{'latitude': '40.699087669708994', 'longitude': '-73.92861846427493', 'human_address': '{""address"": """", ""city"": """", ""state"": """", ""zip"": """"}'}",,2025-11-09T23:28:47.000,The Police Department responded and upon arrival those responsible for the condition were gone.,2025-11-09T23:28:51.000,,,,,,,nyc_opendata_311,2025-11-12 02:39:01.699840
66779765,2025-11-09T22:13:29.000,NYPD,New York City Police Department,Noise - Residential,Loud Music/Party,Residential Building/House,11212,39 HEGEMAN AVENUE,HEGEMAN AVENUE,AMBOY STREET,THOMAS S BOYLAND STREET,AMBOY STREET,THOMAS S BOYLAND STREET,ADDRESS,BROOKLYN,HEGEMAN AVENUE,Closed,16 BROOKLYN,3036220056,BROOKLYN,1009028,178204,ONLINE,Unspecified,BROOKLYN,40.65577083896681,-73.91069856140035,"{'latitude': '40.65577083896681', 'longitude': '-73.91069856140035', 'human_address': '{""address"": """", ""city"": """", ""state"": """", ""zip"": """"}'}",,2025-11-09T22:39:22.000,The Police Department responded to the complaint and with the information available observed no evidence of the violation at that time.,2025-11-09T22:39:27.000,,,,,,,nyc_opendata_311,2025-11-12 02:39:01.699840
66775274,2025-11-09T22:13:25.000,NYPD,New York City Police Department,Noise - Street/Sidewalk,Loud Music/Party,Street/Sidewalk,10032,AMSTERDAM AVENUE,AMSTERDAM AVENUE,AMSTERDAM AVENUE,ST NICHOLAS AVENUE,AMSTERDAM AVENUE,ST NICHOLAS AVENUE,INTERSECTION,,,In Progress,12 MANHATTAN,,MANHATTAN,1000884,243785,ONLINE,Unspecified,MANHATTAN,40.835793171997715,-73.93988783095274,"{'latitude': '40.835793171997715', 'longitude': '-73.93988783095274', 'human_address': '{""address"": """", ""city"": """", ""state"": """", ""zip"": """"}'}",,,,,,,,,,,nyc_opendata_311,2025-11-12 02:39:01.699840
66778610,2025-11-09T22:13:22.000,NYPD,New York City Police Department,Blocked Driveway,No Access,Street/Sidewalk,11234,2038 RYDER STREET,RYDER STREET,AVENUE S,AVENUE T,AVENUE S,AVENUE T,ADDRESS,BROOKLYN,RYDER STREET,Closed,18 BROOKLYN,3085240056,BROOKLYN,1004126,161691,ONLINE,Unspecified,BROOKLYN,40.610458530643776,-73.9284142981454,"{'latitude': '40.610458530643776', 'longitude': '-73.9284142981454', 'human_address': '{""address"": """", ""city"": """", ""state"": """", ""zip"": """"}'}",,2025-11-10T00:47:44.000,The Police Department responded to the complaint and determined that police action was not necessary.,2025-11-10T00:47:48.000,,,,,,,nyc_opendata_311,2025-11-12 02:39:01.699840
66773816,2025-11-09T22:12:56.000,NYPD,New York City Police Department,Noise - Commercial,Loud Music/Party,Store/Commercial,10018,1412 BROADWAY,BROADWAY,WEST   39 STREET,WEST   40 STREET,WEST   39 STREET,WEST   40 STREET,ADDRESS,NEW YORK,BROADWAY,Closed,05 MANHATTAN,1008150014,MANHATTAN,987839,213874,MOBILE,Unspecified,MANHATTAN,40.753710520207974,-73.98704600732566,"{'latitude': '40.753710520207974', 'longitude': '-73.98704600732566', 'human_address': '{""address"": """", ""city"": """", ""state"": """", ""zip"": """"}'}",,2025-11-10T00:23:06.000,The Police Department responded to the complaint and with the information available observed no evidence of the violation at that time.,2025-11-10T00:23:12.000,,,,,,,nyc_opendata_311,2025-11-12 02:39:01.699840
66773934,2025-11-09T22:12:53.000,NYPD,New York City Police Department,Noise - Residential,Loud Talking,Residential Building/House,10035,2400 2 AVENUE,2 AVENUE,EAST  123 STREET,EAST  124 STREET,EAST  123 STREET,EAST  124 STREET,ADDRESS,NEW YORK,2 AVENUE,Closed,11 MANHATTAN,1017970001,MANHATTAN,1002403,231268,MOBILE,Unspecified,MANHATTAN,40.80143454654757,-73.93443230896085,"{'latitude': '40.80143454654757', 'longitude': '-73.93443230896085', 'human_address': '{""address"": """", ""city"": """", ""state"": """", ""zip"": """"}'}",,2025-11-09T23:33:42.000,The Police Department responded to the complaint and with the information available observed no evidence of the violation at that time.,2025-11-09T23:33:46.000,,,,,,,nyc_opendata_311,2025-11-12 02:39:01.699840
66776975,2025-11-09T22:12:51.000,HPD,Department of Housing Preservation and Development,HEAT/HOT WATER,ENTIRE BUILDING,RESIDENTIAL BUILDING,10455,452 EAST  148 STREET,EAST  148 STREET,,,,,ADDRESS,BRONX,,Open,01 BRONX,2022920035,BRONX,1007327,236102,PHONE,Unspecified,BRONX,40.814691045285954,-73.91663046940073,"{'latitude': '40.814691045285954', 'longitude': '-73.91663046940073', 'human_address': '{""address"": """", ""city"": """", ""state"": """", ""zip"": """"}'}",,,"This complaint is a duplicate of a building-wide condition already reported by another tenant.  The original complaint is still open, and HPD may only need to confirm that the condition exists by inspecting one apartment.  If we cannot contact the tenant from the original complaint or get access to that apartment, HPD may attempt to contact the person who filed this complaint to verify the correction of the condition or may conduct an inspection of your unit. You can check HPDONLINE to see if a",2025-11-09T00:00:00.000,,,,,,,nyc_opendata_311,2025-11-12 02:39:01.699840
66773878,2025-11-09T22:12:50.000,NYPD,New York City Police Department,Noise - Residential,Loud Music/Party,Residential Building/House,10463,135 WEST  238 STREET,WEST  238 STREET,FORT INDEPENDENCE STREET,BAILEY AVENUE,FORT INDEPENDENCE STREET,BAILEY AVENUE,ADDRESS,BRONX,WEST  238 STREET,Closed,08 BRONX,2032630145,BRONX,1012544,261188,ONLINE,Unspecified,BRONX,40.883529484075694,-73.89767733584449,"{'latitude': '40.883529484075694', 'longitude': '-73.89767733584449', 'human_address': '{""address"": """", ""city"": """", ""state"": """", ""zip"": """"}'}",,2025-11-10T01:05:24.000,The Police Department responded to the complaint but officers were unable to gain entry into the premises.,2025-11-10T01:05:33.000,,,,,,,nyc_opendata_311,2025-11-12 02:39:01.699840
66778504,2025-11-09T22:12:49.000,NYPD,New York City Police Department,Illegal Parking,Commercial Overnight Parking,Street/Sidewalk,11411,115-19 FRANCIS LEWIS BOULEVARD,FRANCIS LEWIS BOULEVARD,115 AVENUE,115 ROAD,115 AVENUE,115 ROAD,ADDRESS,CAMBRIA HEIGHTS,FRANCIS LEWIS BOULEVARD,Closed,13 QUEENS,,QUEENS,1054258,194084,MOBILE,Unspecified,QUEENS,40.69911559495315,-73.74752250733914,"{'latitude': '40.69911559495315', 'longitude': '-73.74752250733914', 'human_address': '{""address"": """", ""city"": """", ""state"": """", ""zip"": """"}'}",,2025-11-10T01:47:40.000,The Police Department responded to the complaint and took action to fix the condition.,2025-11-10T01:47:42.000,,,,,,,nyc_opendata_311,2025-11-12 02:39:01.699840
66774266,2025-11-09T22:12:46.000,NYPD,New York City Police Department,Illegal Parking,Blocked Hydrant,Street/Sidewalk,10032,815 RIVERSIDE DRIVE,RIVERSIDE DRIVE,EDWARD M MORGAN PLACE,WEST  160 STREET,EDWARD M MORGAN PLACE,WEST  160 STREET,ADDRESS,NEW YORK,RIVERSIDE DRIVE,In Progress,12 MANHATTAN,1021350001,MANHATTAN,999306,243659,MOBILE,Unspecified,MANHATTAN,40.83545016969477,-73.94559070949087,"{'latitude': '40.83545016969477', 'longitude': '-73.94559070949087', 'human_address': '{""address"": """", ""city"": """", ""state"": """", ""zip"": """"}'}",,,,,,,,,,,nyc_opendata_311,2025-11-12 02:39:01.699840
66775989,2025-11-09T22:12:26.000,HPD,Department of Housing Preservation and Development,HEAT/HOT WATER,APARTMENT ONLY,RESIDENTIAL BUILDING,11234,1726 EAST   53 STREET,EAST   53 STREET,,,,,ADDRESS,BROOKLYN,,Open,18 BROOKLYN,3084920047,BROOKLYN,1005440,163787,ONLINE,Unspecified,BROOKLYN,40.61620857125025,-73.92367520067235,"{'latitude': '40.61620857125025', 'longitude': '-73.92367520067235', 'human_address': '{""address"": """", ""city"": """", ""state"": """", ""zip"": """"}'}",,,The following complaint conditions are still open. HPD has already attempted to notify the property owner that the condition exists; the tenant should provide access for the owner to make the repair.  HPD may attempt to contact the tenant by phone to verify the correction of the condition or an HPD Inspector may attempt to conduct an inspection.,2025-11-09T00:00:00.000,,,,,,,nyc_opendata_311,2025-11-12 02:39:01.699840
66774845,2025-11-09T22:12:23.000,NYPD,New York City Police Department,Noise - Residential,Banging/Pounding,Residential Building/House,10472,1340 STRATFORD AVENUE,STRATFORD AVENUE,EAST  172 STREET,EAST  174 STREET,EAST  172 STREET,EAST  174 STREET,ADDRESS,BRONX,STRATFORD AVENUE,Closed,09 BRONX,2038670023,BRONX,1018491,242613,ONLINE,Unspecified,BRONX,40.83252565879467,-73.87626546717489,"{'latitude': '40.83252565879467', 'longitude': '-73.87626546717489', 'human_address': '{""address"": """", ""city"": """", ""state"": """", ""zip"": """"}'}",,2025-11-09T23:58:07.000,The Police Department responded to the complaint and determined that police action was not necessary.,2025-11-09T23:58:11.000,,,,,,,nyc_opendata_311,2025-11-12 02:39:01.699840
66776894,2025-11-09T22:12:08.000,NYPD,New York City Police Department,Noise - Street/Sidewalk,Loud Talking,Street/Sidewalk,10040,689 FORT WASHINGTON AVENUE,FORT WASHINGTON AVENUE,WEST  190 STREET,CABRINI BOULEVARD,WEST  190 STREET,CABRINI BOULEVARD,ADDRESS,NEW YORK,FORT WASHINGTON AVENUE,Closed,12 MANHATTAN,1021790500,MANHATTAN,1002082,251591,MOBILE,Unspecified,MANHATTAN,40.85721600175799,-73.93553772508594,"{'latitude': '40.85721600175799', 'longitude': '-73.93553772508594', 'human_address': '{""address"": """", ""city"": """", ""state"": """", ""zip"": """"}'}",,2025-11-10T01:48:18.000,The Police Department responded to the complaint and with the information available observed no evidence of the violation at that time.,2025-11-10T01:48:52.000,,,,,,,nyc_opendata_311,2025-11-12 02:39:01.699840
66776364,2025-11-09T22:11:55.000,DSNY,Department of Sanitation,Obstruction,Cone,Street,11428,90-27 208 STREET,208 STREET,90 AVENUE,93 AVENUE,90 AVENUE,93 AVENUE,ADDRESS,QUEENS VILLAGE,208 STREET,In Progress,13 QUEENS,4105580023,QUEENS,1052071,201169,ONLINE,Unspecified,QUEENS,40.7185791974851,-73.75533831684635,"{'latitude': '40.7185791974851', 'longitude': '-73.75533831684635', 'human_address': '{""address"": """", ""city"": """", ""state"": """", ""zip"": """"}'}",,,,,,,,,,,nyc_opendata_311,2025-11-12 02:39:01.699840
66779463,2025-11-09T22:11:44.000,NYPD,New York City Police Department,Illegal Parking,Blocked Hydrant,Street/Sidewalk,11375,67-38 108 STREET,108 STREET,67 ROAD,67 DRIVE,67 ROAD,67 DRIVE,ADDRESS,FOREST HILLS,108 STREET,Closed,06 QUEENS,4021560014,QUEENS,1026641,204526,MOBILE,Unspecified,QUEENS,40.7279517377297,-73.84705468969176,"{'latitude': '40.7279517377297', 'longitude': '-73.84705468969176', 'human_address': '{""address"": """", ""city"": """", ""state"": """", ""zip"": """"}'}",,2025-11-09T22:39:39.000,The Police Department responded and upon arrival those responsible for the condition were gone.,2025-11-09T22:39:43.000,,,,,,,nyc_opendata_311,2025-11-12 02:39:01.699840
66780204,2025-11-09T22:11:19.000,NYPD,New York City Police Department,Noise - Vehicle,Car/Truck Music,Street/Sidewalk,11416,97 STREET,97 STREET,97 STREET,103 AVENUE,97 STREET,103 AVENUE,INTERSECTION,,,In Progress,09 QUEENS,,QUEENS,1027730,188069,MOBILE,Unspecified,QUEENS,40.68277593716588,-73.84323188491166,"{'latitude': '40.68277593716588', 'longitude': '-73.84323188491166', 'human_address': '{""address"": """", ""city"": """", ""state"": """", ""zip"": """"}'}",Car,,,,,,,,,,nyc_opendata_311,2025-11-12 02:39:01.699840
66774511,2025-11-09T22:11:00.000,DEP,Department of Environmental Protection,Noise,Noise: Construction Before/After Hours (NM1),,10006,99 WASHINGTON STREET,WASHINGTON STREET,RECTOR ST,CARLISLE ST,,,ADDRESS,NEW YORK,,Open,01 MANHATTAN,1000530002,MANHATTAN,980279,197348,ONLINE,Unspecified,MANHATTAN,40.708350537556264,-74.01432301504705,"{'latitude': '40.708350537556264', 'longitude': '-74.01432301504705', 'human_address': '{""address"": """", ""city"": """", ""state"": """", ""zip"": """"}'}",,,,,,,,N/A,,,nyc_opendata_311,2025-11-12 02:39:01.699840
66778503,2025-11-09T22:10:54.000,NYPD,New York City Police Department,Illegal Parking,Commercial Overnight Parking,Street/Sidewalk,11411,118-16 FRANCIS LEWIS BOULEVARD,FRANCIS LEWIS BOULEVARD,118 AVENUE,NASHVILLE BOULEVARD,118 AVENUE,NASHVILLE BOULEVARD,ADDRESS,CAMBRIA HEIGHTS,FRANCIS LEWIS BOULEVARD,Closed,12 QUEENS,4126400061,QUEENS,1054806,192473,MOBILE,Unspecified,QUEENS,40.6946894410487,-73.74556308178546,"{'latitude': '40.6946894410487', 'longitude': '-73.74556308178546', 'human_address': '{""address"": """", ""city"": """", ""state"": """", ""zip"": """"}'}",,2025-11-10T00:45:42.000,This complaint does not fall under the Police Department's jurisdiction.,2025-11-10T00:45:52.000,,,,,,,nyc_opendata_311,2025-11-12 02:39:01.699840
66773690,2025-11-09T22:10:46.000,NYPD,New York City Police Department,Illegal Parking,Overnight Commercial Storage,Street/Sidewalk,11201,112 CADMAN PLAZA EAST,CADMAN PLAZA EAST,BROOKLYN BRIDGE EN RAMP SANDS ST,RED CROSS PLACE,BROOKLYN BRIDGE EN RAMP SANDS ST,RED CROSS PLACE,ADDRESS,BROOKLYN,CADMAN PLAZA EAST,Closed,02 BROOKLYN,,BROOKLYN,987086,194393,ONLINE,Unspecified,BROOKLYN,40.700240194197,-73.98977206522254,"{'latitude': '40.700240194197', 'longitude': '-73.98977206522254', 'human_address': '{""address"": """", ""city"": """", ""state"": """", ""zip"": """"}'}",,2025-11-09T22:51:49.000,The Police Department responded to the complaint and determined that police action was not necessary.,2025-11-09T22:51:53.000,,,,,,,nyc_opendata_311,2025-11-12 02:39:01.699840
66779741,2025-11-09T22:10:23.000,NYPD,New York City Police Department,Noise - Residential,Banging/Pounding,Residential Building/House,11373,41-40 DENMAN STREET,DENMAN STREET,WHITNEY AVENUE,LAMONT AVENUE,WHITNEY AVENUE,LAMONT AVENUE,ADDRESS,ELMHURST,DENMAN STREET,Closed,04 QUEENS,4015660021,QUEENS,1019241,211140,ONLINE,Unspecified,QUEENS,40.74613788130884,-73.87371920014024,"{'latitude': '40.74613788130884', 'longitude': '-73.87371920014024', 'human_address': '{""address"": """", ""city"": """", ""state"": """", ""zip"": """"}'}",,2025-11-10T01:25:41.000,The Police Department responded to the complaint and took action to fix the condition.,2025-11-10T01:25:45.000,,,,,,,nyc_opendata_311,2025-11-12 02:39:01.699840
66776844,2025-11-09T22:10:20.000,NYPD,New York City Police Department,Noise - Residential,Loud Talking,Residential Building/House,11216,1518 BEDFORD AVENUE,BEDFORD AVENUE,ST JOHNS PLACE,LINCOLN PLACE,ST JOHNS PLACE,LINCOLN PLACE,ADDRESS,BROOKLYN,BEDFORD AVENUE,Closed,08 BROOKLYN,3012520082,BROOKLYN,996782,183884,ONLINE,Unspecified,BROOKLYN,40.67138697804831,-73.95482333066376,"{'latitude': '40.67138697804831', 'longitude': '-73.95482333066376', 'human_address': '{""address"": """", ""city"": """", ""state"": """", ""zip"": """"}'}",,2025-11-09T22:47:10.000,The Police Department responded to the complaint and took action to fix the condition.,2025-11-09T22:47:13.000,,,,,,,nyc_opendata_311,2025-11-12 02:39:01.699840
66778568,2025-11-09T22:10:18.000,NYPD,New York City Police Department,Noise - Residential,Loud Television,Residential Building/House,11230,1947 OCEAN AVENUE,OCEAN AVENUE,AVENUE N,AVENUE O,AVENUE N,AVENUE O,ADDRESS,BROOKLYN,OCEAN AVENUE,Closed,14 BROOKLYN,3076740009,BROOKLYN,996947,163174,MOBILE,Unspecified,BROOKLYN,40.614542254485855,-73.95426749845298,"{'latitude': '40.614542254485855', 'longitude': '-73.95426749845298', 'human_address': '{""address"": """", ""city"": """", ""state"": """", ""zip"": """"}'}",,2025-11-10T00:25:13.000,The Police Department responded to the complaint but officers were unable to gain entry into the premises.,2025-11-10T00:25:17.000,,,,,,,nyc_opendata_311,2025-11-12 02:39:01.699840
66774887,2025-11-09T22:10:14.000,NYPD,New York City Police Department,Noise - Residential,Loud Music/Party,Residential Building/House,10472,1070 ELDER AVENUE,ELDER AVENUE,BRUCKNER BOULEVARD,WATSON AVENUE,BRUCKNER BOULEVARD,WATSON AVENUE,ADDRESS,BRONX,ELDER AVENUE,Closed,09 BRONX,2037140030,BRONX,1017907,239966,ONLINE,Unspecified,BRONX,40.82526265267834,-73.87838910770287,"{'latitude': '40.82526265267834', 'longitude': '-73.87838910770287', 'human_address': '{""address"": """", ""city"": """", ""state"": """", ""zip"": """"}'}",,2025-11-09T23:10:52.000,The Police Department responded to the complaint and with the information available observed no evidence of the violation at that time.,2025-11-09T23:10:56.000,,,,,,,nyc_opendata_311,2025-11-12 02:39:01.699840
66774694,2025-11-09T22:09:58.000,NYPD,New York City Police Department,Noise - Residential,Loud Television,Residential Building/House,10466,4360 BAYCHESTER AVENUE,BAYCHESTER AVENUE,PITMAN AVENUE,NEREID AVENUE,PITMAN AVENUE,NEREID AVENUE,ADDRESS,BRONX,BAYCHESTER AVENUE,Closed,12 BRONX,2050570027,BRONX,1026919,266544,ONLINE,Unspecified,BRONX,40.89817219352304,-73.84565742389341,"{'latitude': '40.89817219352304', 'longitude': '-73.84565742389341', 'human_address': '{""address"": """", ""city"": """", ""state"": """", ""zip"": """"}'}",,2025-11-09T23:23:11.000,The Police Department responded to the complaint but officers were unable to gain entry into the premises.,2025-11-09T23:23:14.000,,,,,,,nyc_opendata_311,2025-11-12 02:39:01.699840
66777530,2025-11-09T22:09:47.000,NYPD,New York City Police Department,Illegal Parking,Overnight Commercial Storage,Street/Sidewalk,11201,103 WASHINGTON STREET,WASHINGTON STREET,BROOKLYN QUEENS EP EB ET   28 B,PROSPECT STREET,BROOKLYN QUEENS EP EB ET   28 B,PROSPECT STREET,ADDRESS,BROOKLYN,WASHINGTON STREET,Closed,02 BROOKLYN,,BROOKLYN,987107,194711,ONLINE,Unspecified,BROOKLYN,40.70111302305257,-73.98969619455666,"{'latitude': '40.70111302305257', 'longitude': '-73.98969619455666', 'human_address': '{""address"": """", ""city"": """", ""state"": """", ""zip"": """"}'}",,2025-11-09T22:53:24.000,The Police Department responded to the complaint and determined that police action was not necessary.,2025-11-09T22:53:28.000,,,,,,,nyc_opendata_311,2025-11-12 02:39:01.699840
66776259,2025-11-09T22:09:32.000,NYPD,New York City Police Department,Noise - Residential,Loud Music/Party,Residential Building/House,11421,91-47 88 ROAD,88 ROAD,DEAD END,WOODHAVEN BOULEVARD,DEAD END,WOODHAVEN BOULEVARD,ADDRESS,WOODHAVEN,88 ROAD,In Progress,09 QUEENS,4089300098,QUEENS,1025287,191295,ONLINE,Unspecified,QUEENS,40.69164221830489,-73.85202050981518,"{'latitude': '40.69164221830489', 'longitude': '-73.85202050981518', 'human_address': '{""address"": """", ""city"": """", ""state"": """", ""zip"": """"}'}",,,,,,,,,,,nyc_opendata_311,2025-11-12 02:39:01.699840
66774026,2025-11-09T22:09:26.000,HPD,Department of Housing Preservation and Development,HEAT/HOT WATER,APARTMENT ONLY,RESIDENTIAL BUILDING,11432,86-68 MIDLAND PARKWAY,MIDLAND PARKWAY,,,,,ADDRESS,JAMAICA,,Open,08 QUEENS,4099380059,QUEENS,1044382,199738,PHONE,Unspecified,QUEENS,40.71470706143178,-73.78308875482722,"{'latitude': '40.71470706143178', 'longitude': '-73.78308875482722', 'human_address': '{""address"": """", ""city"": """", ""state"": """", ""zip"": """"}'}",,,The following complaint conditions are still open. HPD has already attempted to notify the property owner that the condition exists; the tenant should provide access for the owner to make the repair.  HPD may attempt to contact the tenant by phone to verify the correction of the condition or an HPD Inspector may attempt to conduct an inspection.,2025-11-09T00:00:00.000,,,,,,,nyc_opendata_311,2025-11-12 02:39:01.699840
66780032,2025-11-09T22:09:26.000,HPD,Department of Housing Preservation and Development,UNSANITARY CONDITION,MOLD,RESIDENTIAL BUILDING,11432,86-68 MIDLAND PARKWAY,MIDLAND PARKWAY,,,,,ADDRESS,JAMAICA,,Open,08 QUEENS,4099380059,QUEENS,1044382,199738,PHONE,Unspecified,QUEENS,40.71470706143178,-73.78308875482722,"{'latitude': '40.71470706143178', 'longitude': '-73.78308875482722', 'human_address': '{""address"": """", ""city"": """", ""state"": """", ""zip"": """"}'}",,,The following complaint conditions are still open. HPD has already attempted to notify the property owner that the condition exists; the tenant should provide access for the owner to make the repair.  HPD may attempt to contact the tenant by phone to verify the correction of the condition or an HPD Inspector may attempt to conduct an inspection.,2025-11-09T00:00:00.000,,,,,,,nyc_opendata_311,2025-11-12 02:39:01.699840
66775542,2025-11-09T22:09:21.000,NYPD,New York City Police Department,Illegal Parking,Blocked Hydrant,Street/Sidewalk,11209,313 99 STREET,99 STREET,3 AVENUE,4 AVENUE,3 AVENUE,4 AVENUE,ADDRESS,BROOKLYN,99 STREET,Closed,10 BROOKLYN,3061300053,BROOKLYN,974666,163006,MOBILE,Unspecified,BROOKLYN,40.61408504327833,-74.03451975145853,"{'latitude': '40.61408504327833', 'longitude': '-74.03451975145853', 'human_address': '{""address"": """", ""city"": """", ""state"": """", ""zip"": """"}'}",,2025-11-09T23:12:05.000,The Police Department responded and upon arrival those responsible for the condition were gone.,2025-11-09T23:12:09.000,,,,,,,nyc_opendata_311,2025-11-12 02:39:01.699840
66778784,2025-11-09T22:08:59.000,NYPD,New York City Police Department,Noise - Residential,Loud Music/Party,Residential Building/House,10453,101 WEST TREMONT AVENUE,WEST TREMONT AVENUE,WEST  177 STREET,GRAND AVENUE,WEST  177 STREET,GRAND AVENUE,ADDRESS,BRONX,WEST TREMONT AVENUE,Closed,05 BRONX,2028690047,BRONX,1008428,249072,MOBILE,Unspecified,BRONX,40.85028700156126,-73.91260617745276,"{'latitude': '40.85028700156126', 'longitude': '-73.91260617745276', 'human_address': '{""address"": """", ""city"": """", ""state"": """", ""zip"": """"}'}",,2025-11-10T01:13:07.000,The Police Department responded to the complaint and with the information available observed no evidence of the violation at that time.,2025-11-10T01:13:14.000,,,,,,,nyc_opendata_311,2025-11-12 02:39:01.699840
66773769,2025-11-09T22:08:57.000,NYPD,New York City Police Department,Blocked Driveway,No Access,Street/Sidewalk,11235,326 NEPTUNE AVENUE,NEPTUNE AVENUE,BRIGHTON    4 STREET,ATHLONE COURT,BRIGHTON    4 STREET,ATHLONE COURT,ADDRESS,BROOKLYN,NEPTUNE AVENUE,Closed,13 BROOKLYN,3086630250,BROOKLYN,993983,150911,MOBILE,Unspecified,BROOKLYN,40.58088655157347,-73.96496100444915,"{'latitude': '40.58088655157347', 'longitude': '-73.96496100444915', 'human_address': '{""address"": """", ""city"": """", ""state"": """", ""zip"": """"}'}",,2025-11-09T22:44:26.000,The Police Department issued a summons in response to the complaint.,2025-11-09T22:44:28.000,,,,,,,nyc_opendata_311,2025-11-12 02:39:01.699840
66773675,2025-11-09T22:08:50.000,NYPD,New York City Police Department,Illegal Parking,Commercial Overnight Parking,Street/Sidewalk,11201,38 WASHINGTON STREET,WASHINGTON STREET,PLYMOUTH STREET,WATER STREET,PLYMOUTH STREET,WATER STREET,ADDRESS,BROOKLYN,WASHINGTON STREET,Closed,02 BROOKLYN,3000270040,BROOKLYN,987137,195508,ONLINE,Unspecified,BROOKLYN,40.703300591443224,-73.98958765752316,"{'latitude': '40.703300591443224', 'longitude': '-73.98958765752316', 'human_address': '{""address"": """", ""city"": """", ""state"": """", ""zip"": """"}'}",,2025-11-09T22:54:28.000,The Police Department responded to the complaint and determined that police action was not necessary.,2025-11-09T22:54:32.000,,,,,,,nyc_opendata_311,2025-11-12 02:39:01.699840
66775258,2025-11-09T22:08:37.000,NYPD,New York City Police Department,Noise - Residential,Banging/Pounding,Residential Building/House,10457,1899 CROTONA AVENUE,CROTONA AVENUE,EAST  176 STREET,FAIRMOUNT PLACE,EAST  176 STREET,FAIRMOUNT PLACE,ADDRESS,BRONX,CROTONA AVENUE,In Progress,06 BRONX,2029460035,BRONX,1014100,246886,ONLINE,Unspecified,BRONX,40.844269726419135,-73.89211391107163,"{'latitude': '40.844269726419135', 'longitude': '-73.89211391107163', 'human_address': '{""address"": """", ""city"": """", ""state"": """", ""zip"": """"}'}",,,,,,,,,,,nyc_opendata_311,2025-11-12 02:39:01.699840
66776773,2025-11-09T22:08:17.000,NYPD,New York City Police Department,Noise - Residential,Banging/Pounding,Residential Building/House,10457,4215 PARK AVENUE,PARK AVENUE,EAST TREMONT AVENUE,EAST  178 STREET,EAST TREMONT AVENUE,EAST  178 STREET,ADDRESS,BRONX,PARK AVENUE,Closed,06 BRONX,2030277501,BRONX,1012131,248193,MOBILE,Unspecified,BRONX,40.847863491304004,-73.89922497624548,"{'latitude': '40.847863491304004', 'longitude': '-73.89922497624548', 'human_address': '{""address"": """", ""city"": """", ""state"": """", ""zip"": """"}'}",,2025-11-10T00:05:13.000,The Police Department responded to the complaint and with the information available observed no evidence of the violation at that time.,2025-11-10T00:05:16.000,,,,,,,nyc_opendata_311,2025-11-12 02:39:01.699840
66773319,2025-11-09T22:08:01.000,NYPD,New York City Police Department,Illegal Parking,Commercial Overnight Parking,Street/Sidewalk,11419,114-01 95 AVENUE,95 AVENUE,114 STREET,115 STREET,114 STREET,115 STREET,ADDRESS,SOUTH RICHMOND HILL,95 AVENUE,In Progress,09 QUEENS,4094000037,QUEENS,1031060,191171,MOBILE,Unspecified,QUEENS,40.69127321655545,-73.8312039722042,"{'latitude': '40.69127321655545', 'longitude': '-73.8312039722042', 'human_address': '{""address"": """", ""city"": """", ""state"": """", ""zip"": """"}'}",,,,,,,,,,,nyc_opendata_311,2025-11-12 02:39:01.699840
66772558,2025-11-09T22:08:00.000,DEP,Department of Environmental Protection,Water Conservation,"Wasting Faucets,Sinks,Flushometer,Urinal,Etc. - Private Residence (CWR)",,10038,15 ST JAMES PLACE,ST JAMES PLACE,PEARL ST,MADISON ST,,,ADDRESS,NEW YORK,,Open,03 MANHATTAN,1001110100,MANHATTAN,984277,198521,ONLINE,Unspecified,MANHATTAN,40.71157103533941,-73.9999026088922,"{'latitude': '40.71157103533941', 'longitude': '-73.9999026088922', 'human_address': '{""address"": """", ""city"": """", ""state"": """", ""zip"": """"}'}",,,,,,,,,,,nyc_opendata_311,2025-11-12 02:39:01.699840
66772567,2025-11-09T22:07:56.000,DSNY,Department of Sanitation,Graffiti,Graffiti,Mixed Use,11233,217 RALPH AVENUE,RALPH AVENUE,,,,,ADDRESS,BROOKLYN,,Open,03 BROOKLYN,3015040003,BROOKLYN,1005723,187838,UNKNOWN,Unspecified,BROOKLYN,40.682222639739905,-73.9225792905647,"{'latitude': '40.682222639739905', 'longitude': '-73.9225792905647', 'human_address': '{""address"": """", ""city"": """", ""state"": """", ""zip"": """"}'}",,,The graffiti has been reported. The property owner will be notified that the City will remove the graffiti after 35 days unless the property owner requests to keep the graffiti or remove it himself or herself.,2025-11-09T22:07:56.000,,,,N/A,,,nyc_opendata_311,2025-11-12 02:39:01.699840
66778593,2025-11-09T22:07:53.000,NYPD,New York City Police Department,Noise - Vehicle,Engine Idling,Street/Sidewalk,10027,LENOX AVENUE,LENOX AVENUE,LENOX AVENUE,WEST  125 STREET,LENOX AVENUE,WEST  125 STREET,INTERSECTION,,,Closed,10 MANHATTAN,,MANHATTAN,999342,233575,ONLINE,Unspecified,MANHATTAN,40.807772384239165,-73.94548329252599,"{'latitude': '40.807772384239165', 'longitude': '-73.94548329252599', 'human_address': '{""address"": """", ""city"": """", ""state"": """", ""zip"": """"}'}",Truck,2025-11-09T22:34:36.000,The Police Department responded to the complaint and took action to fix the condition.,2025-11-09T22:34:39.000,,,,,,,nyc_opendata_311,2025-11-12 02:39:01.699840
66774293,2025-11-09T22:07:50.000,NYPD,New York City Police Department,Noise - Residential,Banging/Pounding,Residential Building/House,10024,176 WEST   81 STREET,WEST   81 STREET,COLUMBUS AVENUE,AMSTERDAM AVENUE,COLUMBUS AVENUE,AMSTERDAM AVENUE,ADDRESS,NEW YORK,WEST   81 STREET,In Progress,07 MANHATTAN,1012110061,MANHATTAN,990757,224940,ONLINE,Unspecified,MANHATTAN,40.784082146699284,-73.97650318183359,"{'latitude': '40.784082146699284', 'longitude': '-73.97650318183359', 'human_address': '{""address"": """", ""city"": """", ""state"": """", ""zip"": """"}'}",,,,,,,,,,,nyc_opendata_311,2025-11-12 02:39:01.699840
66772645,2025-11-09T22:07:41.000,NYPD,New York City Police Department,Illegal Parking,Commercial Overnight Parking,Street/Sidewalk,11201,110 CADMAN PLAZA EAST,CADMAN PLAZA EAST,BROOKLYN BRIDGE EN RAMP SANDS ST,RED CROSS PLACE,BROOKLYN BRIDGE EN RAMP SANDS ST,RED CROSS PLACE,ADDRESS,BROOKLYN,CADMAN PLAZA EAST,Closed,02 BROOKLYN,,BROOKLYN,987087,194404,ONLINE,Unspecified,BROOKLYN,40.700270386304894,-73.98976845412388,"{'latitude': '40.700270386304894', 'longitude': '-73.98976845412388', 'human_address': '{""address"": """", ""city"": """", ""state"": """", ""zip"": """"}'}",,2025-11-09T22:52:47.000,The Police Department responded to the complaint and determined that police action was not necessary.,2025-11-09T22:52:52.000,,,,,,,nyc_opendata_311,2025-11-12 02:39:01.699840
66778173,2025-11-09T22:07:30.000,NYPD,New York City Police Department,Noise - Residential,Loud Music/Party,Residential Building/House,10032,1005 ST NICHOLAS AVENUE,ST NICHOLAS AVENUE,SYLVAN TERRACE,WEST  161 STREET,SYLVAN TERRACE,WEST  161 STREET,ADDRESS,NEW YORK,ST NICHOLAS AVENUE,In Progress,12 MANHATTAN,1021090046,MANHATTAN,1000895,243481,ONLINE,Unspecified,MANHATTAN,40.834958759320145,-73.93984883340458,"{'latitude': '40.834958759320145', 'longitude': '-73.93984883340458', 'human_address': '{""address"": """", ""city"": """", ""state"": """", ""zip"": """"}'}",,,,,,,,,,,nyc_opendata_311,2025-11-12 02:39:01.699840
66776713,2025-11-09T22:07:20.000,NYPD,New York City Police Department,Noise - Commercial,Loud Music/Party,Club/Bar/Restaurant,10018,515 9 AVENUE,9 AVENUE,WEST   38 STREET,WEST   39 STREET,WEST   38 STREET,WEST   39 STREET,ADDRESS,NEW YORK,9 AVENUE,Closed,04 MANHATTAN,1007367501,MANHATTAN,985849,214800,ONLINE,Unspecified,MANHATTAN,40.75625273852866,-73.99422841327464,"{'latitude': '40.75625273852866', 'longitude': '-73.99422841327464', 'human_address': '{""address"": """", ""city"": """", ""state"": """", ""zip"": """"}'}",,2025-11-09T22:31:42.000,The Police Department responded to the complaint and took action to fix the condition.,2025-11-09T22:31:46.000,,,,,,,nyc_opendata_311,2025-11-12 02:39:01.699840
66780336,2025-11-09T22:07:16.000,DSNY,Department of Sanitation,Illegal Dumping,Chronic Dumping,Street,11238,66 DOWNING STREET,DOWNING STREET,GATES AVENUE,PUTNAM AVENUE,GATES AVENUE,PUTNAM AVENUE,ADDRESS,BROOKLYN,DOWNING STREET,In Progress,02 BROOKLYN,3019820059,BROOKLYN,995083,188426,MOBILE,Unspecified,BROOKLYN,40.68385598231103,-73.96094076250176,"{'latitude': '40.68385598231103', 'longitude': '-73.96094076250176', 'human_address': '{""address"": """", ""city"": """", ""state"": """", ""zip"": """"}'}",,,,,,,,,,,nyc_opendata_311,2025-11-12 02:39:01.699840
66772692,2025-11-09T22:07:16.000,NYPD,New York City Police Department,Illegal Parking,Posted Parking Sign Violation,Street/Sidewalk,11201,8 OLD FULTON STREET,OLD FULTON STREET,FURMAN STREET,WATER STREET,FURMAN STREET,WATER STREET,ADDRESS,BROOKLYN,CADMAN PLAZA WEST,Closed,02 BROOKLYN,3002000005,BROOKLYN,985729,195387,MOBILE,Unspecified,BROOKLYN,40.70296882220659,-73.994665819932,"{'latitude': '40.70296882220659', 'longitude': '-73.994665819932', 'human_address': '{""address"": """", ""city"": """", ""state"": """", ""zip"": """"}'}",,2025-11-09T22:55:13.000,The Police Department responded and upon arrival those responsible for the condition were gone.,2025-11-09T22:55:18.000,,,,,,,nyc_opendata_311,2025-11-12 02:39:01.699840
66779453,2025-11-09T22:07:02.000,NYPD,New York City Police Department,Illegal Parking,Blocked Hydrant,Street/Sidewalk,10465,2879 PHILIP AVENUE,PHILIP AVENUE,REVERE AVENUE,EAST TREMONT AVENUE,REVERE AVENUE,EAST TREMONT AVENUE,ADDRESS,BRONX,PHILIP AVENUE,Closed,10 BRONX,2055430048,BRONX,1032860,240806,ONLINE,Unspecified,BRONX,40.82749857377744,-73.82435433394566,"{'latitude': '40.82749857377744', 'longitude': '-73.82435433394566', 'human_address': '{""address"": """", ""city"": """", ""state"": """", ""zip"": """"}'}",,2025-11-10T00:05:13.000,The Police Department reviewed your complaint and provided additional information below.,2025-11-10T00:05:17.000,,,,,,,nyc_opendata_311,2025-11-12 02:39:01.699840
66778044,2025-11-09T22:06:41.000,HPD,Department of Housing Preservation and Development,WATER LEAK,HEAVY FLOW,RESIDENTIAL BUILDING,10030,2400 ADAM C POWELL BOULEVARD,ADAM C POWELL BOULEVARD,,,,,ADDRESS,NEW YORK,,Open,10 MANHATTAN,1020260029,MANHATTAN,1000482,237497,PHONE,Unspecified,MANHATTAN,40.81853515725049,-73.94135579635707,"{'latitude': '40.81853515725049', 'longitude': '-73.94135579635707', 'human_address': '{""address"": """", ""city"": """", ""state"": """", ""zip"": """"}'}",,,The following complaint conditions are still open. HPD has already attempted to notify the property owner that the condition exists; the tenant should provide access for the owner to make the repair.  HPD may attempt to contact the tenant by phone to verify the correction of the condition or an HPD Inspector may attempt to conduct an inspection.,2025-11-09T00:00:00.000,,,,,,,nyc_opendata_311,2025-11-12 02:39:01.699840
66777968,2025-11-09T22:06:27.000,HPD,Department of Housing Preservation and Development,HEAT/HOT WATER,ENTIRE BUILDING,RESIDENTIAL BUILDING,10451,517 COURTLANDT AVENUE,COURTLANDT AVENUE,,,,,ADDRESS,BRONX,,Open,01 BRONX,2023290070,BRONX,1006407,236463,ONLINE,Unspecified,BRONX,40.81568424424345,-73.91995292995608,"{'latitude': '40.81568424424345', 'longitude': '-73.91995292995608', 'human_address': '{""address"": """", ""city"": """", ""state"": """", ""zip"": """"}'}",,,"This complaint is a duplicate of a building-wide condition already reported by another tenant.  The original complaint is still open, and HPD may only need to confirm that the condition exists by inspecting one apartment.  If we cannot contact the tenant from the original complaint or get access to that apartment, HPD may attempt to contact the person who filed this complaint to verify the correction of the condition or may conduct an inspection of your unit. You can check HPDONLINE to see if a",2025-11-09T00:00:00.000,,,,,,,nyc_opendata_311,2025-11-12 02:39:01.699840
66775815,2025-11-09T22:06:27.000,NYPD,New York City Police Department,Noise - Residential,Banging/Pounding,Residential Building/House,10033,454 FORT WASHINGTON AVENUE,FORT WASHINGTON AVENUE,WEST  180 STREET,WEST  181 STREET,WEST  180 STREET,WEST  181 STREET,ADDRESS,NEW YORK,FORT WASHINGTON AVENUE,Closed,12 MANHATTAN,1021760104,MANHATTAN,1001278,249130,ONLINE,Unspecified,MANHATTAN,40.85046287842002,-73.93845041687624,"{'latitude': '40.85046287842002', 'longitude': '-73.93845041687624', 'human_address': '{""address"": """", ""city"": """", ""state"": """", ""zip"": """"}'}",,2025-11-10T00:36:31.000,The Police Department responded to the complaint but officers were unable to gain entry into the premises.,2025-11-10T00:36:37.000,,,,,,,nyc_opendata_311,2025-11-12 02:39:01.699840
66775038,2025-11-09T22:06:14.000,HPD,Department of Housing Preservation and Development,HEAT/HOT WATER,APARTMENT ONLY,RESIDENTIAL BUILDING,10027,1430 AMSTERDAM AVENUE,AMSTERDAM AVENUE,,,,,ADDRESS,NEW YORK,,Open,09 MANHATTAN,1019840001,MANHATTAN,996962,236718,ONLINE,Unspecified,MANHATTAN,40.81640278803893,-73.9540745928603,"{'latitude': '40.81640278803893', 'longitude': '-73.9540745928603', 'human_address': '{""address"": """", ""city"": """", ""state"": """", ""zip"": """"}'}",,,The following complaint conditions are still open. HPD has already attempted to notify the property owner that the condition exists; the tenant should provide access for the owner to make the repair.  HPD may attempt to contact the tenant by phone to verify the correction of the condition or an HPD Inspector may attempt to conduct an inspection.,2025-11-09T00:00:00.000,,,,,,,nyc_opendata_311,2025-11-12 02:39:01.699840
66777938,2025-11-09T22:06:12.000,HPD,Department of Housing Preservation and Development,HEAT/HOT WATER,ENTIRE BUILDING,RESIDENTIAL BUILDING,10029,421 EAST  116 STREET,EAST  116 STREET,,,,,ADDRESS,NEW YORK,,Open,11 MANHATTAN,1017100012,MANHATTAN,1002407,229141,PHONE,Unspecified,MANHATTAN,40.79559650438022,-73.93442361247425,"{'latitude': '40.79559650438022', 'longitude': '-73.93442361247425', 'human_address': '{""address"": """", ""city"": """", ""state"": """", ""zip"": """"}'}",,,The following complaint conditions are still open. HPD has already attempted to notify the property owner that the condition exists; the tenant should provide access for the owner to make the repair.  HPD may attempt to contact the tenant by phone to verify the correction of the condition or an HPD Inspector may attempt to conduct an inspection.,2025-11-09T00:00:00.000,,,,,,,nyc_opendata_311,2025-11-12 02:39:01.699840
66773389,2025-11-09T22:06:00.000,DSNY,Department of Sanitation,Derelict Vehicles,Derelict Vehicles,Street,11208,289 LINWOOD STREET,LINWOOD STREET,FOLSOM PLACE,ATLANTIC AVENUE,,,ADDRESS,BROOKLYN,,Closed,05 BROOKLYN,3039560001,BROOKLYN,1016584,186616,PHONE,Unspecified,BROOKLYN,40.67883551905379,-73.88342595404609,"{'latitude': '40.67883551905379', 'longitude': '-73.88342595404609', 'human_address': '{""address"": """", ""city"": """", ""state"": """", ""zip"": """"}'}",,2025-11-10T00:46:00.000,DSNY already has a request to investigate this reportedly abandoned vehicle and cannot open multiple service requests for the same vehicle at once. Your request is being closed while we action the prior report.,2025-11-10T12:00:00.000,,,,DSNY Garage,,,nyc_opendata_311,2025-11-12 02:39:01.699840
66778144,2025-11-09T22:05:55.000,NYPD,New York City Police Department,Illegal Parking,Commercial Overnight Parking,Street/Sidewalk,11420,117-08 ROCKAWAY BOULEVARD,ROCKAWAY BOULEVARD,115 AVENUE,118 STREET,115 AVENUE,118 STREET,ADDRESS,SOUTH OZONE PARK,ROCKAWAY BOULEVARD,In Progress,10 QUEENS,4117100037,QUEENS,1033999,185743,ONLINE,Unspecified,QUEENS,40.676358593351814,-73.8206460951046,"{'latitude': '40.676358593351814', 'longitude': '-73.8206460951046', 'human_address': '{""address"": """", ""city"": """", ""state"": """", ""zip"": """"}'}",,,,,,,,,,,nyc_opendata_311,2025-11-12 02:39:01.699840
66773515,2025-11-09T22:05:50.000,NYPD,New York City Police Department,Illegal Parking,Blocked Crosswalk,Street/Sidewalk,11214,2401 83 STREET,83 STREET,24 AVENUE,STILLWELL AVENUE,24 AVENUE,STILLWELL AVENUE,ADDRESS,BROOKLYN,83 STREET,In Progress,11 BROOKLYN,3068520001,BROOKLYN,987765,158174,ONLINE,Unspecified,BROOKLYN,40.60082667838968,-73.98734215054274,"{'latitude': '40.60082667838968', 'longitude': '-73.98734215054274', 'human_address': '{""address"": """", ""city"": """", ""state"": """", ""zip"": """"}'}",,,,,,,,,,,nyc_opendata_311,2025-11-12 02:39:01.699840
66774260,2025-11-09T22:05:48.000,NYPD,New York City Police Department,Illegal Parking,Blocked Hydrant,Street/Sidewalk,11104,39-22 47 STREET,47 STREET,39 AVENUE,SKILLMAN AVENUE,39 AVENUE,SKILLMAN AVENUE,ADDRESS,SUNNYSIDE,47 STREET,In Progress,02 QUEENS,4001490045,QUEENS,1007347,212068,ONLINE,Unspecified,QUEENS,40.74872407101141,-73.91664084212012,"{'latitude': '40.74872407101141', 'longitude': '-73.91664084212012', 'human_address': '{""address"": """", ""city"": """", ""state"": """", ""zip"": """"}'}",,,,,,,,,,,nyc_opendata_311,2025-11-12 02:39:01.699840
66774589,2025-11-09T22:05:34.000,NYPD,New York City Police Department,Illegal Parking,Blocked Hydrant,Street/Sidewalk,11235,3046 BRIGHTON FIFTH STREET,BRIGHTON FIFTH STREET,OCEAN VIEW AVENUE,BRIGHTON BEACH AVENUE,OCEAN VIEW AVENUE,BRIGHTON BEACH AVENUE,ADDRESS,BROOKLYN,BRIGHTON    5 STREET,Closed,13 BROOKLYN,3086740020,BROOKLYN,994610,149965,MOBILE,Unspecified,BROOKLYN,40.57828925789239,-73.96270524206771,"{'latitude': '40.57828925789239', 'longitude': '-73.96270524206771', 'human_address': '{""address"": """", ""city"": """", ""state"": """", ""zip"": """"}'}",,2025-11-09T23:13:03.000,The Police Department issued a summons in response to the complaint.,2025-11-09T23:13:08.000,,,,,,,nyc_opendata_311,2025-11-12 02:39:01.699840
66773442,2025-11-09T22:05:14.000,DSNY,Department of Sanitation,Illegal Dumping,Removal Request,Street,11206,146 STOCKTON STREET,STOCKTON STREET,MARCY AVENUE,TOMPKINS AVENUE,MARCY AVENUE,TOMPKINS AVENUE,ADDRESS,BROOKLYN,STOCKTON STREET,In Progress,03 BROOKLYN,3017470028,BROOKLYN,998876,192982,PHONE,Unspecified,BROOKLYN,40.69635569622582,-73.94725491293381,"{'latitude': '40.69635569622582', 'longitude': '-73.94725491293381', 'human_address': '{""address"": """", ""city"": """", ""state"": """", ""zip"": """"}'}",,,,,,,,,,,nyc_opendata_311,2025-11-12 02:39:01.699840
66778133,2025-11-09T22:05:01.000,NYPD,New York City Police Department,Illegal Parking,Blocked Hydrant,Street/Sidewalk,11214,2401 83 STREET,83 STREET,24 AVENUE,STILLWELL AVENUE,24 AVENUE,STILLWELL AVENUE,ADDRESS,BROOKLYN,83 STREET,In Progress,11 BROOKLYN,3068520001,BROOKLYN,987765,158174,ONLINE,Unspecified,BROOKLYN,40.60082667838968,-73.98734215054274,"{'latitude': '40.60082667838968', 'longitude': '-73.98734215054274', 'human_address': '{""address"": """", ""city"": """", ""state"": """", ""zip"": """"}'}",,,,,,,,,,,nyc_opendata_311,2025-11-12 02:39:01.699840
66773518,2025-11-09T22:04:35.000,DOHMH,Department of Health and Mental Hygiene,Food Establishment,Food Contaminated,Restaurant/Bar/Deli/Bakery,10472,1756 EAST  174 STREET,EAST  174 STREET,ROSEDALE AVENUE,COMMONWEALTH AVENUE,ROSEDALE AVENUE,COMMONWEALTH AVENUE,ADDRESS,BRONX,EAST  174 STREET,In Progress,09 BRONX,2038740047,BRONX,1020443,243438,ONLINE,Unspecified,BRONX,40.834782259876064,-73.8692072072702,"{'latitude': '40.834782259876064', 'longitude': '-73.8692072072702', 'human_address': '{""address"": """", ""city"": """", ""state"": """", ""zip"": """"}'}",,,,,,,,,,,nyc_opendata_311,2025-11-12 02:39:01.699840
66778434,2025-11-09T22:04:24.000,NYPD,New York City Police Department,Illegal Parking,Blocked Hydrant,Street/Sidewalk,11208,141 DOSCHER STREET,DOSCHER STREET,BELMONT AVENUE,SUTTER AVENUE,BELMONT AVENUE,SUTTER AVENUE,ADDRESS,BROOKLYN,DOSCHER STREET,Closed,05 BROOKLYN,3042490065,BROOKLYN,1019700,184658,ONLINE,Unspecified,BROOKLYN,40.67344932596909,-73.87220212674777,"{'latitude': '40.67344932596909', 'longitude': '-73.87220212674777', 'human_address': '{""address"": """", ""city"": """", ""state"": """", ""zip"": """"}'}",,2025-11-09T22:21:23.000,The Police Department issued a summons in response to the complaint.,2025-11-09T22:21:27.000,,,,,,,nyc_opendata_311,2025-11-12 02:39:01.699840
66775613,2025-11-09T22:04:19.000,NYPD,New York City Police Department,Illegal Parking,Commercial Overnight Parking,Street/Sidewalk,11232,171 27 STREET,27 STREET,3 AVENUE,4 AVENUE,3 AVENUE,4 AVENUE,ADDRESS,BROOKLYN,27 STREET,Closed,07 BROOKLYN,3006570058,BROOKLYN,984234,179692,ONLINE,Unspecified,BROOKLYN,40.65988973889984,-74.00005766853631,"{'latitude': '40.65988973889984', 'longitude': '-74.00005766853631', 'human_address': '{""address"": """", ""city"": """", ""state"": """", ""zip"": """"}'}",,2025-11-09T22:09:54.000,The Police Department responded to the complaint and determined that police action was not necessary.,2025-11-09T22:09:56.000,,,,,,,nyc_opendata_311,2025-11-12 02:39:01.699840
66772990,2025-11-09T22:04:13.000,NYPD,New York City Police Department,Noise - Street/Sidewalk,Loud Music/Party,Street/Sidewalk,11368,34-61 110 STREET,110 STREET,34 AVENUE,37 AVENUE,34 AVENUE,37 AVENUE,ADDRESS,CORONA,110 STREET,Closed,03 QUEENS,4017540080,QUEENS,1023579,214405,MOBILE,Unspecified,QUEENS,40.75508124112645,-73.85804450190278,"{'latitude': '40.75508124112645', 'longitude': '-73.85804450190278', 'human_address': '{""address"": """", ""city"": """", ""state"": """", ""zip"": """"}'}",,2025-11-09T22:14:55.000,The Police Department responded to the complaint and took action to fix the condition.,2025-11-09T22:14:58.000,,,,,,,nyc_opendata_311,2025-11-12 02:39:01.699840
66775177,2025-11-09T22:04:10.000,NYPD,New York City Police Department,Blocked Driveway,No Access,Street/Sidewalk,11421,88-59 75 STREET,75 STREET,88 ROAD,90 AVENUE,88 ROAD,90 AVENUE,ADDRESS,WOODHAVEN,75 STREET,In Progress,09 QUEENS,4089000041,QUEENS,1021463,190128,ONLINE,Unspecified,QUEENS,40.6884559806542,-73.86581628371971,"{'latitude': '40.6884559806542', 'longitude': '-73.86581628371971', 'human_address': '{""address"": """", ""city"": """", ""state"": """", ""zip"": """"}'}",,,,,,,,,,,nyc_opendata_311,2025-11-12 02:39:01.699840
66773119,2025-11-09T22:03:33.000,HPD,Department of Housing Preservation and Development,HEAT/HOT WATER,ENTIRE BUILDING,RESIDENTIAL BUILDING,11218,780 EAST    2 STREET,EAST    2 STREET,,,,,ADDRESS,BROOKLYN,,Open,14 BROOKLYN,3054080031,BROOKLYN,990852,169563,MOBILE,Unspecified,BROOKLYN,40.6320853604724,-73.97621443386785,"{'latitude': '40.6320853604724', 'longitude': '-73.97621443386785', 'human_address': '{""address"": """", ""city"": """", ""state"": """", ""zip"": """"}'}",,,The following complaint conditions are still open. HPD has already attempted to notify the property owner that the condition exists; the tenant should provide access for the owner to make the repair.  HPD may attempt to contact the tenant by phone to verify the correction of the condition or an HPD Inspector may attempt to conduct an inspection.,2025-11-09T00:00:00.000,,,,,,,nyc_opendata_311,2025-11-12 02:39:01.699840
66774299,2025-11-09T22:03:30.000,NYPD,New York City Police Department,Noise - Residential,Loud Music/Party,Residential Building/House,11421,91-47 88 ROAD,88 ROAD,DEAD END,WOODHAVEN BOULEVARD,DEAD END,WOODHAVEN BOULEVARD,ADDRESS,WOODHAVEN,88 ROAD,In Progress,09 QUEENS,4089300098,QUEENS,1025287,191295,ONLINE,Unspecified,QUEENS,40.69164221830489,-73.85202050981518,"{'latitude': '40.69164221830489', 'longitude': '-73.85202050981518', 'human_address': '{""address"": """", ""city"": """", ""state"": """", ""zip"": """"}'}",,,,,,,,,,,nyc_opendata_311,2025-11-12 02:39:01.699840
66775232,2025-11-09T22:03:23.000,NYPD,New York City Police Department,Illegal Parking,Blocked Hydrant,Street/Sidewalk,11104,39-22 48 STREET,48 STREET,39 AVENUE,SKILLMAN AVENUE,39 AVENUE,SKILLMAN AVENUE,ADDRESS,SUNNYSIDE,48 STREET,In Progress,02 QUEENS,4001480052,QUEENS,1007592,211962,ONLINE,Unspecified,QUEENS,40.74843248451009,-73.91575698346182,"{'latitude': '40.74843248451009', 'longitude': '-73.91575698346182', 'human_address': '{""address"": """", ""city"": """", ""state"": """", ""zip"": """"}'}",,,,,,,,,,,nyc_opendata_311,2025-11-12 02:39:01.699840
66775141,2025-11-09T22:03:20.000,HPD,Department of Housing Preservation and Development,WATER LEAK,SLOW LEAK,RESIDENTIAL BUILDING,11214,8020 BAY PARKWAY,BAY PARKWAY,,,,,ADDRESS,BROOKLYN,,Open,11 BROOKLYN,3062880037,BROOKLYN,986896,159756,ONLINE,Unspecified,BROOKLYN,40.605169248592226,-73.99047088246937,"{'latitude': '40.605169248592226', 'longitude': '-73.99047088246937', 'human_address': '{""address"": """", ""city"": """", ""state"": """", ""zip"": """"}'}",,,The following complaint conditions are still open. HPD has already attempted to notify the property owner that the condition exists; the tenant should provide access for the owner to make the repair.  HPD may attempt to contact the tenant by phone to verify the correction of the condition or an HPD Inspector may attempt to conduct an inspection.,2025-11-09T00:00:00.000,,,,,,,nyc_opendata_311,2025-11-12 02:39:01.699840
66777676,2025-11-09T22:03:16.000,NYPD,New York City Police Department,Noise - Commercial,Loud Music/Party,Store/Commercial,11214,1967 BATH AVENUE,BATH AVENUE,BAY   23 STREET,20 AVENUE,BAY   23 STREET,20 AVENUE,ADDRESS,BROOKLYN,BATH AVENUE,Closed,11 BROOKLYN,3064080048,BROOKLYN,983699,158490,ONLINE,Unspecified,BROOKLYN,40.601694714192064,-74.00198422921838,"{'latitude': '40.601694714192064', 'longitude': '-74.00198422921838', 'human_address': '{""address"": """", ""city"": """", ""state"": """", ""zip"": """"}'}",,2025-11-10T01:37:42.000,The Police Department responded to the complaint and with the information available observed no evidence of the violation at that time.,2025-11-10T01:37:50.000,,,,,,,nyc_opendata_311,2025-11-12 02:39:01.699840
66776928,2025-11-09T22:02:55.000,HPD,Department of Housing Preservation and Development,ELEVATOR,MAINTENANCE,RESIDENTIAL BUILDING,11213,575 HERKIMER STREET,HERKIMER STREET,,,,,ADDRESS,BROOKLYN,,Open,03 BROOKLYN,3017000062,BROOKLYN,1002550,186588,ONLINE,Unspecified,BROOKLYN,40.67879880309846,-73.93402290349258,"{'latitude': '40.67879880309846', 'longitude': '-73.93402290349258', 'human_address': '{""address"": """", ""city"": """", ""state"": """", ""zip"": """"}'}",,,The following complaint conditions are still open. HPD has already attempted to notify the property owner that the condition exists; the tenant should provide access for the owner to make the repair.  HPD may attempt to contact the tenant by phone to verify the correction of the condition or an HPD Inspector may attempt to conduct an inspection.,2025-11-09T00:00:00.000,,,,,,,nyc_opendata_311,2025-11-12 02:39:01.699840
66774268,2025-11-09T22:02:25.000,NYPD,New York City Police Department,Illegal Parking,Blocked Hydrant,Street/Sidewalk,11420,131-20 135 PLACE,135 PLACE,131 AVENUE,133 AVENUE,131 AVENUE,133 AVENUE,ADDRESS,SOUTH OZONE PARK,135 PLACE,In Progress,10 QUEENS,4117800133,QUEENS,1038992,183527,MOBILE,Unspecified,QUEENS,40.67024671827448,-73.80266350657234,"{'latitude': '40.67024671827448', 'longitude': '-73.80266350657234', 'human_address': '{""address"": """", ""city"": """", ""state"": """", ""zip"": """"}'}",,,,,,,,,,,nyc_opendata_311,2025-11-12 02:39:01.699840
66779716,2025-11-09T22:02:11.000,NYPD,New York City Police Department,Noise - Residential,Banging/Pounding,Residential Building/House,11373,41-40 DENMAN STREET,DENMAN STREET,WHITNEY AVENUE,LAMONT AVENUE,WHITNEY AVENUE,LAMONT AVENUE,ADDRESS,ELMHURST,DENMAN STREET,Closed,04 QUEENS,4015660021,QUEENS,1019241,211140,ONLINE,Unspecified,QUEENS,40.74613788130884,-73.87371920014024,"{'latitude': '40.74613788130884', 'longitude': '-73.87371920014024', 'human_address': '{""address"": """", ""city"": """", ""state"": """", ""zip"": """"}'}",,2025-11-10T01:26:18.000,The Police Department responded to the complaint and took action to fix the condition.,2025-11-10T01:26:25.000,,,,,,,nyc_opendata_311,2025-11-12 02:39:01.699840
66778397,2025-11-09T22:02:00.000,DEP,Department of Environmental Protection,Sewer,Catch Basin Sunken/Damaged/Raised (SC1),,10128,,,,,2 AVENUE,EAST 88 STREET,INTERSECTION,MANHATTAN,,Open,08 MANHATTAN,,MANHATTAN,997878,223157,PHONE,Unspecified,MANHATTAN,40.77918017382078,-73.9507928265217,"{'latitude': '40.77918017382078', 'longitude': '-73.9507928265217', 'human_address': '{""address"": """", ""city"": """", ""state"": """", ""zip"": """"}'}",,,,,,,,,,,nyc_opendata_311,2025-11-12 02:39:01.699840
66776730,2025-11-09T22:01:29.000,NYPD,New York City Police Department,Noise - Park,Loud Music/Party,Park/Playground,10027,18 MT MORRIS PARK WEST,MT MORRIS PARK WEST,WEST  121 STREET,WEST  122 STREET,WEST  121 STREET,WEST  122 STREET,ADDRESS,NEW YORK,MOUNT MORRIS PARK WEST,Closed,11 MANHATTAN,1017190001,MANHATTAN,999341,232509,ONLINE,Marcus Garvey Park,MANHATTAN,40.80484651053699,-73.94548930106254,"{'latitude': '40.80484651053699', 'longitude': '-73.94548930106254', 'human_address': '{""address"": """", ""city"": """", ""state"": """", ""zip"": """"}'}",,2025-11-10T01:36:34.000,The Police Department responded to the complaint and with the information available observed no evidence of the violation at that time.,2025-11-10T01:36:40.000,,,,,,,nyc_opendata_311,2025-11-12 02:39:01.699840
66778455,2025-11-09T22:01:23.000,NYPD,New York City Police Department,Illegal Parking,Blocked Hydrant,Street/Sidewalk,11216,352 LEXINGTON AVENUE,LEXINGTON AVENUE,MARCY AVENUE,TOMPKINS AVENUE,MARCY AVENUE,TOMPKINS AVENUE,ADDRESS,BROOKLYN,LEXINGTON AVENUE,Closed,03 BROOKLYN,3018040008,BROOKLYN,998827,189963,MOBILE,Unspecified,BROOKLYN,40.68806932082409,-73.94743815219704,"{'latitude': '40.68806932082409', 'longitude': '-73.94743815219704', 'human_address': '{""address"": """", ""city"": """", ""state"": """", ""zip"": """"}'}",,2025-11-09T22:20:32.000,The Police Department issued a summons in response to the complaint.,2025-11-09T22:20:37.000,,,,,,,nyc_opendata_311,2025-11-12 02:39:01.699840
66773351,2025-11-09T22:01:13.000,NYPD,New York City Police Department,Noise - Street/Sidewalk,Loud Music/Party,Street/Sidewalk,10032,1028 ST NICHOLAS AVENUE,ST NICHOLAS AVENUE,WEST  161 STREET,WEST  162 STREET,WEST  161 STREET,WEST  162 STREET,ADDRESS,NEW YORK,ST NICHOLAS AVENUE,In Progress,12 MANHATTAN,1021090088,MANHATTAN,1000926,243626,ONLINE,Unspecified,MANHATTAN,40.83535668385678,-73.93973644614576,"{'latitude': '40.83535668385678', 'longitude': '-73.93973644614576', 'human_address': '{""address"": """", ""city"": """", ""state"": """", ""zip"": """"}'}",,,,,,,,,,,nyc_opendata_311,2025-11-12 02:39:01.699840
66777327,2025-11-09T22:00:57.000,DSNY,Department of Sanitation,Obstruction,Merchandise,Sidewalk,10026,55 WEST  116 STREET,WEST  116 STREET,5 AVENUE,LENOX AVENUE,5 AVENUE,LENOX AVENUE,ADDRESS,NEW YORK,WEST  116 STREET,In Progress,10 MANHATTAN,1016007501,MANHATTAN,998480,231318,ONLINE,Unspecified,MANHATTAN,40.80157897162388,-73.94860187108074,"{'latitude': '40.80157897162388', 'longitude': '-73.94860187108074', 'human_address': '{""address"": """", ""city"": """", ""state"": """", ""zip"": """"}'}",,,,,,,,,,,nyc_opendata_311,2025-11-12 02:39:01.699840
66777314,2025-11-09T22:00:45.000,DSNY,Department of Sanitation,Obstruction,Cone,Street,11428,90-21 208 STREET,208 STREET,90 AVENUE,93 AVENUE,90 AVENUE,93 AVENUE,ADDRESS,QUEENS VILLAGE,208 STREET,In Progress,13 QUEENS,4105580028,QUEENS,1052071,201170,ONLINE,Unspecified,QUEENS,40.718581942234024,-73.75533830677062,"{'latitude': '40.718581942234024', 'longitude': '-73.75533830677062', 'human_address': '{""address"": """", ""city"": """", ""state"": """", ""zip"": """"}'}",,,,,,,,,,,nyc_opendata_311,2025-11-12 02:39:01.699840
66778202,2025-11-09T22:00:33.000,DOT,Department of Transportation,Street Sign - Dangling,St Name - Over Intersection,Street,11368,34 AVENUE,34 AVENUE,34 AVENUE,114 STREET,34 AVENUE,114 STREET,INTERSECTION,,,In Progress,03 QUEENS,,QUEENS,1024416,215172,PHONE,Unspecified,QUEENS,40.757182695266444,-73.85501882764596,"{'latitude': '40.757182695266444', 'longitude': '-73.85501882764596', 'human_address': '{""address"": """", ""city"": """", ""state"": """", ""zip"": """"}'}",,,,,,,,,,,nyc_opendata_311,2025-11-12 02:39:01.699840
66777196,2025-11-09T22:00:07.000,NYPD,New York City Police Department,Noise - Residential,Loud Music/Party,Residential Building/House,11421,91-47 88 ROAD,88 ROAD,DEAD END,WOODHAVEN BOULEVARD,DEAD END,WOODHAVEN BOULEVARD,ADDRESS,WOODHAVEN,88 ROAD,In Progress,09 QUEENS,4089300098,QUEENS,1025287,191295,ONLINE,Unspecified,QUEENS,40.69164221830489,-73.85202050981518,"{'latitude': '40.69164221830489', 'longitude': '-73.85202050981518', 'human_address': '{""address"": """", ""city"": """", ""state"": """", ""zip"": """"}'}",,,,,,,,,,,nyc_opendata_311,2025-11-12 02:39:01.699840
66775799,2025-11-09T21:59:51.000,NYPD,New York City Police Department,Noise - Park,Loud Music/Party,Park/Playground,10039,319 WEST  145 STREET,WEST  145 STREET,BRADHURST AVENUE,EDGECOMBE AVENUE,BRADHURST AVENUE,EDGECOMBE AVENUE,ADDRESS,NEW YORK,WEST  145 STREET,Closed,10 MANHATTAN,1020520001,MANHATTAN,1000010,239242,ONLINE,Jackie Robinson Park,MANHATTAN,40.82332554323123,-73.94305697510212,"{'latitude': '40.82332554323123', 'longitude': '-73.94305697510212', 'human_address': '{""address"": """", ""city"": """", ""state"": """", ""zip"": """"}'}",,2025-11-09T22:16:48.000,The Police Department responded to the complaint and with the information available observed no evidence of the violation at that time.,2025-11-09T22:16:52.000,,,,,,,nyc_opendata_311,2025-11-12 02:39:01.699840
66774473,2025-11-09T21:59:23.000,NYPD,New York City Police Department,Illegal Parking,Blocked Crosswalk,Street/Sidewalk,11218,EAST    2 STREET,EAST    2 STREET,AVENUE F,EAST    2 STREET,AVENUE F,EAST    2 STREET,INTERSECTION,,,In Progress,12 BROOKLYN,,BROOKLYN,990791,170002,MOBILE,Unspecified,BROOKLYN,40.6332903676771,-73.9764337780509,"{'latitude': '40.6332903676771', 'longitude': '-73.9764337780509', 'human_address': '{""address"": """", ""city"": """", ""state"": """", ""zip"": """"}'}",,,,,,,,,,,nyc_opendata_311,2025-11-12 02:39:01.699840
66777781,2025-11-09T21:59:21.000,NYPD,New York City Police Department,Noise - Residential,Loud Music/Party,Residential Building/House,10467,2214 HOLLAND AVENUE,HOLLAND AVENUE,PELHAM PARKWAY NORTH,ASTOR AVENUE,PELHAM PARKWAY NORTH,ASTOR AVENUE,ADDRESS,BRONX,HOLLAND AVENUE,Closed,11 BRONX,2043450016,BRONX,1021423,252011,MOBILE,Unspecified,BRONX,40.8583085240189,-73.86561820142104,"{'latitude': '40.8583085240189', 'longitude': '-73.86561820142104', 'human_address': '{""address"": """", ""city"": """", ""state"": """", ""zip"": """"}'}",,2025-11-09T22:11:20.000,The Police Department responded to the complaint and took action to fix the condition.,2025-11-09T22:11:23.000,,,,,,,nyc_opendata_311,2025-11-12 02:39:01.699840
66776723,2025-11-09T21:59:18.000,NYPD,New York City Police Department,Noise - Commercial,Loud Music/Party,Store/Commercial,10018,513 9 AVENUE,9 AVENUE,WEST   38 STREET,WEST   39 STREET,WEST   38 STREET,WEST   39 STREET,ADDRESS,NEW YORK,9 AVENUE,Closed,04 MANHATTAN,,MANHATTAN,985836,214778,MOBILE,Unspecified,MANHATTAN,40.756192356475516,-73.99427534193337,"{'latitude': '40.756192356475516', 'longitude': '-73.99427534193337', 'human_address': '{""address"": """", ""city"": """", ""state"": """", ""zip"": """"}'}",,2025-11-09T22:31:29.000,The Police Department responded to the complaint and took action to fix the condition.,2025-11-09T22:31:32.000,,,,,,,nyc_opendata_311,2025-11-12 02:39:01.699840
66775473,2025-11-09T21:59:00.000,DEP,Department of Environmental Protection,Noise,Noise: Construction Before/After Hours (NM1),,10035,EAST  125 STREET,EAST  125 STREET,LEXINGTON AVENUE,3 AVENUE,,,BLOCKFACE,MANHATTAN,,Open,11 MANHATTAN,,MANHATTAN,,,ONLINE,Unspecified,MANHATTAN,,,,,,,,,,,N/A,,,nyc_opendata_311,2025-11-12 02:39:01.699840
66772646,2025-11-09T21:58:46.000,NYPD,New York City Police Department,Illegal Parking,Commercial Overnight Parking,Street/Sidewalk,11201,44 COURT STREET,COURT STREET,,JORALEMON STREET,,JORALEMON STREET,ADDRESS,BROOKLYN,COURT STREET,Closed,02 BROOKLYN,3002550001,BROOKLYN,986756,191606,ONLINE,Unspecified,BROOKLYN,40.69259062658877,-73.9909632355784,"{'latitude': '40.69259062658877', 'longitude': '-73.9909632355784', 'human_address': '{""address"": """", ""city"": """", ""state"": """", ""zip"": """"}'}",,2025-11-09T22:59:08.000,The Police Department responded to the complaint and determined that police action was not necessary.,2025-11-09T22:59:13.000,,,,,,,nyc_opendata_311,2025-11-12 02:39:01.699840
66779715,2025-11-09T21:58:36.000,NYPD,New York City Police Department,Noise - Residential,Banging/Pounding,Residential Building/House,11207,221 VERMONT STREET,VERMONT STREET,LIBERTY AVENUE,GLENMORE AVENUE,LIBERTY AVENUE,GLENMORE AVENUE,ADDRESS,BROOKLYN,VERMONT STREET,Closed,05 BROOKLYN,3037060012,BROOKLYN,1013516,184963,ONLINE,Unspecified,BROOKLYN,40.67430908526801,-73.89449420731164,"{'latitude': '40.67430908526801', 'longitude': '-73.89449420731164', 'human_address': '{""address"": """", ""city"": """", ""state"": """", ""zip"": """"}'}",,2025-11-09T22:03:41.000,The Police Department responded to the complaint and took action to fix the condition.,2025-11-09T22:03:45.000,,,,,,,nyc_opendata_311,2025-11-12 02:39:01.699840
66779843,2025-11-09T21:58:32.000,NYPD,New York City Police Department,Noise - Street/Sidewalk,Loud Music/Party,Street/Sidewalk,11413,182-09 147 AVENUE,147 AVENUE,182 STREET,183 STREET,182 STREET,183 STREET,ADDRESS,SPRINGFIELD GARDENS,147 AVENUE,Closed,13 QUEENS,4133590025,QUEENS,1049493,179771,ONLINE,Unspecified,QUEENS,40.65986620967557,-73.76484553082202,"{'latitude': '40.65986620967557', 'longitude': '-73.76484553082202', 'human_address': '{""address"": """", ""city"": """", ""state"": """", ""zip"": """"}'}",,2025-11-09T22:47:34.000,The Police Department responded to the complaint and took action to fix the condition.,2025-11-09T22:47:38.000,,,,,,,nyc_opendata_311,2025-11-12 02:39:01.699840
66774263,2025-11-09T21:58:21.000,NYPD,New York City Police Department,Illegal Parking,Blocked Hydrant,Street/Sidewalk,11229,2365 EAST   13 STREET,EAST   13 STREET,GRAVESEND NECK ROAD,AVENUE X,GRAVESEND NECK ROAD,AVENUE X,ADDRESS,BROOKLYN,EAST   13 STREET,In Progress,15 BROOKLYN,3073980027,BROOKLYN,996172,155119,MOBILE,Unspecified,BROOKLYN,40.59243399868675,-73.95707313793193,"{'latitude': '40.59243399868675', 'longitude': '-73.95707313793193', 'human_address': '{""address"": """", ""city"": """", ""state"": """", ""zip"": """"}'}",,,,,,,,,,,nyc_opendata_311,2025-11-12 02:39:01.699840
66775228,2025-11-09T21:57:53.000,NYPD,New York City Police Department,Illegal Parking,Blocked Hydrant,Street/Sidewalk,11360,18-04 BELL BOULEVARD,BELL BOULEVARD,18 AVENUE,23 AVENUE,18 AVENUE,23 AVENUE,ADDRESS,BAYSIDE,BELL BOULEVARD,In Progress,07 QUEENS,4058650105,QUEENS,1045953,224755,ONLINE,Unspecified,QUEENS,40.783361380666804,-73.7771922509753,"{'latitude': '40.783361380666804', 'longitude': '-73.7771922509753', 'human_address': '{""address"": """", ""city"": """", ""state"": """", ""zip"": """"}'}",,,,,,,,,,,nyc_opendata_311,2025-11-12 02:39:01.699840
